element,position,player_code,first_name,second_name,fixture_code,total_points,modified,minutes,goals_scored,assists,clean_sheets,goals_conceded,own_goals,penalties_saved,penalties_missed,yellow_cards,red_cards,saves,bonus,bps,influence,creativity,threat,ict_index,clearances_blocks_interceptions,recoveries,tackles,defensive_contribution,starts,expected_goals,expected_assists,expected_goal_involvements,expected_goals_conceded,value,transfers_balance,selected,transfers_in,transfers_out,team_code
1,GKP,154561,David,Raya Martín,2645195,6,False,90,0,0,1,0,0,0,0,0,0,1,0,24,11.8,0.0,0.0,1.2,1,8,0,0,1,0.00,0.00,0.00,0.20,60,0,3347153,0,0,3
1,GKP,154561,David,Raya Martín,2645206,6,False,90,0,0,1,0,0,0,0,0,0,0,0,21,5.6,0.0,0.0,0.6,1,11,0,0,1,0.00,0.00,0.00,0.33,60,24756,3801300,106734,81978,3
1,GKP,154561,David,Raya Martín,2645215,3,False,90,0,0,0,1,0,0,0,0,0,4,0,15,28.8,0.0,0.0,2.9,2,11,0,0,1,0.00,0.01,0.01,0.39,60,-23780,3887669,204948,228728,3
1,GKP,154561,David,Raya Martín,2645233,14,False,90,0,0,1,0,0,1,0,0,0,2,3,38,37.8,0.2,0.0,3.8,2,14,0,0,1,0.00,0.00,0.00,1.80,60,34449,4195206,249119,214670,3
1,GKP,154561,David,Raya Martín,2645237,1,False,90,0,0,0,3,0,0,0,0,0,2,0,6,20.6,0.0,0.0,2.1,0,14,1,0,1,0.00,0.00,0.00,1.31,60,212570,4487209,279598,67028,3
2,GKP,109745,Kepa,Arrizabalaga Revuelta,2645195,0,False,0,0,0,0,0,0,0,0,0,0,0,0,0,0.0,0.0,0.0,0.0,0,0,0,0,0,0.00,0.00,0.00,0.00,50,0,7415,0,0,3
2,GKP,109745,Kepa,Arrizabalaga Revuelta,2645206,0,False,0,0,0,0,0,0,0,0,0,0,0,0,0,0.0,0.0,0.0,0.0,0,0,0,0,0,0.00,0.00,0.00,0.00,50,-1067,7844,322,1389,3
2,GKP,109745,Kepa,Arrizabalaga Revuelta,2645215,0,False,0,0,0,0,0,0,0,0,0,0,0,0,0,0.0,0.0,0.0,0.0,0,0,0,0,0,0.00,0.00,0.00,0.00,50,-615,8025,599,1214,3
2,GKP,109745,Kepa,Arrizabalaga Revuelta,2645233,0,False,0,0,0,0,0,0,0,0,0,0,0,0,0,0.0,0.0,0.0,0.0,0,0,0,0,0,0.00,0.00,0.00,0.00,49,-576,7757,275,851,3
2,GKP,109745,Kepa,Arrizabalaga Revuelta,2645237,0,False,0,0,0,0,0,0,0,0,0,0,0,0,0,0.0,0.0,0.0,0.0,0,0,0,0,0,0.00,0.00,0.00,0.00,49,-378,7555,181,559,3
3,GKP,437495,Illan,Meslier,2645195,0,False,0,0,0,0,0,0,0,0,0,0,0,0,0,0.0,0.0,0.0,0.0,0,0,0,0,0,0.00,0.00,0.00,0.00,50,0,2971,0,0,3
3,GKP,437495,Illan,Meslier,2645206,0,False,0,0,0,0,0,0,0,0,0,0,0,0,0,0.0,0.0,0.0,0.0,0,0,0,0,0,0.00,0.00,0.00,0.00,50,-391,3125,101,492,3
3,GKP,437495,Illan,Meslier,2645215,0,False,0,0,0,0,0,0,0,0,0,0,0,0,0,0.0,0.0,0.0,0.0,0,0,0,0,0,0.00,0.00,0.00,0.00,50,-287,3143,172,459,3
3,GKP,437495,Illan,Meslier,2645233,0,False,0,0,0,0,0,0,0,0,0,0,0,0,0,0.0,0.0,0.0,0.0,0,0,0,0,0,0.00,0.00,0.00,0.00,49,-200,3081,108,308,3
3,GKP,437495,Illan,Meslier,2645237,0,False,0,0,0,0,0,0,0,0,0,0,0,0,0,0.0,0.0,0.0,0.0,0,0,0,0,0,0.00,0.00,0.00,0.00,49,-115,3038,86,201,3
4,DEF,226597,Gabriel,dos Santos Magalhães,2645195,5,False,90,0,0,1,0,0,0,0,1,0,0,0,21,6.6,1.8,1.0,0.9,4,2,0,4,1,0.05,0.01,0.06,0.20,80,0,2647984,0,0,3
4,DEF,226597,Gabriel,dos Santos Magalhães,2645206,8,False,90,0,0,1,0,0,0,0,0,0,0,0,23,18.2,3.2,6.0,2.7,8,5,2,10,1,0.13,0.02,0.15,0.33,80,-65343,2878770,58765,124108,3
4,DEF,226597,Gabriel,dos Santos Magalhães,2645215,2,False,90,0,0,0,1,0,0,0,0,0,0,0,10,23.6,2.4,76.0,10.2,7,4,0,7,1,0.31,0.02,0.33,0.39,80,-298759,2590027,46883,345642,3
4,DEF,226597,Gabriel,dos Santos Magalhães,2645233,9,False,90,0,0,1,0,0,0,0,1,0,0,2,30,20.6,1.5,1.0,2.3,10,2,1,11,1,0.02,0.01,0.03,1.80,80,-197767,2549738,56562,254329,3
4,DEF,226597,Gabriel,dos Santos Magalhães,2645237,1,False,90,0,0,0,3,0,0,0,0,0,0,0,6,25.8,13.1,0.0,3.9,6,4,3,9,1,0.00,0.14,0.14,1.31,80,-70779,2494884,48033,118812,3
5,DEF,445122,Jurriën,Timber,2645195,0,False,0,0,0,0,0,0,0,0,0,0,0,0,0,0.0,0.0,0.0,0.0,0,0,0,0,0,0.00,0.00,0.00,0.00,65,0,11200,0,0,3
5,DEF,445122,Jurriën,Timber,2645206,0,False,0,0,0,0,0,0,0,0,0,0,0,0,0,0.0,0.0,0.0,0.0,0,0,0,0,0,0.00,0.00,0.00,0.00,65,-2703,9810,401,3104,3
5,DEF,445122,Jurriën,Timber,2645215,0,False,0,0,0,0,0,0,0,0,0,0,0,0,0,0.0,0.0,0.0,0.0,0,0,0,0,0,0.00,0.00,0.00,0.00,65,-1892,8594,549,2441,3
5,DEF,445122,Jurriën,Timber,2645233,1,False,45,0,0,0,0,0,0,0,0,0,0,0,3,6.0,1.9,0.0,0.8,2,5,1,3,0,0.00,0.01,0.01,1.57,65,-772,8281,618,1390,3
5,DEF,445122,Jurriën,Timber,2645237,0,False,59,0,0,0,3,0,0,0,0,0,0,0,-6,4.2,2.3,0.0,0.7,0,2,2,2,1,0.00,0.02,0.02,0.61,65,16270,32012,20088,3818,3
6,DEF,462424,William,Saliba,2645195,0,False,0,0,0,0,0,0,0,0,0,0,0,0,0,0.0,0.0,0.0,0.0,0,0,0,0,0,0.00,0.00,0.00,0.00,60,0,26559,0,0,3
6,DEF,462424,William,Saliba,2645206,0,False,0,0,0,0,0,0,0,0,0,0,0,0,0,0.0,0.0,0.0,0.0,0,0,0,0,0,0.00,0.00,0.00,0.00,60,-5970,25581,846,6816,3
6,DEF,462424,William,Saliba,2645215,0,False,0,0,0,0,0,0,0,0,0,0,0,0,0,0.0,0.0,0.0,0.0,0,0,0,0,0,0.00,0.00,0.00,0.00,60,-4380,23846,1102,5482,3
6,DEF,462424,William,Saliba,2645233,0,False,0,0,0,0,0,0,0,0,0,0,0,0,0,0.0,0.0,0.0,0.0,0,0,0,0,0,0.00,0.00,0.00,0.00,59,-2516,22768,735,3251,3
6,DEF,462424,William,Saliba,2645237,0,False,0,0,0,0,0,0,0,0,0,0,0,0,0,0.0,0.0,0.0,0.0,0,0,0,0,0,0.00,0.00,0.00,0.00,59,-1605,21924,399,2004,3
7,MID,499169,Myles,Lewis-Skelly,2645195,3,False,90,0,0,1,0,0,0,0,0,0,0,0,15,11.0,22.9,7.0,4.1,1,5,1,7,1,0.06,0.11,0.17,0.20,55,0,55656,0,0,3
7,MID,499169,Myles,Lewis-Skelly,2645206,3,False,70,0,0,1,0,0,0,0,0,0,0,0,15,10.6,3.2,5.0,1.9,4,1,0,5,1,0.07,0.02,0.09,0.33,55,642,70615,9693,9051,3
7,MID,499169,Myles,Lewis-Skelly,2645215,2,False,66,0,0,0,1,0,0,0,0,0,0,0,5,0.0,12.7,4.0,1.0,0,2,0,2,1,0.03,0.10,0.13,0.26,55,-4641,71335,8849,13490,3
7,MID,499169,Myles,Lewis-Skelly,2645233,1,False,45,0,0,0,0,0,0,0,0,0,0,0,2,0.0,1.4,0.0,0.0,0,0,0,0,1,0.00,0.00,0.00,0.23,55,-4212,70499,6908,11120,3
7,MID,499169,Myles,Lewis-Skelly,2645237,0,False,0,0,0,0,0,0,0,0,0,0,0,0,0,0.0,0.0,0.0,0.0,0,0,0,0,0,0.00,0.00,0.00,0.00,55,-7916,64229,3227,11143,3
8,DEF,466075,Riccardo,Calafiori,2645195,9,False,80,0,1,1,0,0,0,0,0,0,0,0,31,26.0,12.2,4.0,4.2,4,1,1,5,1,0.04,0.09,0.13,0.06,55,0,3542684,0,0,3
8,DEF,466075,Riccardo,Calafiori,2645206,11,False,90,0,1,1,0,0,0,0,0,0,0,2,30,21.2,11.9,9.0,4.2,2,4,1,3,1,0.11,0.46,0.57,0.33,56,268472,4150694,310105,41633,3
8,DEF,466075,Riccardo,Calafiori,2645215,2,False,66,0,0,0,1,0,0,0,0,0,0,0,0,4.4,3.2,26.0,3.4,0,1,1,1,1,0.39,0.03,0.42,0.26,57,396923,4639050,515479,118556,3
8,DEF,466075,Riccardo,Calafiori,2645233,6,False,90,0,0,1,0,0,0,0,0,0,0,0,18,8.8,1.7,7.0,1.8,4,2,0,4,1,0.06,0.01,0.07,1.80,58,392809,5296821,487524,94715,3
8,DEF,466075,Riccardo,Calafiori,2645237,1,False,90,0,0,0,3,0,0,0,0,0,0,0,-3,11.2,23.7,20.0,5.5,2,5,3,5,1,0.07,0.03,0.10,1.31,58,183297,5451521,266900,83603,3
9,DEF,448104,Piero,Hincapié,2645195,1,False,9,0,0,0,0,0,0,0,0,0,0,0,3,0.4,0.5,0.0,0.1,0,0,0,0,0,0.00,0.00,0.00,0.15,55,0,165924,0,0,3
9,DEF,448104,Piero,Hincapié,2645206,0,False,0,0,0,0,0,0,0,0,0,0,0,0,0,0.0,0.0,0.0,0.0,0,0,0,0,0,0.00,0.00,0.00,0.00,54,-37136,145234,3910,41046,3
9,DEF,448104,Piero,Hincapié,2645215,1,False,23,0,0,0,0,0,0,0,0,0,0,0,3,6.0,0.5,2.0,0.9,2,0,1,3,0,0.00,0.00,0.00,0.13,54,-31216,119369,4425,35641,3
9,DEF,448104,Piero,Hincapié,2645233,0,False,0,0,0,0,0,0,0,0,0,0,0,0,0,0.0,0.0,0.0,0.0,0,0,0,0,0,0.00,0.00,0.00,0.00,53,-15451,109174,3925,19376,3
9,DEF,448104,Piero,Hincapié,2645237,0,False,0,0,0,0,0,0,0,0,0,0,0,0,0,0.0,0.0,0.0,0.0,0,0,0,0,0,0.00,0.00,0.00,0.00,53,-13089,98376,2559,15648,3
10,DEF,198869,Benjamin,White,2645195,11,False,90,0,1,1,0,0,0,0,0,0,0,2,37,33.2,26.8,13.0,7.3,4,3,1,5,1,0.18,0.21,0.39,0.20,55,0,401419,0,0,3
10,DEF,198869,Benjamin,White,2645206,7,False,90,0,0,1,0,0,0,0,0,0,0,1,26,16.4,20.3,0.0,3.7,3,2,1,4,1,0.00,0.05,0.05,0.33,55,119886,683136,144941,25055,3
10,DEF,198869,Benjamin,White,2645215,2,False,90,0,0,0,1,0,0,0,0,0,0,0,11,15.8,5.1,10.0,3.1,4,4,2,6,1,0.00,0.03,0.03,0.39,55,45919,745511,163295,117376,3
10,DEF,198869,Benjamin,White,2645233,1,False,45,0,0,0,0,0,0,0,0,0,0,0,4,4.2,0.8,6.0,1.1,1,0,2,3,1,0.00,0.00,0.00,0.23,55,6399,815166,123355,116956,3
10,DEF,198869,Benjamin,White,2645237,0,False,0,0,0,0,0,0,0,0,0,0,0,0,0,0.0,0.0,0.0,0.0,0,0,0,0,0,0.00,0.00,0.00,0.00,55,-218227,573621,21167,239394,3
11,DEF,500040,Cristhian,Mosquera,2645195,6,False,90,0,0,1,0,0,0,0,0,0,0,0,27,14.4,0.6,0.0,1.5,6,3,0,6,1,0.00,0.00,0.00,0.20,55,0,571606,0,0,3
11,DEF,500040,Cristhian,Mosquera,2645206,6,False,78,0,0,1,0,0,0,0,0,0,0,0,25,10.2,1.4,0.0,1.2,4,0,0,4,1,0.00,0.01,0.01,0.33,55,-30539,566006,15410,45949,3
11,DEF,500040,Cristhian,Mosquera,2645215,0,False,0,0,0,0,0,0,0,0,0,0,0,0,0,0.0,0.0,0.0,0.0,0,0,0,0,0,0.00,0.00,0.00,0.00,55,-114822,438589,13546,128368,3
11,DEF,500040,Cristhian,Mosquera,2645233,0,False,0,0,0,0,0,0,0,0,0,0,0,0,0,0.0,0.0,0.0,0.0,0,0,0,0,0,0.00,0.00,0.00,0.00,54,-201802,248830,733,202535,3
11,DEF,500040,Cristhian,Mosquera,2645237,0,False,0,0,0,0,0,0,0,0,0,0,0,0,0,0.0,0.0,0.0,0.0,0,0,0,0,0,0.00,0.00,0.00,0.00,53,-81401,181804,476,81877,3
12,MID,223340,Bukayo,Saka,2645195,9,False,67,1,0,1,0,0,0,0,0,0,0,1,36,42.8,26.1,33.0,10.2,2,4,1,7,1,0.64,0.08,0.72,0.06,95,0,819914,0,0,3
12,MID,223340,Bukayo,Saka,2645206,11,False,90,1,0,1,0,0,0,0,0,0,0,3,46,41.0,8.0,44.0,9.3,3,6,2,11,1,0.63,0.04,0.67,0.33,95,53683,1039189,88913,35230,3
12,MID,223340,Bukayo,Saka,2645215,2,False,89,0,0,0,1,0,0,0,0,0,0,0,13,10.6,27.8,70.0,10.8,1,2,1,4,1,0.23,0.23,0.46,0.39,95,55091,1160318,156377,101286,3
12,MID,223340,Bukayo,Saka,2645233,8,False,90,1,0,1,0,0,0,0,0,0,0,0,28,45.4,16.9,57.0,11.9,2,4,1,7,1,1.38,0.08,1.46,1.80,95,64680,1257689,213086,148406,3
12,MID,223340,Bukayo,Saka,2645237,2,False,80,0,0,0,3,0,0,0,0,0,0,0,14,15.8,46.8,36.0,9.9,0,1,1,2,1,0.34,0.55,0.89,1.00,95,156317,1461185,221246,64929,3
13,MID,204480,Declan,Rice,2645195,3,False,67,0,0,1,0,0,0,0,0,0,0,0,10,6.8,6.4,2.0,1.5,3,3,0,6,1,0.07,0.08,0.15,0.06,75,0,1604406,0,0,3
13,MID,204480,Declan,Rice,2645206,5,False,84,0,0,1,0,0,0,0,0,0,0,0,19,24.0,27.6,0.0,5.2,2,7,3,12,1,0.00,0.10,0.10,0.33,75,-122235,1662633,35487,157722,3
13,MID,204480,Declan,Rice,2645215,5,False,90,0,1,0,1,0,0,0,0,0,0,0,22,33.8,19.9,2.0,5.6,5,1,0,6,1,0.03,0.08,0.11,0.39,75,-227106,1465517,21785,248891,3
13,MID,204480,Declan,Rice,2645233,6,False,80,0,1,1,0,0,0,0,0,0,0,0,27,45.0,36.4,0.0,8.1,6,2,2,10,1,0.00,0.37,0.37,1.41,74,-126667,1379844,25889,152556,3
13,MID,204480,Declan,Rice,2645237,1,False,90,0,0,0,3,0,0,0,1,0,0,0,13,10.6,18.1,1.0,3.0,2,4,2,8,1,0.02,0.06,0.08,1.31,74,-54820,1344452,28685,83505,3
14,MID,232413,Eberechi,Eze,2645195,1,False,14,0,0,0,0,0,0,0,0,0,0,0,4,0.0,1.8,1.0,0.1,0,2,0,2,0,0.04,0.00,0.04,0.15,65,0,188164,0,0,3
14,MID,232413,Eberechi,Eze,2645206,1,False,45,0,0,0,0,0,0,0,0,0,0,0,6,1.6,2.0,2.0,0.6,0,3,0,3,0,0.00,0.07,0.07,0.24,65,-38776,169814,5716,44492,3
14,MID,232413,Eberechi,Eze,2645215,0,False,0,0,0,0,0,0,0,0,0,0,0,0,0,0.0,0.0,0.0,0.0,0,0,0,0,0,0.00,0.00,0.00,0.00,64,-32301,146059,8271,40572,3
14,MID,232413,Eberechi,Eze,2645233,1,False,9,0,0,0,0,0,0,0,0,0,0,0,3,0.2,0.0,2.0,0.2,0,0,0,0,0,0.00,0.00,0.00,0.40,63,-25833,125433,3906,29739,3
14,MID,232413,Eberechi,Eze,2645237,1,False,17,0,0,0,0,0,0,0,0,0,0,0,5,1.2,2.1,4.0,0.7,0,0,0,0,0,0.00,0.02,0.02,0.54,63,-15015,113499,3026,18041,3
15,MID,184029,Martin,Ødegaard,2645195,11,False,75,1,0,1,0,0,0,0,0,0,0,3,41,50.6,41.5,31.0,12.3,1,4,3,8,1,0.21,0.10,0.31,0.06,65,0,717252,0,0,3
15,MID,184029,Martin,Ødegaard,2645206,3,False,70,0,0,1,0,0,0,0,0,0,0,0,13,6.8,6.8,5.0,1.9,2,1,2,5,1,0.08,0.07,0.15,0.33,66,252699,1174125,289559,36860,3
15,MID,184029,Martin,Ødegaard,2645215,10,False,76,1,0,0,1,0,0,0,0,0,0,3,47,45.0,54.2,30.0,12.9,0,3,0,3,1,0.72,0.88,1.60,0.27,66,-52949,1130521,119653,172602,3
15,MID,184029,Martin,Ødegaard,2645233,3,False,84,0,0,1,0,0,0,0,0,0,0,0,26,19.4,58.2,2.0,8.0,1,3,1,5,1,0.00,0.25,0.25,1.80,67,702273,2036643,820232,117959,3
15,MID,184029,Martin,Ødegaard,2645237,2,False,72,0,0,0,3,0,0,0,0,0,0,0,10,0.0,6.2,5.0,1.1,1,1,0,2,1,0.07,0.02,0.09,0.77,68,194248,2167651,326276,132028,3
16,MID,248857,Noni,Madueke,2645195,1,False,22,0,0,0,0,0,0,0,0,0,0,0,8,9.4,43.1,0.0,5.3,0,2,0,2,0,0.00,0.04,0.04,0.15,65,0,30442,0,0,3
16,MID,248857,Noni,Madueke,2645206,0,False,0,0,0,0,0,0,0,0,0,0,0,0,0,0.0,0.0,0.0,0.0,0,0,0,0,0,0.00,0.00,0.00,0.00,64,-6819,29476,1412,8231,3
16,MID,248857,Noni,Madueke,2645215,1,False,1,0,0,0,0,0,0,0,0,0,0,0,3,2.2,0.8,0.0,0.3,0,0,1,1,0,0.00,0.01,0.01,0.00,63,-6797,24885,1276,8073,3
16,MID,248857,Noni,Madueke,2645233,0,False,0,0,0,0,0,0,0,0,0,0,0,0,0,0.0,0.0,0.0,0.0,0,0,0,0,0,0.00,0.00,0.00,0.00,63,-3081,23695,1399,4480,3
16,MID,248857,Noni,Madueke,2645237,0,False,0,0,0,0,0,0,0,0,0,0,0,0,0,0.0,0.0,0.0,0.0,0,0,0,0,0,0.00,0.00,0.00,0.00,62,-2443,22229,1193,3636,3
17,MID,195384,Mikel,Merino Zazón,2645195,1,False,14,0,0,0,0,0,0,0,0,0,0,0,5,3.6,1.2,14.0,1.9,0,2,0,2,0,0.14,0.02,0.16,0.15,60,0,62671,0,0,3
17,MID,195384,Mikel,Merino Zazón,2645206,1,False,19,0,0,0,0,0,0,0,0,0,0,0,7,2.8,1.0,0.0,0.4,0,4,0,4,0,0.00,0.00,0.00,0.00,60,-12835,58253,2422,15257,3
17,MID,195384,Mikel,Merino Zazón,2645215,0,False,13,0,0,0,0,0,0,0,1,0,0,0,0,0.0,1.1,0.0,0.1,0,0,0,0,0,0.00,0.00,0.00,0.11,59,-10808,51449,3061,13869,3
17,MID,195384,Mikel,Merino Zazón,2645233,1,False,5,0,0,0,0,0,0,0,0,0,0,0,3,0.2,0.1,0.0,0.0,0,0,0,0,0,0.00,0.00,0.00,0.00,58,-7941,46215,1909,9850,3
17,MID,195384,Mikel,Merino Zazón,2645237,1,False,30,0,0,0,0,0,0,0,0,0,0,0,4,3.4,0.8,2.0,0.6,1,3,0,4,0,0.00,0.13,0.13,0.70,58,-4969,42609,1345,6314,3
18,MID,444145,Gabriel,Martinelli Silva,2645195,0,False,0,0,0,0,0,0,0,0,0,0,0,0,0,0.0,0.0,0.0,0.0,0,0,0,0,0,0.00,0.00,0.00,0.00,65,0,21290,0,0,3
18,MID,444145,Gabriel,Martinelli Silva,2645206,0,False,0,0,0,0,0,0,0,0,0,0,0,0,0,0.0,0.0,0.0,0.0,0,0,0,0,0,0.00,0.00,0.00,0.00,64,-5718,19331,1318,7036,3
18,MID,444145,Gabriel,Martinelli Silva,2645215,0,False,0,0,0,0,0,0,0,0,0,0,0,0,0,0.0,0.0,0.0,0.0,0,0,0,0,0,0.00,0.00,0.00,0.00,63,-5441,15232,1165,6606,3
18,MID,444145,Gabriel,Martinelli Silva,2645233,0,False,0,0,0,0,0,0,0,0,0,0,0,0,0,0.0,0.0,0.0,0.0,0,0,0,0,0,0.00,0.00,0.00,0.00,63,-6160,9183,0,6160,3
18,MID,444145,Gabriel,Martinelli Silva,2645237,0,False,0,0,0,0,0,0,0,0,0,0,0,0,0,0.0,0.0,0.0,0.0,0,0,0,0,0,0.00,0.00,0.00,0.00,63,-1499,7867,0,1499,3
19,MID,481655,Martín,Zubimendi Ibáñez,2645195,1,False,22,0,0,0,0,0,0,0,0,0,0,0,3,3.8,2.3,0.0,0.6,0,2,1,3,0,0.00,0.02,0.02,0.15,55,0,107568,0,0,3
19,MID,481655,Martín,Zubimendi Ibáñez,2645206,1,False,5,0,0,0,0,0,0,0,0,0,0,0,5,4.8,0.9,0.0,0.6,0,0,2,2,0,0.00,0.00,0.00,0.00,55,-19013,94430,1579,20592,3
19,MID,481655,Martín,Zubimendi Ibáñez,2645215,1,False,23,0,0,0,0,0,0,0,0,0,0,0,1,1.4,0.8,11.0,1.3,4,0,0,4,0,0.08,0.02,0.10,0.13,54,-16532,80922,3485,20017,3
19,MID,481655,Martín,Zubimendi Ibáñez,2645233,1,False,9,0,0,0,0,0,0,0,0,0,0,0,5,3.4,0.2,0.0,0.4,0,1,1,2,0,0.00,0.00,0.00,0.40,54,-11465,71283,1507,12972,3
19,MID,481655,Martín,Zubimendi Ibáñez,2645237,1,False,30,0,0,0,0,0,0,0,0,0,0,0,2,0.0,0.8,18.0,1.9,1,0,0,1,0,0.13,0.00,0.13,0.70,53,-7918,64585,1444,9362,3
20,MID,616077,Max,Dowman,2645195,0,False,0,0,0,0,0,0,0,0,0,0,0,0,0,0.0,0.0,0.0,0.0,0,0,0,0,0,0.00,0.00,0.00,0.00,55,0,8920,0,0,3
20,MID,616077,Max,Dowman,2645206,0,False,0,0,0,0,0,0,0,0,0,0,0,0,0,0.0,0.0,0.0,0.0,0,0,0,0,0,0.00,0.00,0.00,0.00,54,-1857,8233,473,2330,3
20,MID,616077,Max,Dowman,2645215,0,False,0,0,0,0,0,0,0,0,0,0,0,0,0,0.0,0.0,0.0,0.0,0,0,0,0,0,0.00,0.00,0.00,0.00,54,-1389,7381,608,1997,3
20,MID,616077,Max,Dowman,2645233,0,False,0,0,0,0,0,0,0,0,0,0,0,0,0,0.0,0.0,0.0,0.0,0,0,0,0,0,0.00,0.00,0.00,0.00,53,-713,7072,629,1342,3
20,MID,616077,Max,Dowman,2645237,1,False,9,0,0,0,0,0,0,0,0,0,0,0,4,2.0,14.8,0.0,1.7,0,0,0,0,0,0.00,0.08,0.08,0.31,53,-172,7252,878,1050,3
22,MID,499175,Ethan,Nwaneri,2645195,0,False,0,0,0,0,0,0,0,0,0,0,0,0,0,0.0,0.0,0.0,0.0,0,0,0,0,0,0.00,0.00,0.00,0.00,55,0,1260,0,0,3
22,MID,499175,Ethan,Nwaneri,2645206,0,False,0,0,0,0,0,0,0,0,0,0,0,0,0,0.0,0.0,0.0,0.0,0,0,0,0,0,0.00,0.00,0.00,0.00,55,-248,1254,76,324,3
22,MID,499175,Ethan,Nwaneri,2645215,0,False,0,0,0,0,0,0,0,0,0,0,0,0,0,0.0,0.0,0.0,0.0,0,0,0,0,0,0.00,0.00,0.00,0.00,54,-270,1107,157,427,3
22,MID,499175,Ethan,Nwaneri,2645233,0,False,0,0,0,0,0,0,0,0,0,0,0,0,0,0.0,0.0,0.0,0.0,0,0,0,0,0,0.00,0.00,0.00,0.00,54,-333,783,0,333,3
22,MID,499175,Ethan,Nwaneri,2645237,0,False,0,0,0,0,0,0,0,0,0,0,0,0,0,0.0,0.0,0.0,0.0,0,0,0,0,0,0.00,0.00,0.00,0.00,54,-116,680,0,116,3
23,MID,438098,Fábio,Ferreira Vieira,2645195,0,False,0,0,0,0,0,0,0,0,0,0,0,0,0,0.0,0.0,0.0,0.0,0,0,0,0,0,0.00,0.00,0.00,0.00,55,0,892,0,0,3
23,MID,438098,Fábio,Ferreira Vieira,2645206,0,False,0,0,0,0,0,0,0,0,0,0,0,0,0,0.0,0.0,0.0,0.0,0,0,0,0,0,0.00,0.00,0.00,0.00,55,-135,979,80,215,3
23,MID,438098,Fábio,Ferreira Vieira,2645215,0,False,0,0,0,0,0,0,0,0,0,0,0,0,0,0.0,0.0,0.0,0.0,0,0,0,0,0,0.00,0.00,0.00,0.00,55,-136,972,175,311,3
23,MID,438098,Fábio,Ferreira Vieira,2645233,0,False,0,0,0,0,0,0,0,0,0,0,0,0,0,0.0,0.0,0.0,0.0,0,0,0,0,0,0.00,0.00,0.00,0.00,55,-265,708,0,265,3
23,MID,438098,Fábio,Ferreira Vieira,2645237,0,False,0,0,0,0,0,0,0,0,0,0,0,0,0,0.0,0.0,0.0,0.0,0,0,0,0,0,0.00,0.00,0.00,0.00,55,-88,633,0,88,3
24,MID,200641,Reiss,Nelson,2645195,0,False,0,0,0,0,0,0,0,0,0,0,0,0,0,0.0,0.0,0.0,0.0,0,0,0,0,0,0.00,0.00,0.00,0.00,55,0,853,0,0,3
24,MID,200641,Reiss,Nelson,2645206,0,False,0,0,0,0,0,0,0,0,0,0,0,0,0,0.0,0.0,0.0,0.0,0,0,0,0,0,0.00,0.00,0.00,0.00,55,-108,966,64,172,3
24,MID,200641,Reiss,Nelson,2645215,0,False,0,0,0,0,0,0,0,0,0,0,0,0,0,0.0,0.0,0.0,0.0,0,0,0,0,0,0.00,0.00,0.00,0.00,55,-299,662,4,303,3
24,MID,200641,Reiss,Nelson,2645233,0,False,0,0,0,0,0,0,0,0,0,0,0,0,0,0.0,0.0,0.0,0.0,0,0,0,0,0,0.00,0.00,0.00,0.00,55,-113,565,0,113,3
24,MID,200641,Reiss,Nelson,2645237,0,False,0,0,0,0,0,0,0,0,0,0,0,0,0,0.0,0.0,0.0,0.0,0,0,0,0,0,0.00,0.00,0.00,0.00,55,-66,500,0,66,3
25,FWD,224117,Viktor,Gyökeres,2645195,0,False,0,0,0,0,0,0,0,0,0,0,0,0,0,0.0,0.0,0.0,0.0,0,0,0,0,0,0.00,0.00,0.00,0.00,75,0,816962,0,0,3
25,FWD,224117,Viktor,Gyökeres,2645206,0,False,0,0,0,0,0,0,0,0,0,0,0,0,0,0.0,0.0,0.0,0.0,0,0,0,0,0,0.00,0.00,0.00,0.00,74,-229353,650596,8776,238129,3
25,FWD,224117,Viktor,Gyökeres,2645215,1,False,12,0,0,0,0,0,0,0,0,0,0,0,2,0.0,0.1,0.0,0.0,0,1,0,1,0,0.00,0.00,0.00,0.11,73,-192830,466852,8161,200991,3
25,FWD,224117,Viktor,Gyökeres,2645233,0,False,0,0,0,0,0,0,0,0,0,0,0,0,0,0.0,0.0,0.0,0.0,0,0,0,0,0,0.00,0.00,0.00,0.00,72,-92048,388876,6130,98178,3
25,FWD,224117,Viktor,Gyökeres,2645237,1,False,17,0,0,0,0,0,0,0,0,0,0,0,5,0.0,14.6,0.0,1.4,0,0,0,0,0,0.00,0.23,0.23,0.54,72,-51870,342393,5156,57026,3
26,FWD,219847,Kai,Havertz,2645195,6,False,90,1,0,1,0,0,0,0,0,0,0,0,34,37.2,13.2,25.0,7.5,2,0,0,2,1,0.26,0.03,0.29,0.20,75,0,468616,0,0,3
26,FWD,219847,Kai,Havertz,2645206,2,False,90,0,0,1,0,0,0,0,0,0,0,0,5,2.4,3.4,23.0,2.9,0,5,0,5,1,0.02,0.03,0.05,0.33,75,148783,752082,187608,38825,3
26,FWD,219847,Kai,Havertz,2645215,8,False,77,1,0,0,1,0,0,0,0,0,0,2,38,43.0,37.0,57.0,13.7,1,0,0,1,1,0.27,0.27,0.54,0.27,75,-68870,686572,72519,141389,3
26,FWD,219847,Kai,Havertz,2645233,1,False,90,0,0,1,0,0,0,0,1,0,0,0,0,1.6,12.4,32.0,4.6,1,1,0,2,1,0.34,0.02,0.36,1.80,75,118477,871717,195764,77287,3
26,FWD,219847,Kai,Havertz,2645237,2,False,90,0,0,0,3,0,0,0,0,0,0,0,5,5.2,5.3,28.0,3.9,2,1,0,3,1,0.78,0.02,0.80,1.31,76,44371,915557,147342,102971,3
27,FWD,205651,Gabriel,Fernando de Jesus,2645195,0,False,0,0,0,0,0,0,0,0,0,0,0,0,0,0.0,0.0,0.0,0.0,0,0,0,0,0,0.00,0.00,0.00,0.00,60,0,31403,0,0,3
27,FWD,205651,Gabriel,Fernando de Jesus,2645206,0,False,0,0,0,0,0,0,0,0,0,0,0,0,0,0.0,0.0,0.0,0.0,0,0,0,0,0,0.00,0.00,0.00,0.00,60,-5264,32779,1914,7178,3
27,FWD,205651,Gabriel,Fernando de Jesus,2645215,0,False,0,0,0,0,0,0,0,0,0,0,0,0,0,0.0,0.0,0.0,0.0,0,0,0,0,0,0.00,0.00,0.00,0.00,59,-8859,26101,2250,11109,3
27,FWD,205651,Gabriel,Fernando de Jesus,2645233,0,False,0,0,0,0,0,0,0,0,0,0,0,0,0,0.0,0.0,0.0,0.0,0,0,0,0,0,0.00,0.00,0.00,0.00,59,-7696,18614,0,7696,3
27,FWD,205651,Gabriel,Fernando de Jesus,2645237,0,False,0,0,0,0,0,0,0,0,0,0,0,0,0,0.0,0.0,0.0,0.0,0,0,0,0,0,0.00,0.00,0.00,0.00,59,-2292,16588,0,2292,3
31,DEF,199798,Ezri,Konsa Ngoyo,2645195,0,False,0,0,0,0,0,0,0,0,0,0,0,0,0,0.0,0.0,0.0,0.0,0,0,0,0,0,0.00,0.00,0.00,0.00,45,0,1206127,0,0,3
31,DEF,199798,Ezri,Konsa Ngoyo,2645206,1,False,11,0,0,0,0,0,0,0,0,0,0,0,3,3.2,0.1,0.0,0.3,1,0,0,1,0,0.00,0.00,0.00,0.00,45,-179766,1061562,49821,229587,3
31,DEF,199798,Ezri,Konsa Ngoyo,2645215,4,False,90,0,0,0,1,0,0,0,0,0,0,0,15,19.4,1.4,4.0,2.5,7,5,3,10,1,0.00,0.01,0.01,0.39,44,71726,1139279,270872,199146,3
31,DEF,199798,Ezri,Konsa Ngoyo,2645233,6,False,90,0,0,1,0,0,0,0,0,0,0,0,16,11.8,0.2,0.0,1.2,6,1,2,8,1,0.00,0.00,0.00,1.80,45,612675,1867300,709520,96845,3
31,DEF,199798,Ezri,Konsa Ngoyo,2645237,1,False,90,0,0,0,3,0,0,0,0,0,0,0,2,10.6,12.3,10.0,3.3,4,3,0,4,1,0.23,0.01,0.24,1.31,45,277564,2062931,343094,65530,3
452,MID,208706,Bruno,Guimarães Rodriguez Moura,2645195,0,False,0,0,0,0,0,0,0,0,0,0,0,0,0,0.0,0.0,0.0,0.0,0,0,0,0,0,0.00,0.00,0.00,0.00,70,0,391151,0,0,3
452,MID,208706,Bruno,Guimarães Rodriguez Moura,2645206,1,False,19,0,0,0,0,0,0,0,0,0,0,0,4,1.4,0.8,2.0,0.4,0,3,0,3,0,0.00,0.01,0.01,0.00,69,-125705,265263,850,126555,3
452,MID,208706,Bruno,Guimarães Rodriguez Moura,2645215,0,False,0,0,0,0,0,0,0,0,0,0,0,0,0,0.0,0.0,0.0,0.0,0,0,0,0,0,0.00,0.00,0.00,0.00,68,-57236,212586,5546,62782,3
452,MID,208706,Bruno,Guimarães Rodriguez Moura,2645233,7,False,45,1,0,0,0,0,0,0,0,0,0,1,29,35.4,3.9,11.0,5.0,1,1,1,3,0,0.09,0.14,0.23,1.57,68,-35502,181073,2351,37853,3
452,MID,208706,Bruno,Guimarães Rodriguez Moura,2645237,1,False,59,0,0,0,3,0,0,0,0,0,0,0,12,4.2,1.8,6.0,1.2,2,4,0,6,1,0.00,0.01,0.01,0.61,67,6316,192568,16199,9883,3
557,MID,439509,Christos,Tzolis,2645195,6,False,75,0,1,1,0,0,0,0,0,0,0,0,30,17.0,39.8,30.0,8.7,2,3,1,6,1,0.19,0.14,0.33,0.06,65,0,2247384,0,0,3
557,MID,439509,Christos,Tzolis,2645206,0,False,45,0,0,0,0,0,0,0,1,0,0,0,1,0.0,11.8,4.0,1.6,1,2,0,3,1,0.00,0.01,0.01,0.10,65,180987,2597617,236687,55700,3
557,MID,439509,Christos,Tzolis,2645215,5,False,90,0,1,0,1,0,0,0,1,0,0,1,31,30.6,50.0,4.0,8.5,2,5,1,8,1,0.00,0.20,0.20,0.39,65,-601940,1889271,91384,693324,3
557,MID,439509,Christos,Tzolis,2645233,3,False,80,0,0,1,0,0,0,0,0,0,0,0,10,3.8,7.3,2.0,1.3,1,1,1,3,1,0.00,0.13,0.13,1.41,64,-328555,1659753,82691,411246,3
557,MID,439509,Christos,Tzolis,2645237,2,False,72,0,0,0,3,0,0,0,0,0,0,0,9,5.0,6.2,6.0,1.7,1,1,1,3,1,0.00,0.07,0.07,0.77,64,-263333,1417272,39605,302938,3
29,GKP,72147,Marco,Bizot,2645201,1,False,90,0,0,0,4,0,0,0,0,0,3,0,1,28.2,0.0,0.0,2.8,2,6,0,0,1,0.00,0.00,0.00,3.77,45,0,10183,0,0,7
29,GKP,72147,Marco,Bizot,2645206,0,False,0,0,0,0,0,0,0,0,0,0,0,0,0,0.0,0.0,0.0,0.0,0,0,0,0,0,0.00,0.00,0.00,0.00,45,-36,13320,845,881,7
29,GKP,72147,Marco,Bizot,2645220,0,False,0,0,0,0,0,0,0,0,0,0,0,0,0,0.0,0.0,0.0,0.0,0,0,0,0,0,0.00,0.00,0.00,0.00,45,-69,14920,2306,2375,7
29,GKP,72147,Marco,Bizot,2645226,0,False,0,0,0,0,0,0,0,0,0,0,0,0,0,0.0,0.0,0.0,0.0,0,0,0,0,0,0.00,0.00,0.00,0.00,45,-601,14214,1027,1628,7
29,GKP,72147,Marco,Bizot,2645244,0,False,0,0,0,0,0,0,0,0,0,0,0,0,0,0.0,0.0,0.0,0.0,0,0,0,0,0,0.00,0.00,0.00,0.00,45,-1076,13259,416,1492,7
30,DEF,101188,Lucas,Digne,2645201,0,False,0,0,0,0,0,0,0,0,0,0,0,0,0,0.0,0.0,0.0,0.0,0,0,0,0,0,0.00,0.00,0.00,0.00,45,0,13780,0,0,7
30,DEF,101188,Lucas,Digne,2645206,0,False,0,0,0,0,0,0,0,0,0,0,0,0,0,0.0,0.0,0.0,0.0,0,0,0,0,0,0.00,0.00,0.00,0.00,45,-4977,8690,0,4977,7
30,DEF,101188,Lucas,Digne,2645220,0,False,0,0,0,0,0,0,0,0,0,0,0,0,0,0.0,0.0,0.0,0.0,0,0,0,0,0,0.00,0.00,0.00,0.00,45,-2071,6725,0,2071,7
30,DEF,101188,Lucas,Digne,2645226,0,False,0,0,0,0,0,0,0,0,0,0,0,0,0,0.0,0.0,0.0,0.0,0,0,0,0,0,0.00,0.00,0.00,0.00,45,-932,5846,0,932,7
30,DEF,101188,Lucas,Digne,2645244,0,False,0,0,0,0,0,0,0,0,0,0,0,0,0,0.0,0.0,0.0,0.0,0,0,0,0,0,0.00,0.00,0.00,0.00,45,-431,5450,0,431,7
32,DEF,199796,Matty,Cash,2645201,-1,False,90,0,0,0,4,0,0,0,1,0,0,0,-8,12.0,1.1,0.0,1.3,5,0,2,7,1,0.00,0.00,0.00,3.77,45,0,789072,0,0,7
32,DEF,199796,Matty,Cash,2645206,2,False,77,0,0,0,1,0,0,0,0,0,0,0,8,14.0,1.8,7.0,2.3,2,1,4,6,1,0.15,0.01,0.16,1.04,45,-79349,749133,26978,106327,7
32,DEF,199796,Matty,Cash,2645220,6,False,84,0,0,1,0,0,0,0,0,0,0,0,23,6.4,16.3,6.0,2.9,1,1,0,1,1,0.00,0.03,0.03,0.22,45,-35679,731987,41628,77307,7
32,DEF,199796,Matty,Cash,2645226,0,False,0,0,0,0,0,0,0,0,0,0,0,0,0,0.0,0.0,0.0,0.0,0,0,0,0,0,0.00,0.00,0.00,0.00,45,-80882,641566,18781,99663,7
32,DEF,199796,Matty,Cash,2645244,-1,False,45,0,0,0,2,0,0,0,1,0,0,0,-7,4.0,3.1,0.0,0.7,3,0,0,3,0,0.00,0.00,0.00,0.92,44,-105428,542880,5264,110692,7
33,DEF,149484,Tyrone,Mings,2645201,1,False,16,0,0,0,0,0,0,0,0,0,0,0,5,2.0,0.0,0.0,0.2,0,0,1,1,0,0.00,0.00,0.00,0.22,45,0,29034,0,0,7
33,DEF,149484,Tyrone,Mings,2645206,0,False,0,0,0,0,0,0,0,0,0,0,0,0,0,0.0,0.0,0.0,0.0,0,0,0,0,0,0.00,0.00,0.00,0.00,45,-254,38144,3253,3507,7
33,DEF,149484,Tyrone,Mings,2645220,6,False,90,0,0,1,0,0,0,0,0,0,0,0,28,14.8,4.4,13.0,3.2,4,2,1,5,1,0.11,0.02,0.13,0.57,45,-2214,38099,2622,4836,7
33,DEF,149484,Tyrone,Mings,2645226,0,False,65,0,0,0,2,0,0,0,1,0,0,0,0,15.6,0.6,4.0,2.0,4,2,1,5,0,0.09,0.00,0.09,2.08,45,2788,43024,5312,2524,7
33,DEF,149484,Tyrone,Mings,2645244,3,False,90,0,0,0,2,0,0,0,0,0,0,0,10,27.4,0.6,0.0,2.8,12,3,1,13,1,0.00,0.00,0.00,1.56,45,-1624,41769,3533,5157,7
34,DEF,244954,Pau,Torres,2645201,0,False,73,0,0,0,4,0,0,0,0,0,0,0,-14,0.0,0.7,0.0,0.0,5,1,0,5,1,0.00,0.00,0.00,3.55,45,0,38472,0,0,7
34,DEF,244954,Pau,Torres,2645206,2,False,90,0,0,0,1,0,0,0,0,0,0,0,6,11.0,0.8,0.0,1.2,3,8,1,4,1,0.00,0.01,0.01,1.04,45,-3229,41549,1831,5060,7
34,DEF,244954,Pau,Torres,2645220,0,False,0,0,0,0,0,0,0,0,0,0,0,0,0,0.0,0.0,0.0,0.0,0,0,0,0,0,0.00,0.00,0.00,0.00,45,919,46943,5255,4336,7
34,DEF,244954,Pau,Torres,2645226,1,False,24,0,0,0,0,0,0,0,0,0,0,0,4,0.2,0.4,2.0,0.3,0,0,0,0,1,0.00,0.00,0.00,0.20,45,-1717,43964,3870,5587,7
34,DEF,244954,Pau,Torres,2645244,0,False,0,0,0,0,0,0,0,0,0,0,0,0,0,0.0,0.0,0.0,0.0,0,0,0,0,0,0.00,0.00,0.00,0.00,45,-9138,34289,237,9375,7
35,MID,515597,Lamare,Bogarde,2645201,1,False,16,0,0,0,0,0,0,0,0,0,0,0,3,2.2,0.5,0.0,0.3,1,0,0,1,0,0.00,0.00,0.00,0.22,50,0,5822,0,0,7
35,MID,515597,Lamare,Bogarde,2645206,0,False,0,0,0,0,0,0,0,0,0,0,0,0,0,0.0,0.0,0.0,0.0,0,0,0,0,0,0.00,0.00,0.00,0.00,50,-349,6973,636,985,7
35,MID,515597,Lamare,Bogarde,2645220,0,False,0,0,0,0,0,0,0,0,0,0,0,0,0,0.0,0.0,0.0,0.0,0,0,0,0,0,0.00,0.00,0.00,0.00,50,-311,7284,945,1256,7
35,MID,515597,Lamare,Bogarde,2645226,0,False,0,0,0,0,0,0,0,0,0,0,0,0,0,0.0,0.0,0.0,0.0,0,0,0,0,0,0.00,0.00,0.00,0.00,50,-440,7155,686,1126,7
35,MID,515597,Lamare,Bogarde,2645244,0,False,0,0,0,0,0,0,0,0,0,0,0,0,0,0.0,0.0,0.0,0.0,0,0,0,0,0,0.00,0.00,0.00,0.00,50,-487,6803,474,961,7
36,DEF,441302,Ian,Maatsen,2645201,0,False,81,0,0,0,4,0,0,0,0,0,0,0,-9,9.2,0.8,3.0,1.3,7,2,2,9,1,0.03,0.00,0.03,3.62,45,0,71952,0,0,7
36,DEF,441302,Ian,Maatsen,2645206,1,False,90,0,0,0,1,0,0,0,1,0,0,0,-5,4.8,0.5,12.0,1.7,5,2,3,8,1,0.07,0.00,0.07,1.04,45,-6312,72655,2546,8858,7
36,DEF,441302,Ian,Maatsen,2645220,7,False,74,0,0,1,0,0,0,0,0,0,0,1,29,10.6,19.8,4.0,3.4,2,0,1,3,1,0.00,0.42,0.42,0.22,45,2667,83194,11292,8625,7
36,DEF,441302,Ian,Maatsen,2645226,1,False,90,0,0,0,2,0,0,0,0,0,0,0,7,10.2,3.4,24.0,3.8,3,6,1,4,1,0.18,0.03,0.21,1.66,45,10444,92419,17456,7012,7
36,DEF,441302,Ian,Maatsen,2645244,0,False,0,0,0,0,0,0,0,0,0,0,0,0,0,0.0,0.0,0.0,0.0,0,0,0,0,0,0.00,0.00,0.00,0.00,45,-30695,58351,548,31243,7
37,DEF,184667,Victor,Lindelöf,2645201,-2,False,90,0,0,0,4,1,0,0,0,0,0,0,-13,1.8,0.1,0.0,0.2,3,1,0,3,1,0.00,0.00,0.00,3.77,45,0,24630,0,0,7
37,DEF,184667,Victor,Lindelöf,2645206,2,False,90,0,0,0,1,0,0,0,0,0,0,0,10,15.0,1.2,0.0,1.6,6,1,1,7,1,0.00,0.08,0.08,1.04,45,-2236,27172,1775,4011,7
37,DEF,184667,Victor,Lindelöf,2645220,6,False,90,0,0,1,0,0,0,0,0,0,0,0,28,22.4,24.9,2.0,4.9,4,3,0,4,1,0.00,0.08,0.08,0.57,45,216,29725,3211,2995,7
37,DEF,184667,Victor,Lindelöf,2645226,1,False,90,0,0,0,2,0,0,0,0,0,0,0,2,16.4,1.1,35.0,5.3,2,0,0,2,1,0.44,0.01,0.45,2.28,45,3012,33974,5112,2100,7
37,DEF,184667,Victor,Lindelöf,2645244,1,False,90,0,0,0,2,0,0,0,0,0,0,0,1,18.8,10.0,0.0,2.9,6,2,0,6,1,0.00,0.00,0.00,1.56,45,-415,33907,3502,3917,7
38,DEF,606798,Andrés,García,2645201,0,False,0,0,0,0,0,0,0,0,0,0,0,0,0,0.0,0.0,0.0,0.0,0,0,0,0,0,0.00,0.00,0.00,0.00,40,0,157304,0,0,7
38,DEF,606798,Andrés,García,2645206,0,False,0,0,0,0,0,0,0,0,0,0,0,0,0,0.0,0.0,0.0,0.0,0,0,0,0,0,0.00,0.00,0.00,0.00,40,-6584,167046,7339,13923,7
38,DEF,606798,Andrés,García,2645220,0,False,0,0,0,0,0,0,0,0,0,0,0,0,0,0.0,0.0,0.0,0.0,0,0,0,0,0,0.00,0.00,0.00,0.00,40,-506,187661,16171,16677,7
38,DEF,606798,Andrés,García,2645226,0,False,0,0,0,0,0,0,0,0,0,0,0,0,0,0.0,0.0,0.0,0.0,0,0,0,0,0,0.00,0.00,0.00,0.00,40,-4343,183834,12784,17127,7
38,DEF,606798,Andrés,García,2645244,0,False,0,0,0,0,0,0,0,0,0,0,0,0,0,0.0,0.0,0.0,0.0,0,0,0,0,0,0.00,0.00,0.00,0.00,40,-7021,171537,7152,14173,7
39,DEF,578545,Kosta,Nedeljkovic,2645201,0,False,0,0,0,0,0,0,0,0,0,0,0,0,0,0.0,0.0,0.0,0.0,0,0,0,0,0,0.00,0.00,0.00,0.00,40,0,29043,0,0,7
39,DEF,578545,Kosta,Nedeljkovic,2645206,0,False,0,0,0,0,0,0,0,0,0,0,0,0,0,0.0,0.0,0.0,0.0,0,0,0,0,0,0.00,0.00,0.00,0.00,40,-7238,21591,0,7238,7
39,DEF,578545,Kosta,Nedeljkovic,2645220,0,False,0,0,0,0,0,0,0,0,0,0,0,0,0,0.0,0.0,0.0,0.0,0,0,0,0,0,0.00,0.00,0.00,0.00,40,-3988,17687,0,3988,7
39,DEF,578545,Kosta,Nedeljkovic,2645226,0,False,0,0,0,0,0,0,0,0,0,0,0,0,0,0.0,0.0,0.0,0.0,0,0,0,0,0,0.00,0.00,0.00,0.00,40,-2186,15637,0,2186,7
39,DEF,578545,Kosta,Nedeljkovic,2645244,0,False,0,0,0,0,0,0,0,0,0,0,0,0,0,0.0,0.0,0.0,0.0,0,0,0,0,0,0.00,0.00,0.00,0.00,40,-1273,14409,0,1273,7
41,MID,195546,Emiliano,Buendía Stati,2645201,2,False,85,0,0,0,4,0,0,0,0,0,0,0,4,0.0,16.3,8.0,2.2,3,3,1,7,1,0.13,0.09,0.22,3.62,60,0,120830,0,0,7
41,MID,195546,Emiliano,Buendía Stati,2645206,2,False,90,0,0,0,1,0,0,0,0,0,0,0,9,5.0,13.2,9.0,2.7,0,4,1,5,1,0.04,0.02,0.06,1.04,60,-16866,114718,5020,21886,7
41,MID,195546,Emiliano,Buendía Stati,2645220,3,False,74,0,0,1,0,0,0,0,0,0,0,0,2,0.0,10.8,7.0,1.4,0,2,0,2,1,0.61,0.05,0.66,0.22,60,-3519,128636,20598,24117,7
41,MID,195546,Emiliano,Buendía Stati,2645226,2,False,62,0,0,0,1,0,0,0,0,0,0,0,8,0.0,3.9,0.0,0.1,0,5,0,5,1,0.00,0.01,0.01,1.42,59,-5900,111856,15961,21861,7
41,MID,195546,Emiliano,Buendía Stati,2645244,12,False,90,1,0,0,2,0,0,0,0,0,0,3,50,61.0,36.3,35.0,13.2,2,6,7,15,1,0.14,0.07,0.21,1.56,59,-16876,94622,6405,23281,7
44,MID,215711,Leon,Bailey,2645201,0,False,0,0,0,0,0,0,0,0,0,0,0,0,0,0.0,0.0,0.0,0.0,0,0,0,0,0,0.00,0.00,0.00,0.00,55,0,12940,0,0,7
44,MID,215711,Leon,Bailey,2645206,0,False,0,0,0,0,0,0,0,0,0,0,0,0,0,0.0,0.0,0.0,0.0,0,0,0,0,0,0.00,0.00,0.00,0.00,55,-1655,14192,1002,2657,7
44,MID,215711,Leon,Bailey,2645220,0,False,0,0,0,0,0,0,0,0,0,0,0,0,0,0.0,0.0,0.0,0.0,0,0,0,0,0,0.00,0.00,0.00,0.00,54,-2630,12237,1094,3724,7
44,MID,215711,Leon,Bailey,2645226,0,False,0,0,0,0,0,0,0,0,0,0,0,0,0,0.0,0.0,0.0,0.0,0,0,0,0,0,0.00,0.00,0.00,0.00,54,-4702,7592,0,4702,7
44,MID,215711,Leon,Bailey,2645244,0,False,0,0,0,0,0,0,0,0,0,0,0,0,0,0.0,0.0,0.0,0.0,0,0,0,0,0,0.00,0.00,0.00,0.00,54,-1648,6080,0,1648,7
45,MID,122806,John,McGinn,2645201,1,False,81,0,0,0,4,0,0,0,1,0,0,0,8,1.6,2.4,1.0,0.5,2,3,1,6,1,0.04,0.01,0.05,3.62,55,0,290994,0,0,7
45,MID,122806,John,McGinn,2645206,1,False,90,0,0,0,1,0,0,0,1,0,0,0,2,0.0,12.0,10.0,1.7,1,2,1,4,1,0.05,0.05,0.10,1.04,55,-37047,274653,7606,44653,7
45,MID,122806,John,McGinn,2645220,3,False,90,0,0,1,0,0,0,0,0,0,0,0,6,1.4,5.6,4.0,1.1,1,2,2,5,1,0.68,0.03,0.71,0.57,54,-27591,252885,16891,44482,7
45,MID,122806,John,McGinn,2645226,6,False,90,0,1,0,2,0,0,0,0,0,0,1,30,26.4,31.4,0.0,5.8,2,6,1,9,1,0.00,0.11,0.11,2.28,54,-12721,243800,20520,33241,7
45,MID,122806,John,McGinn,2645244,6,False,83,0,1,1,0,0,0,0,0,0,0,0,19,23.0,33.5,0.0,5.7,2,4,0,6,1,0.00,0.04,0.04,0.78,54,-5772,240695,18814,24586,7
46,MID,88894,Ross,Barkley,2645201,2,False,73,0,0,0,4,0,0,0,0,0,0,0,11,9.4,21.4,7.0,3.8,1,0,0,1,1,0.10,0.02,0.12,3.55,50,0,20508,0,0,7
46,MID,88894,Ross,Barkley,2645206,2,False,77,0,0,0,1,0,0,0,0,0,0,0,23,12.8,23.3,2.0,3.8,1,6,3,10,1,0.03,0.02,0.05,1.04,50,-841,23246,1875,2716,7
46,MID,88894,Ross,Barkley,2645220,3,False,90,0,0,1,0,0,0,0,0,0,0,0,15,13.6,34.1,15.0,6.3,2,4,0,6,1,0.22,0.09,0.31,0.57,50,1735,27497,5744,4009,7
46,MID,88894,Ross,Barkley,2645226,2,False,62,0,0,0,1,0,0,0,0,0,0,0,14,6.0,2.7,7.0,1.6,0,3,4,7,1,0.03,0.01,0.04,1.42,50,1496,29642,5244,3748,7
46,MID,88894,Ross,Barkley,2645244,1,False,6,0,0,0,2,0,0,0,0,0,0,0,3,0.6,0.8,0.0,0.1,1,3,0,4,0,0.00,0.00,0.00,0.78,50,-1310,28594,2694,4004,7
47,MID,226944,Boubacar,Kamara,2645201,2,False,90,0,0,0,4,0,0,0,0,0,0,0,9,11.2,2.8,0.0,1.4,3,2,2,7,1,0.00,0.00,0.00,3.77,50,0,31172,0,0,7
47,MID,226944,Boubacar,Kamara,2645206,2,False,90,0,0,0,1,0,0,0,0,0,0,0,13,10.6,14.2,0.0,2.5,3,4,1,8,1,0.00,0.03,0.03,1.04,50,-2250,33591,2489,4739,7
47,MID,226944,Boubacar,Kamara,2645220,3,False,90,0,0,1,0,0,0,0,0,0,0,0,20,13.6,26.2,0.0,4.0,3,6,1,10,1,0.00,0.07,0.07,0.57,50,-720,35132,5061,5781,7
47,MID,226944,Boubacar,Kamara,2645226,2,False,90,0,0,0,2,0,0,0,0,0,0,0,17,11.6,12.4,2.0,2.6,1,1,3,5,1,0.00,0.05,0.05,2.28,50,-1023,34935,3671,4694,7
47,MID,226944,Boubacar,Kamara,2645244,6,False,83,0,1,1,0,0,0,0,0,0,0,0,26,21.0,13.2,4.0,3.8,1,3,2,6,1,0.12,0.01,0.13,0.78,50,-2746,32641,1988,4734,7
48,MID,449871,Amadou,Onana,2645201,0,False,0,0,0,0,0,0,0,0,0,0,0,0,0,0.0,0.0,0.0,0.0,0,0,0,0,0,0.00,0.00,0.00,0.00,50,0,2081,0,0,7
48,MID,449871,Amadou,Onana,2645206,0,False,0,0,0,0,0,0,0,0,0,0,0,0,0,0.0,0.0,0.0,0.0,0,0,0,0,0,0.00,0.00,0.00,0.00,50,-372,2156,157,529,7
48,MID,449871,Amadou,Onana,2645220,0,False,0,0,0,0,0,0,0,0,0,0,0,0,0,0.0,0.0,0.0,0.0,0,0,0,0,0,0.00,0.00,0.00,0.00,50,-430,1852,140,570,7
48,MID,449871,Amadou,Onana,2645226,0,False,0,0,0,0,0,0,0,0,0,0,0,0,0,0.0,0.0,0.0,0.0,0,0,0,0,0,0.00,0.00,0.00,0.00,50,-160,1757,108,268,7
48,MID,449871,Amadou,Onana,2645244,0,False,0,0,0,0,0,0,0,0,0,0,0,0,0,0.0,0.0,0.0,0.0,0,0,0,0,0,0.00,0.00,0.00,0.00,49,-137,1654,66,203,7
49,MID,469247,Samuel,Iling-Junior,2645201,0,False,0,0,0,0,0,0,0,0,0,0,0,0,0,0.0,0.0,0.0,0.0,0,0,0,0,0,0.00,0.00,0.00,0.00,50,0,394,0,0,7
49,MID,469247,Samuel,Iling-Junior,2645206,0,False,0,0,0,0,0,0,0,0,0,0,0,0,0,0.0,0.0,0.0,0.0,0,0,0,0,0,0.00,0.00,0.00,0.00,50,-120,271,0,120,7
49,MID,469247,Samuel,Iling-Junior,2645220,0,False,0,0,0,0,0,0,0,0,0,0,0,0,0,0.0,0.0,0.0,0.0,0,0,0,0,0,0.00,0.00,0.00,0.00,50,-63,211,0,63,7
49,MID,469247,Samuel,Iling-Junior,2645226,0,False,0,0,0,0,0,0,0,0,0,0,0,0,0,0.0,0.0,0.0,0.0,0,0,0,0,0,0.00,0.00,0.00,0.00,50,-22,188,0,22,7
49,MID,469247,Samuel,Iling-Junior,2645244,0,False,0,0,0,0,0,0,0,0,0,0,0,0,0,0.0,0.0,0.0,0.0,0,0,0,0,0,0.00,0.00,0.00,0.00,50,-20,169,0,20,7
50,MID,645618,Bradley,Burrowes,2645201,0,False,0,0,0,0,0,0,0,0,0,0,0,0,0,0.0,0.0,0.0,0.0,0,0,0,0,0,0.00,0.00,0.00,0.00,45,0,60228,0,0,7
50,MID,645618,Bradley,Burrowes,2645206,0,False,0,0,0,0,0,0,0,0,0,0,0,0,0,0.0,0.0,0.0,0.0,0,0,0,0,0,0.00,0.00,0.00,0.00,45,-3255,64781,3513,6768,7
50,MID,645618,Bradley,Burrowes,2645220,0,False,0,0,0,0,0,0,0,0,0,0,0,0,0,0.0,0.0,0.0,0.0,0,0,0,0,0,0.00,0.00,0.00,0.00,45,-408,72806,8705,9113,7
50,MID,645618,Bradley,Burrowes,2645226,0,False,0,0,0,0,0,0,0,0,0,0,0,0,0,0.0,0.0,0.0,0.0,0,0,0,0,0,0.00,0.00,0.00,0.00,45,-1967,71444,6646,8613,7
50,MID,645618,Bradley,Burrowes,2645244,0,False,0,0,0,0,0,0,0,0,0,0,0,0,0,0.0,0.0,0.0,0.0,0,0,0,0,0,0.00,0.00,0.00,0.00,45,-5269,63804,1961,7230,7
51,MID,577285,George,Hemmings,2645201,2,False,90,0,0,0,4,0,0,0,0,0,0,0,12,10.6,11.6,2.0,2.4,0,2,3,5,1,0.00,0.00,0.00,3.77,45,0,60759,0,0,7
51,MID,577285,George,Hemmings,2645206,2,False,70,0,0,0,1,0,0,0,0,0,0,0,5,1.8,4.3,0.0,0.6,0,4,2,6,1,0.00,0.01,0.01,1.01,45,3259,72550,8743,5484,7
51,MID,577285,George,Hemmings,2645220,3,False,74,0,0,1,0,0,0,0,0,0,0,0,12,10.8,13.5,21.0,4.5,2,4,1,7,1,0.07,0.14,0.21,0.22,45,21970,110782,36405,14435,7
51,MID,577285,George,Hemmings,2645226,1,False,45,0,0,0,0,0,0,0,0,0,0,0,3,2.0,11.5,2.0,1.6,1,0,0,1,1,0.00,0.01,0.01,0.39,45,30719,147009,53459,22740,7
51,MID,577285,George,Hemmings,2645244,1,False,18,0,0,0,2,0,0,0,0,0,0,0,2,0.0,1.2,0.0,0.0,0,0,0,0,0,0.00,0.00,0.00,0.87,45,-3198,135094,14076,17274,7
52,MID,653481,Alysson Edward Franco,da Rocha dos Santos,2645201,1,False,8,0,0,0,0,0,0,0,0,0,0,0,5,4.0,0.0,0.0,0.4,1,1,1,3,0,0.00,0.00,0.00,0.14,50,0,3792,0,0,7
52,MID,653481,Alysson Edward Franco,da Rocha dos Santos,2645206,0,False,19,0,0,0,0,0,0,0,1,0,0,0,2,1.2,0.8,2.0,0.4,0,1,1,2,0,0.00,0.00,0.00,0.02,50,-253,4426,343,596,7
52,MID,653481,Alysson Edward Franco,da Rocha dos Santos,2645220,1,False,15,0,0,0,0,0,0,0,0,0,0,0,3,0.2,1.8,0.0,0.2,0,1,0,1,0,0.00,0.00,0.00,0.35,50,-102,4733,827,929,7
52,MID,653481,Alysson Edward Franco,da Rocha dos Santos,2645226,6,False,45,1,0,0,2,0,0,0,0,0,0,0,24,34.4,2.3,23.0,6.0,1,1,0,2,0,0.06,0.00,0.06,1.89,50,-205,4724,508,713,7
52,MID,653481,Alysson Edward Franco,da Rocha dos Santos,2645244,0,False,0,0,0,0,0,0,0,0,0,0,0,0,0,0.0,0.0,0.0,0.0,0,0,0,0,0,0.00,0.00,0.00,0.00,50,983,6101,1608,625,7
53,MID,614071,Johan,Manzambi,2645201,0,False,0,0,0,0,0,0,0,0,0,0,0,0,0,0.0,0.0,0.0,0.0,0,0,0,0,0,0.00,0.00,0.00,0.00,60,0,26624,0,0,7
53,MID,614071,Johan,Manzambi,2645206,0,False,0,0,0,0,0,0,0,0,0,0,0,0,0,0.0,0.0,0.0,0.0,0,0,0,0,0,0.00,0.00,0.00,0.00,60,-8558,18618,232,8790,7
53,MID,614071,Johan,Manzambi,2645220,0,False,0,0,0,0,0,0,0,0,0,0,0,0,0,0.0,0.0,0.0,0.0,0,0,0,0,0,0.00,0.00,0.00,0.00,59,-4708,14230,341,5049,7
53,MID,614071,Johan,Manzambi,2645226,1,False,27,0,0,0,1,0,0,0,0,0,0,0,3,2.6,4.0,0.0,0.7,0,1,1,2,0,0.00,0.08,0.08,0.86,59,-1220,13307,570,1790,7
53,MID,614071,Johan,Manzambi,2645244,13,False,71,1,1,1,0,0,0,0,0,0,0,2,45,63.2,25.8,60.0,14.9,2,4,1,7,1,0.44,0.16,0.60,0.68,59,853,14639,1843,990,7
54,MID,448089,Joao,Gomes,2645201,-2,False,39,0,0,0,4,0,0,0,0,1,0,0,-2,1.0,11.0,0.0,1.2,1,2,4,7,1,0.00,0.01,0.01,2.58,55,0,6573,0,0,7
54,MID,448089,Joao,Gomes,2645206,0,False,0,0,0,0,0,0,0,0,0,0,0,0,0,0.0,0.0,0.0,0.0,0,0,0,0,0,0.00,0.00,0.00,0.00,55,-1729,5096,154,1883,7
54,MID,448089,Joao,Gomes,2645220,0,False,0,0,0,0,0,0,0,0,0,0,0,0,0,0.0,0.0,0.0,0.0,0,0,0,0,0,0.00,0.00,0.00,0.00,55,-1095,4112,90,1185,7
54,MID,448089,Joao,Gomes,2645226,0,False,0,0,0,0,0,0,0,0,0,0,0,0,0,0.0,0.0,0.0,0.0,0,0,0,0,0,0.00,0.00,0.00,0.00,55,-383,3819,131,514,7
54,MID,448089,Joao,Gomes,2645244,4,False,90,0,0,0,2,0,0,0,0,0,0,0,13,22.6,13.8,0.0,3.6,5,3,5,13,1,0.00,0.02,0.02,1.56,55,137,4213,464,327,7
55,FWD,178301,Ollie,Watkins,2645201,0,False,0,0,0,0,0,0,0,0,0,0,0,0,0,0.0,0.0,0.0,0.0,0,0,0,0,0,0.00,0.00,0.00,0.00,80,0,898121,0,0,7
55,FWD,178301,Ollie,Watkins,2645206,0,False,0,0,0,0,0,0,0,0,0,0,0,0,0,0.0,0.0,0.0,0.0,0,0,0,0,0,0.00,0.00,0.00,0.00,79,-265828,734872,10632,276460,7
55,FWD,178301,Ollie,Watkins,2645220,0,False,0,0,0,0,0,0,0,0,0,0,0,0,0,0.0,0.0,0.0,0.0,0,0,0,0,0,0.00,0.00,0.00,0.00,78,-305129,433685,4250,309379,7
55,FWD,178301,Ollie,Watkins,2645226,0,False,0,0,0,0,0,0,0,0,0,0,0,0,0,0.0,0.0,0.0,0.0,0,0,0,0,0,0.00,0.00,0.00,0.00,78,-126292,317753,0,126292,7
55,FWD,178301,Ollie,Watkins,2645244,0,False,0,0,0,0,0,0,0,0,0,0,0,0,0,0.0,0.0,0.0,0.0,0,0,0,0,0,0.00,0.00,0.00,0.00,78,-35250,284909,0,35250,7
56,FWD,173879,Tammy,Abraham,2645201,0,False,0,0,0,0,0,0,0,0,0,0,0,0,0,0.0,0.0,0.0,0.0,0,0,0,0,0,0.00,0.00,0.00,0.00,55,0,11764,0,0,7
56,FWD,173879,Tammy,Abraham,2645206,1,False,19,0,0,0,0,0,0,0,0,0,0,0,3,0.0,1.3,0.0,0.1,0,0,0,0,0,0.00,0.00,0.00,0.02,55,-2086,10592,597,2683,7
56,FWD,173879,Tammy,Abraham,2645220,1,False,5,0,0,0,0,0,0,0,0,0,0,0,3,2.0,1.0,0.0,0.3,0,0,1,1,0,0.00,0.00,0.00,0.35,55,2174,14917,4925,2751,7
56,FWD,173879,Tammy,Abraham,2645226,1,False,45,0,0,0,2,0,0,0,0,0,0,0,4,1.2,1.5,2.0,0.5,0,1,0,1,0,0.00,0.00,0.00,1.89,55,1369,17325,4186,2817,7
56,FWD,173879,Tammy,Abraham,2645244,1,False,2,0,0,0,1,0,0,0,0,0,0,0,3,0.0,2.4,0.0,0.2,0,0,0,0,0,0.00,0.00,0.00,0.43,55,1415,19806,4340,2925,7
160,MID,493105,Alejandro,Garnacho Ferreyra,2645201,1,False,4,0,0,0,0,0,0,0,0,0,0,0,2,0.0,0.0,0.0,0.0,0,0,0,0,0,0.00,0.00,0.00,0.14,60,0,54802,0,0,7
160,MID,493105,Alejandro,Garnacho Ferreyra,2645206,1,False,12,0,0,0,0,0,0,0,0,0,0,0,3,0.2,2.0,0.0,0.2,0,2,0,2,0,0.00,0.00,0.00,0.00,60,-8554,53506,2021,10575,7
160,MID,493105,Alejandro,Garnacho Ferreyra,2645220,1,False,15,0,0,0,0,0,0,0,0,0,0,0,4,1.0,1.6,0.0,0.3,0,0,0,0,0,0.00,0.00,0.00,0.35,59,-9524,46064,2557,12081,7
160,MID,493105,Alejandro,Garnacho Ferreyra,2645226,0,False,0,0,0,0,0,0,0,0,0,0,0,0,0,0.0,0.0,0.0,0.0,0,0,0,0,0,0.00,0.00,0.00,0.00,59,-7225,40475,1531,8756,7
160,MID,493105,Alejandro,Garnacho Ferreyra,2645244,0,False,0,0,0,0,0,0,0,0,0,0,0,0,0,0.0,0.0,0.0,0.0,0,0,0,0,0,0.00,0.00,0.00,0.00,58,-6202,35129,839,7041,7
166,FWD,517052,Nicolas,Jackson,2645204,0,False,0,0,0,0,0,0,0,0,0,0,0,0,0,0.0,0.0,0.0,0.0,0,0,0,0,0,0.00,0.00,0.00,0.00,65,0,29435,0,0,7
166,FWD,517052,Nicolas,Jackson,2645206,2,False,70,0,0,0,1,0,0,0,0,0,0,0,11,4.2,5.9,2.0,1.2,0,3,0,3,1,0.00,0.10,0.10,1.01,65,-2878,63340,26989,5175,7
166,FWD,517052,Nicolas,Jackson,2645220,2,False,84,0,0,1,0,0,0,0,0,0,0,0,10,1.2,17.5,20.0,3.9,0,2,0,2,1,0.24,0.44,0.68,0.22,65,37834,115958,46877,9043,7
166,FWD,517052,Nicolas,Jackson,2645226,0,False,45,0,0,0,0,0,0,0,1,0,0,0,0,0.0,2.0,2.0,0.2,0,0,0,0,1,0.00,0.04,0.04,0.39,65,28857,143354,47223,18366,7
166,FWD,517052,Nicolas,Jackson,2645244,6,False,87,1,0,0,1,0,0,0,1,0,0,1,31,37.4,11.4,52.0,10.1,1,3,0,4,1,0.44,0.02,0.46,1.13,65,-17305,125508,18834,36139,7
582,FWD,690838,Brian,Madjo,2645201,0,False,0,0,0,0,0,0,0,0,0,0,0,0,0,0.0,0.0,0.0,0.0,0,0,0,0,0,0.00,0.00,0.00,0.00,55,0,46241,0,0,7
582,FWD,690838,Brian,Madjo,2645206,0,False,0,0,0,0,0,0,0,0,0,0,0,0,0,0.0,0.0,0.0,0.0,0,0,0,0,0,0.00,0.00,0.00,0.00,55,-7757,40291,1166,8923,7
582,FWD,690838,Brian,Madjo,2645220,0,False,0,0,0,0,0,0,0,0,0,0,0,0,0,0.0,0.0,0.0,0.0,0,0,0,0,0,0.00,0.00,0.00,0.00,55,-8463,31743,894,9357,7
582,FWD,690838,Brian,Madjo,2645226,0,False,0,0,0,0,0,0,0,0,0,0,0,0,0,0.0,0.0,0.0,0.0,0,0,0,0,0,0.00,0.00,0.00,0.00,55,-5489,26815,357,5846,7
582,FWD,690838,Brian,Madjo,2645244,0,False,0,0,0,0,0,0,0,0,0,0,0,0,0,0.0,0.0,0.0,0.0,0,0,0,0,0,0.00,0.00,0.00,0.00,54,-4377,22744,268,4645,7
596,DEF,487992,Matteo,Ruggeri,2645201,1,False,8,0,0,0,0,0,0,0,0,0,0,0,3,4.0,0.0,0.0,0.4,0,0,2,2,0,0.00,0.00,0.00,0.14,45,0,7884,0,0,7
596,DEF,487992,Matteo,Ruggeri,2645206,0,False,0,0,0,0,0,0,0,0,0,0,0,0,0,0.0,0.0,0.0,0.0,0,0,0,0,0,0.00,0.00,0.00,0.00,45,-243,10673,856,1099,7
596,DEF,487992,Matteo,Ruggeri,2645220,1,False,15,0,0,0,0,0,0,0,0,0,0,0,3,2.6,2.6,0.0,0.5,1,2,0,1,0,0.00,0.01,0.01,0.35,45,-990,10240,736,1726,7
596,DEF,487992,Matteo,Ruggeri,2645226,0,False,0,0,0,0,0,0,0,0,0,0,0,0,0,0.0,0.0,0.0,0.0,0,0,0,0,0,0.00,0.00,0.00,0.00,45,-993,9485,272,1265,7
596,DEF,487992,Matteo,Ruggeri,2645244,3,False,90,0,0,0,2,0,0,0,0,0,0,0,11,19.4,11.5,1.0,3.2,13,9,0,13,1,0.03,0.01,0.04,1.56,45,-395,9272,779,1174,7
597,GKP,433969,Zion,Suzuki,2645201,0,False,0,0,0,0,0,0,0,0,0,0,0,0,0,0.0,0.0,0.0,0.0,0,0,0,0,0,0.00,0.00,0.00,0.00,50,0,61739,0,0,7
597,GKP,433969,Zion,Suzuki,2645206,2,False,90,0,0,0,1,0,0,0,0,0,1,0,8,13.6,0.0,0.0,1.4,2,9,0,0,1,0.00,0.00,0.00,1.04,50,-2542,82325,4229,6771,7
597,GKP,433969,Zion,Suzuki,2645220,10,False,90,0,0,1,0,0,0,0,0,0,4,3,38,27.2,0.0,0.0,2.7,1,13,0,0,1,0.00,0.00,0.00,0.57,50,21820,144003,33094,11274,7
597,GKP,433969,Zion,Suzuki,2645226,2,False,90,0,0,0,2,0,0,0,0,0,5,0,17,38.6,0.0,0.0,3.9,2,9,0,0,1,0.00,0.01,0.01,2.28,50,64651,206678,83655,19004,7
597,GKP,433969,Zion,Suzuki,2645244,2,False,90,0,0,0,2,0,0,0,0,0,5,0,17,36.2,0.0,0.0,3.6,3,12,0,0,1,0.00,0.00,0.00,1.56,50,-2224,196011,16586,18810,7
606,DEF,569577,Triston,Rowe,2645201,0,False,0,0,0,0,0,0,0,0,0,0,0,0,0,0.0,0.0,0.0,0.0,0,0,0,0,0,0.00,0.00,0.00,0.00,40,0,0,0,0,7
606,DEF,569577,Triston,Rowe,2645206,0,False,0,0,0,0,0,0,0,0,0,0,0,0,0,0.0,0.0,0.0,0.0,0,0,0,0,0,0.00,0.00,0.00,0.00,40,1314,5947,1560,246,7
606,DEF,569577,Triston,Rowe,2645220,0,False,0,0,0,0,0,0,0,0,0,0,0,0,0,0.0,0.0,0.0,0.0,0,0,0,0,0,0.00,0.00,0.00,0.00,40,4717,18767,6400,1683,7
606,DEF,569577,Triston,Rowe,2645226,0,False,0,0,0,0,0,0,0,0,0,0,0,0,0,0.0,0.0,0.0,0.0,0,0,0,0,0,0.00,0.00,0.00,0.00,40,1187,18103,2914,1727,7
606,DEF,569577,Triston,Rowe,2645244,0,False,0,0,0,0,0,0,0,0,0,0,0,0,0,0.0,0.0,0.0,0.0,0,0,0,0,0,0.00,0.00,0.00,0.00,40,223,18299,1822,1599,7
607,MID,571380,Luka,Lynch,2645201,0,False,0,0,0,0,0,0,0,0,0,0,0,0,0,0.0,0.0,0.0,0.0,0,0,0,0,0,0.00,0.00,0.00,0.00,45,0,0,0,0,7
607,MID,571380,Luka,Lynch,2645206,0,False,0,0,0,0,0,0,0,0,0,0,0,0,0,0.0,0.0,0.0,0.0,0,0,0,0,0,0.00,0.00,0.00,0.00,45,2771,8874,3603,832,7
607,MID,571380,Luka,Lynch,2645220,0,False,0,0,0,0,0,0,0,0,0,0,0,0,0,0.0,0.0,0.0,0.0,0,0,0,0,0,0.00,0.00,0.00,0.00,45,1177,12683,3500,2323,7
607,MID,571380,Luka,Lynch,2645226,0,False,0,0,0,0,0,0,0,0,0,0,0,0,0,0.0,0.0,0.0,0.0,0,0,0,0,0,0.00,0.00,0.00,0.00,45,-2922,8828,0,2922,7
607,MID,571380,Luka,Lynch,2645244,0,False,0,0,0,0,0,0,0,0,0,0,0,0,0,0.0,0.0,0.0,0.0,0,0,0,0,0,0.00,0.00,0.00,0.00,45,-1367,7636,0,1367,7
611,DEF,214590,Aaron,Wan-Bissaka,2645206,1,False,12,0,0,0,0,0,0,0,0,0,0,0,4,3.6,0.8,0.0,0.4,0,0,2,2,0,0.00,0.00,0.00,0.00,45,1383,4588,1549,166,7
611,DEF,214590,Aaron,Wan-Bissaka,2645220,1,False,5,0,0,0,0,0,0,0,0,0,0,0,3,2.8,0.9,0.0,0.4,1,0,0,1,0,0.00,0.00,0.00,0.35,45,5012,15829,6633,1621,7
611,DEF,214590,Aaron,Wan-Bissaka,2645226,3,False,90,0,0,0,2,0,0,0,0,0,0,0,11,26.0,13.3,0.0,3.9,7,1,5,12,1,0.00,0.06,0.06,2.28,45,1842,19667,4076,2234,7
611,DEF,214590,Aaron,Wan-Bissaka,2645244,1,False,45,0,0,0,0,0,0,0,0,0,0,0,6,10.4,1.4,0.0,1.2,4,0,2,6,1,0.00,0.01,0.01,0.64,45,2283,23660,4595,2312,7
618,MID,119090,Leon,Goretzka,2645206,0,False,0,0,0,0,0,0,0,0,0,0,0,0,0,0.0,0.0,0.0,0.0,0,0,0,0,0,0.00,0.00,0.00,0.00,60,205,386,212,7,7
618,MID,119090,Leon,Goretzka,2645220,0,False,0,0,0,0,0,0,0,0,0,0,0,0,0,0.0,0.0,0.0,0.0,0,0,0,0,0,0.00,0.00,0.00,0.00,60,2608,5084,3449,841,7
618,MID,119090,Leon,Goretzka,2645226,0,False,0,0,0,0,0,0,0,0,0,0,0,0,0,0.0,0.0,0.0,0.0,0,0,0,0,0,0.00,0.00,0.00,0.00,60,-1201,4178,901,2102,7
618,MID,119090,Leon,Goretzka,2645244,0,False,0,0,0,0,0,0,0,0,0,0,0,0,0,0.0,0.0,0.0,0.0,0,0,0,0,0,0.00,0.00,0.00,0.00,59,-1317,2971,47,1364,7
630,DEF,245719,Taylor,Harwood-Bellis,2645220,0,False,0,0,0,0,0,0,0,0,0,0,0,0,0,0.0,0.0,0.0,0.0,0,0,0,0,0,0.00,0.00,0.00,0.00,45,755,1010,945,190,7
630,DEF,245719,Taylor,Harwood-Bellis,2645226,0,False,0,0,0,0,0,0,0,0,0,0,0,0,0,0.0,0.0,0.0,0.0,0,0,0,0,0,0.00,0.00,0.00,0.00,45,388,1586,653,265,7
630,DEF,245719,Taylor,Harwood-Bellis,2645244,0,False,0,0,0,0,0,0,0,0,0,0,0,0,0,0.0,0.0,0.0,0.0,0,0,0,0,0,0.00,0.00,0.00,0.00,45,28,1743,379,351,7
631,MID,638987,Ibrahim,Mbaye,2645220,0,False,0,0,0,0,0,0,0,0,0,0,0,0,0,0.0,0.0,0.0,0.0,0,0,0,0,0,0.00,0.00,0.00,0.00,60,3426,4421,4056,630,7
631,MID,638987,Ibrahim,Mbaye,2645226,1,False,27,0,0,0,1,0,0,0,0,0,0,0,6,9.0,15.2,19.0,4.3,0,1,1,2,0,0.02,0.13,0.15,0.86,60,1207,5917,2787,1580,7
631,MID,638987,Ibrahim,Mbaye,2645244,1,False,6,0,0,0,2,0,0,0,0,0,0,0,2,0.0,0.0,0.0,0.0,0,0,0,0,0,0.00,0.00,0.00,0.78,60,1194,7570,2665,1471,7
667,GKP,481283,James,Wright,2645244,0,False,0,0,0,0,0,0,0,0,0,0,0,0,0,0.0,0.0,0.0,0.0,0,0,0,0,0,0.00,0.00,0.00,0.00,40,0,0,0,0,7
57,GKP,457569,Đorđe,Petrović,2645202,2,False,90,0,0,0,2,0,0,0,0,0,4,0,13,36.8,0.0,0.0,3.7,2,5,0,0,1,0.00,0.00,0.00,2.25,45,0,288326,0,0,91
57,GKP,457569,Đorđe,Petrović,2645205,3,False,90,0,0,0,1,0,0,0,0,0,5,0,20,33.8,0.0,0.0,3.4,3,8,0,0,1,0.00,0.00,0.00,1.84,45,11325,332768,25378,14053,91
57,GKP,457569,Đorđe,Petrović,2645223,1,False,90,0,0,0,2,0,0,0,0,0,0,0,0,3.4,0.0,0.0,0.3,1,8,0,0,1,0.00,0.00,0.00,0.71,45,11030,349425,45982,34952,91
57,GKP,457569,Đorđe,Petrović,2645225,1,False,90,0,0,0,2,0,0,0,0,0,0,0,0,0.0,0.0,0.0,0.0,0,10,0,0,1,0.00,0.00,0.00,0.50,45,-9622,346097,27504,37126,91
57,GKP,457569,Đorđe,Petrović,2645235,2,False,90,0,0,0,1,0,0,0,0,0,2,0,12,18.2,0.0,0.0,1.8,0,12,0,0,1,0.00,0.00,0.00,1.65,45,-19421,325591,7119,26540,91
58,GKP,40383,Fraser,Forster,2645202,0,False,0,0,0,0,0,0,0,0,0,0,0,0,0,0.0,0.0,0.0,0.0,0,0,0,0,0,0.00,0.00,0.00,0.00,40,0,283903,0,0,91
58,GKP,40383,Fraser,Forster,2645205,0,False,0,0,0,0,0,0,0,0,0,0,0,0,0,0.0,0.0,0.0,0.0,0,0,0,0,0,0.00,0.00,0.00,0.00,40,-1091,317899,9562,10653,91
58,GKP,40383,Fraser,Forster,2645223,0,False,0,0,0,0,0,0,0,0,0,0,0,0,0,0.0,0.0,0.0,0.0,0,0,0,0,0,0.00,0.00,0.00,0.00,40,17023,371559,38348,21325,91
58,GKP,40383,Fraser,Forster,2645225,0,False,0,0,0,0,0,0,0,0,0,0,0,0,0,0.0,0.0,0.0,0.0,0,0,0,0,0,0.00,0.00,0.00,0.00,40,14555,383559,38779,24224,91
58,GKP,40383,Fraser,Forster,2645235,0,False,0,0,0,0,0,0,0,0,0,0,0,0,0,0.0,0.0,0.0,0.0,0,0,0,0,0,0.00,0.00,0.00,0.00,40,6886,391157,22505,15619,91
59,GKP,444172,Will,Dennis,2645202,0,False,0,0,0,0,0,0,0,0,0,0,0,0,0,0.0,0.0,0.0,0.0,0,0,0,0,0,0.00,0.00,0.00,0.00,40,0,16822,0,0,91
59,GKP,444172,Will,Dennis,2645205,0,False,0,0,0,0,0,0,0,0,0,0,0,0,0,0.0,0.0,0.0,0.0,0,0,0,0,0,0.00,0.00,0.00,0.00,40,-384,18847,1133,1517,91
59,GKP,444172,Will,Dennis,2645223,0,False,0,0,0,0,0,0,0,0,0,0,0,0,0,0.0,0.0,0.0,0.0,0,0,0,0,0,0.00,0.00,0.00,0.00,40,-2784,15695,0,2784,91
59,GKP,444172,Will,Dennis,2645225,0,False,0,0,0,0,0,0,0,0,0,0,0,0,0,0.0,0.0,0.0,0.0,0,0,0,0,0,0.00,0.00,0.00,0.00,40,-1608,14269,0,1608,91
59,GKP,444172,Will,Dennis,2645235,0,False,0,0,0,0,0,0,0,0,0,0,0,0,0,0.0,0.0,0.0,0.0,0,0,0,0,0,0.00,0.00,0.00,0.00,40,-1059,13258,0,1059,91
60,DEF,463981,James,Hill,2645202,1,False,90,0,0,0,2,0,0,0,0,0,0,0,0,11.6,0.3,0.0,1.2,5,1,1,6,1,0.00,0.00,0.00,2.25,55,0,72436,0,0,91
60,DEF,463981,James,Hill,2645205,4,False,90,0,0,0,1,0,0,0,0,0,0,0,19,25.6,21.0,4.0,5.1,9,3,3,12,1,0.00,0.74,0.74,1.84,55,2412,89428,9153,6741,91
60,DEF,463981,James,Hill,2645223,1,False,90,0,0,0,2,0,0,0,0,0,0,0,4,16.8,31.5,2.0,5.0,6,1,0,6,1,0.00,0.02,0.02,0.71,55,-4574,87381,7094,11668,91
60,DEF,463981,James,Hill,2645225,2,False,90,0,0,0,2,0,0,0,1,0,0,0,5,22.0,11.4,0.0,3.3,10,3,1,11,1,0.00,0.01,0.01,0.50,55,-2382,89044,8173,10555,91
60,DEF,463981,James,Hill,2645235,4,False,90,0,0,0,1,0,0,0,0,0,0,0,15,43.6,5.1,0.0,4.9,11,3,4,15,1,0.00,0.02,0.02,1.65,55,-8309,80776,3321,11630,91
61,DEF,494521,Adrien,Truffert,2645202,1,False,90,0,0,0,2,0,0,0,0,0,0,0,0,15.4,1.3,0.0,1.7,5,7,2,7,1,0.00,0.00,0.00,2.25,55,0,392050,0,0,91
61,DEF,494521,Adrien,Truffert,2645205,4,False,90,0,0,0,1,0,0,0,0,0,0,2,27,27.8,23.7,4.0,5.6,7,6,2,9,1,0.00,0.07,0.07,1.84,55,-5220,417325,20601,25821,91
61,DEF,494521,Adrien,Truffert,2645223,0,False,90,0,0,0,2,0,0,0,1,0,0,0,-3,10.2,15.7,2.0,2.8,3,5,3,6,1,0.01,0.06,0.07,0.71,55,-30205,387734,11879,42084,91
61,DEF,494521,Adrien,Truffert,2645225,3,False,90,0,0,0,2,0,0,0,0,0,0,0,23,38.6,18.0,28.0,8.5,8,3,8,16,1,0.08,0.10,0.18,0.50,55,-33011,362027,12869,45880,91
61,DEF,494521,Adrien,Truffert,2645235,2,False,90,0,0,0,1,0,0,0,0,0,0,0,6,12.6,11.8,5.0,2.9,5,3,2,7,1,0.02,0.06,0.08,1.65,55,-27978,334232,6520,34498,91
62,DEF,242882,Bafodé,Diakité,2645202,0,False,0,0,0,0,0,0,0,0,0,0,0,0,0,0.0,0.0,0.0,0.0,0,0,0,0,0,0.00,0.00,0.00,0.00,50,0,15573,0,0,91
62,DEF,242882,Bafodé,Diakité,2645205,0,False,0,0,0,0,0,0,0,0,0,0,0,0,0,0.0,0.0,0.0,0.0,0,0,0,0,0,0.00,0.00,0.00,0.00,50,401,19940,2722,2321,91
62,DEF,242882,Bafodé,Diakité,2645223,0,False,0,0,0,0,0,0,0,0,0,0,0,0,0,0.0,0.0,0.0,0.0,0,0,0,0,0,0.00,0.00,0.00,0.00,50,-2153,18773,1710,3863,91
62,DEF,242882,Bafodé,Diakité,2645225,0,False,0,0,0,0,0,0,0,0,0,0,0,0,0,0.0,0.0,0.0,0.0,0,0,0,0,0,0.00,0.00,0.00,0.00,50,-1343,18147,1310,2653,91
62,DEF,242882,Bafodé,Diakité,2645235,0,False,0,0,0,0,0,0,0,0,0,0,0,0,0,0.0,0.0,0.0,0.0,0,0,0,0,0,0.00,0.00,0.00,0.00,50,-1312,17170,916,2228,91
63,DEF,620487,Veljko,Milosavljevic,2645202,0,False,0,0,0,0,0,0,0,0,0,0,0,0,0,0.0,0.0,0.0,0.0,0,0,0,0,0,0.00,0.00,0.00,0.00,50,0,1122,0,0,91
63,DEF,620487,Veljko,Milosavljevic,2645205,0,False,0,0,0,0,0,0,0,0,0,0,0,0,0,0.0,0.0,0.0,0.0,0,0,0,0,0,0.00,0.00,0.00,0.00,50,-222,1026,74,296,91
63,DEF,620487,Veljko,Milosavljevic,2645223,0,False,0,0,0,0,0,0,0,0,0,0,0,0,0,0.0,0.0,0.0,0.0,0,0,0,0,0,0.00,0.00,0.00,0.00,50,-154,919,88,242,91
63,DEF,620487,Veljko,Milosavljevic,2645225,0,False,0,0,0,0,0,0,0,0,0,0,0,0,0,0.0,0.0,0.0,0.0,0,0,0,0,0,0.00,0.00,0.00,0.00,50,-94,852,70,164,91
63,DEF,620487,Veljko,Milosavljevic,2645235,0,False,0,0,0,0,0,0,0,0,0,0,0,0,0,0.0,0.0,0.0,0.0,0,0,0,0,0,0.00,0.00,0.00,0.00,49,-21,843,74,95,91
64,DEF,54469,Adam,Smith,2645202,1,False,90,0,0,0,2,0,0,0,0,0,0,0,4,7.0,0.6,0.0,0.8,4,3,1,5,1,0.00,0.00,0.00,2.25,45,0,8561,0,0,91
64,DEF,54469,Adam,Smith,2645205,1,False,90,0,0,0,1,0,0,0,1,0,0,0,5,15.6,15.7,0.0,3.1,4,0,2,6,1,0.00,0.02,0.02,1.84,45,1827,13789,2845,1018,91
64,DEF,54469,Adam,Smith,2645223,0,False,90,0,0,0,2,0,0,0,1,0,0,0,3,9.6,25.3,4.0,3.9,3,6,1,4,1,0.01,0.04,0.05,0.71,45,-461,13869,1630,2091,91
64,DEF,54469,Adam,Smith,2645225,0,False,90,0,0,0,2,0,0,0,1,0,0,0,-1,11.4,2.0,0.0,1.3,5,4,1,6,1,0.00,0.01,0.01,0.50,45,-233,14155,1505,1738,91
64,DEF,54469,Adam,Smith,2645235,2,False,74,0,0,0,1,0,0,0,0,0,0,0,3,0.0,0.8,0.0,0.0,0,2,0,0,1,0.00,0.02,0.02,1.40,45,-1163,13093,818,1981,91
65,DEF,436893,Julián,Araujo Zúñiga,2645202,0,False,0,0,0,0,0,0,0,0,0,0,0,0,0,0.0,0.0,0.0,0.0,0,0,0,0,0,0.00,0.00,0.00,0.00,45,0,1775,0,0,91
65,DEF,436893,Julián,Araujo Zúñiga,2645205,0,False,0,0,0,0,0,0,0,0,0,0,0,0,0,0.0,0.0,0.0,0.0,0,0,0,0,0,0.00,0.00,0.00,0.00,45,-418,1571,88,506,91
65,DEF,436893,Julián,Araujo Zúñiga,2645223,0,False,0,0,0,0,0,0,0,0,0,0,0,0,0,0.0,0.0,0.0,0.0,0,0,0,0,0,0.00,0.00,0.00,0.00,45,-270,1391,96,366,91
65,DEF,436893,Julián,Araujo Zúñiga,2645225,0,False,0,0,0,0,0,0,0,0,0,0,0,0,0,0.0,0.0,0.0,0.0,0,0,0,0,0,0.00,0.00,0.00,0.00,44,-117,1303,99,216,91
65,DEF,436893,Julián,Araujo Zúñiga,2645235,0,False,0,0,0,0,0,0,0,0,0,0,0,0,0,0.0,0.0,0.0,0.0,0,0,0,0,0,0.00,0.00,0.00,0.00,44,-50,1281,101,151,91
66,DEF,575901,Julio,Soler Barreto,2645202,0,False,0,0,0,0,0,0,0,0,0,0,0,0,0,0.0,0.0,0.0,0.0,0,0,0,0,0,0.00,0.00,0.00,0.00,40,0,19739,0,0,91
66,DEF,575901,Julio,Soler Barreto,2645205,0,False,0,0,0,0,0,0,0,0,0,0,0,0,0,0.0,0.0,0.0,0.0,0,0,0,0,0,0.00,0.00,0.00,0.00,40,-2011,18565,416,2427,91
66,DEF,575901,Julio,Soler Barreto,2645223,0,False,0,0,0,0,0,0,0,0,0,0,0,0,0,0.0,0.0,0.0,0.0,0,0,0,0,0,0.00,0.00,0.00,0.00,40,3691,30657,6046,2355,91
66,DEF,575901,Julio,Soler Barreto,2645225,0,False,0,0,0,0,0,0,0,0,0,0,0,0,0,0.0,0.0,0.0,0.0,0,0,0,0,0,0.00,0.00,0.00,0.00,40,1583,31214,4282,2699,91
66,DEF,575901,Julio,Soler Barreto,2645235,0,False,0,0,0,0,0,0,0,0,0,0,0,0,0,0.0,0.0,0.0,0.0,0,0,0,0,0,0.00,0.00,0.00,0.00,40,-57,28923,2347,2404,91
67,MID,499604,Rayan Vitor,Simplício Rocha,2645202,2,False,88,0,0,0,1,0,0,0,0,0,0,0,9,6.2,11.3,17.0,3.5,1,0,0,1,1,0.04,0.03,0.07,2.06,65,0,242374,0,0,91
67,MID,499604,Rayan Vitor,Simplício Rocha,2645205,2,False,90,0,0,0,1,0,0,0,0,0,0,0,4,8.6,3.5,44.0,5.6,1,3,1,5,1,0.40,0.02,0.42,1.84,65,1501,276541,23680,22179,91
67,MID,499604,Rayan Vitor,Simplício Rocha,2645223,2,False,88,0,0,0,2,0,0,0,0,0,0,0,8,1.6,0.9,10.0,1.3,1,0,1,2,1,0.04,0.01,0.05,0.66,65,-48316,230133,11708,60024,91
67,MID,499604,Rayan Vitor,Simplício Rocha,2645225,2,False,81,0,0,0,2,0,0,0,0,0,0,0,7,5.6,17.8,20.0,4.3,2,0,1,3,1,0.39,0.02,0.41,0.39,64,-33384,202880,8549,41933,91
67,MID,499604,Rayan Vitor,Simplício Rocha,2645235,2,False,87,0,0,0,1,0,0,0,0,0,0,0,17,8.4,16.9,8.0,3.3,1,1,2,4,1,0.00,0.35,0.35,1.40,64,-30627,173374,4733,35360,91
68,MID,201658,Marcus,Tavernier,2645202,10,False,90,1,0,0,2,0,0,0,0,0,0,3,32,40.0,17.2,18.0,7.5,2,4,2,8,1,0.40,0.08,0.48,2.25,60,0,139421,0,0,91
68,MID,201658,Marcus,Tavernier,2645205,1,False,90,0,0,0,1,0,0,0,1,0,0,0,20,15.0,38.3,11.0,6.4,1,6,4,11,1,0.09,0.21,0.30,1.84,60,74776,254437,87207,12431,91
68,MID,201658,Marcus,Tavernier,2645223,10,False,88,1,0,0,2,0,0,0,0,0,0,3,43,46.6,13.2,77.0,13.7,0,8,1,9,1,1.01,0.05,1.06,0.66,60,-21585,230783,28263,49848,91
68,MID,201658,Marcus,Tavernier,2645225,8,False,82,1,0,0,2,0,0,0,1,0,0,2,44,49.4,58.3,37.0,14.5,2,5,1,8,1,0.20,0.47,0.67,0.39,60,125960,417515,177420,51460,91
68,MID,201658,Marcus,Tavernier,2645235,2,False,74,0,0,0,1,0,0,0,0,0,0,0,14,10.8,19.1,4.0,3.4,0,3,3,6,1,0.00,0.11,0.11,1.40,61,257318,709800,318303,60985,91
69,MID,503139,Alex,Scott,2645202,2,False,90,0,0,0,2,0,0,0,0,0,0,0,17,11.4,4.8,0.0,1.6,1,6,4,11,1,0.00,0.01,0.01,2.25,60,0,134668,0,0,91
69,MID,503139,Alex,Scott,2645205,12,False,86,1,0,1,0,0,0,0,1,0,0,3,39,47.6,32.1,21.0,10.1,3,9,3,15,1,0.26,0.27,0.53,1.71,60,-4366,145926,8520,12886,91
69,MID,503139,Alex,Scott,2645223,10,False,90,0,2,0,2,0,0,0,0,0,0,2,37,13.4,22.9,12.0,4.8,5,6,0,11,1,0.07,0.02,0.09,0.71,60,39114,210299,56885,17771,91
69,MID,503139,Alex,Scott,2645225,4,False,90,0,0,0,2,0,0,0,0,0,0,0,19,22.2,46.1,10.0,7.8,6,7,2,15,1,0.19,0.05,0.24,0.50,61,324036,657646,386435,62399,91
69,MID,503139,Alex,Scott,2645235,2,False,90,0,0,0,1,0,0,0,0,0,0,0,17,8.2,40.5,13.0,6.2,0,8,0,8,1,0.12,0.07,0.19,1.65,61,-5057,624564,72063,77120,91
70,MID,222683,Justin,Kluivert,2645202,3,False,74,0,0,1,0,0,0,0,0,0,0,0,15,11.0,14.3,17.0,4.2,1,5,3,9,1,0.11,0.00,0.11,1.94,60,0,96045,0,0,91
70,MID,222683,Justin,Kluivert,2645205,3,False,80,0,0,1,0,0,0,0,0,0,0,0,12,11.2,26.9,57.0,9.5,0,5,0,5,1,0.61,0.05,0.66,1.67,60,6731,123176,16321,9590,91
70,MID,222683,Justin,Kluivert,2645223,1,False,75,0,0,0,1,0,0,0,1,0,0,0,6,0.0,2.0,3.0,0.2,0,3,1,4,1,0.06,0.01,0.07,0.48,60,-12692,113173,10830,23522,91
70,MID,222683,Justin,Kluivert,2645225,8,False,65,1,0,0,2,0,0,0,0,0,0,1,31,40.0,3.3,43.0,8.6,1,3,0,4,1,0.21,0.02,0.23,0.39,60,-12026,104989,8665,20691,91
70,MID,222683,Justin,Kluivert,2645235,0,False,0,0,0,0,0,0,0,0,0,0,0,0,0,0.0,0.0,0.0,0.0,0,0,0,0,0,0.00,0.00,0.00,0.00,60,3462,110738,14541,11079,91
71,MID,155408,Lewis,Cook,2645202,3,False,75,0,0,1,0,0,0,0,0,0,0,0,8,4.6,2.1,0.0,0.7,3,3,1,7,1,0.00,0.00,0.00,1.94,50,0,13065,0,0,91
71,MID,155408,Lewis,Cook,2645205,3,False,68,0,0,1,0,0,0,0,0,0,0,0,13,3.8,12.8,0.0,1.7,0,2,0,2,1,0.00,0.01,0.01,1.67,50,1552,18237,3259,1707,91
71,MID,155408,Lewis,Cook,2645223,1,False,14,0,0,0,1,0,0,0,0,0,0,0,2,0.0,0.3,0.0,0.0,1,0,0,1,0,0.00,0.00,0.00,0.23,50,2757,23118,6600,3843,91
71,MID,155408,Lewis,Cook,2645225,0,False,8,0,0,0,0,0,0,0,1,0,0,0,-1,0.6,0.3,0.0,0.1,2,0,0,2,0,0.00,0.00,0.00,0.11,50,-1358,21878,2134,3492,91
71,MID,155408,Lewis,Cook,2645235,1,False,15,0,0,0,0,0,0,0,0,0,0,0,3,2.8,0.3,0.0,0.3,1,1,0,2,0,0.00,0.00,0.00,0.25,50,-2898,19112,841,3739,91
72,MID,496208,Ben,Gannon-Doak,2645202,1,False,1,0,0,0,1,0,0,0,0,0,0,0,3,0.2,0.1,2.0,0.2,0,1,0,1,0,0.00,0.00,0.00,0.19,50,0,7889,0,0,91
72,MID,496208,Ben,Gannon-Doak,2645205,0,False,0,0,0,0,0,0,0,0,0,0,0,0,0,0.0,0.0,0.0,0.0,0,0,0,0,0,0.00,0.00,0.00,0.00,50,-468,8171,365,833,91
72,MID,496208,Ben,Gannon-Doak,2645223,1,False,1,0,0,0,0,0,0,0,0,0,0,0,3,2.0,0.5,5.0,0.8,0,1,1,2,0,0.02,0.00,0.02,0.05,50,-1165,7170,384,1549,91
72,MID,496208,Ben,Gannon-Doak,2645225,1,False,8,0,0,0,0,0,0,0,0,0,0,0,6,1.6,1.5,7.0,1.0,0,3,1,4,0,0.10,0.03,0.13,0.11,49,-612,6799,413,1025,91
72,MID,496208,Ben,Gannon-Doak,2645235,1,False,2,0,0,0,0,0,0,0,0,0,0,0,3,0.2,0.8,2.0,0.3,0,0,0,0,0,0.00,0.02,0.02,0.25,49,-515,6412,338,853,91
73,MID,200785,Tyler,Adams,2645202,1,False,15,0,0,0,2,0,0,0,0,0,0,0,4,3.6,0.6,0.0,0.4,3,0,0,3,0,0.00,0.00,0.00,0.31,50,0,19512,0,0,91
73,MID,200785,Tyler,Adams,2645205,1,False,21,0,0,0,1,0,0,0,0,0,0,0,4,1.6,1.3,0.0,0.3,0,3,0,3,0,0.00,0.00,0.00,0.16,50,177,22708,3032,2855,91
73,MID,200785,Tyler,Adams,2645223,4,False,75,0,0,0,1,0,0,0,0,0,0,0,15,12.2,11.5,0.0,2.4,1,8,3,12,1,0.00,0.01,0.01,0.48,50,897,26019,5588,4691,91
73,MID,200785,Tyler,Adams,2645225,2,False,81,0,0,0,2,0,0,0,0,0,0,0,16,13.0,5.9,7.0,2.6,3,5,2,10,1,0.03,0.02,0.05,0.39,50,2015,29708,5594,3579,91
73,MID,200785,Tyler,Adams,2645235,4,False,87,0,0,0,1,0,0,0,0,0,0,0,13,15.4,12.9,0.0,2.8,5,6,2,13,1,0.00,0.04,0.04,1.40,50,-871,29052,2995,3866,91
74,MID,111317,David,Brooks,2645202,0,False,0,0,0,0,0,0,0,0,0,0,0,0,0,0.0,0.0,0.0,0.0,0,0,0,0,0,0.00,0.00,0.00,0.00,50,0,4610,0,0,91
74,MID,111317,David,Brooks,2645205,1,False,9,0,0,0,1,0,0,0,0,0,0,0,3,0.0,1.6,0.0,0.1,0,0,0,0,0,0.00,0.01,0.01,0.16,50,-93,5133,602,695,91
74,MID,111317,David,Brooks,2645223,1,False,14,0,0,0,1,0,0,0,0,0,0,0,2,0.0,0.0,0.0,0.0,0,0,0,0,0,0.00,0.00,0.00,0.23,50,292,5938,1296,1004,91
74,MID,111317,David,Brooks,2645225,0,False,7,0,0,0,0,0,0,0,1,0,0,0,-1,4.2,0.3,2.0,0.7,2,1,0,3,0,0.00,0.00,0.00,0.11,50,-81,6000,781,862,91
74,MID,111317,David,Brooks,2645235,1,False,15,0,0,0,0,0,0,0,0,0,0,0,4,5.0,21.7,0.0,2.7,0,2,0,2,0,0.00,0.06,0.06,0.25,50,-394,5709,503,897,91
75,MID,158499,Ryan,Christie,2645202,0,False,0,0,0,0,0,0,0,0,0,0,0,0,0,0.0,0.0,0.0,0.0,0,0,0,0,0,0.00,0.00,0.00,0.00,50,0,1007,0,0,91
75,MID,158499,Ryan,Christie,2645205,1,False,3,0,0,0,1,0,0,0,0,0,0,0,5,2.8,0.3,0.0,0.3,0,1,1,2,0,0.00,0.00,0.00,0.13,50,364,1962,560,196,91
75,MID,158499,Ryan,Christie,2645223,1,False,1,0,0,0,0,0,0,0,0,0,0,0,3,0.0,0.0,0.0,0.0,0,0,0,0,0,0.00,0.00,0.00,0.00,50,522,2833,1038,516,91
75,MID,158499,Ryan,Christie,2645225,1,False,24,0,0,0,0,0,0,0,0,0,0,0,7,6.6,14.4,4.0,2.5,3,4,0,7,0,0.00,0.12,0.12,0.11,50,542,3640,1116,574,91
75,MID,158499,Ryan,Christie,2645235,2,False,74,0,0,0,1,0,0,0,0,0,0,0,0,0.0,2.4,27.0,2.4,0,5,0,5,1,0.50,0.01,0.51,1.40,50,-118,3511,541,659,91
76,MID,614574,Alex,Tóth,2645202,1,False,15,0,0,0,2,0,0,0,0,0,0,0,5,2.8,0.6,0.0,0.3,0,1,1,2,0,0.00,0.00,0.00,0.31,50,0,1238,0,0,91
76,MID,614574,Alex,Tóth,2645205,0,False,0,0,0,0,0,0,0,0,0,0,0,0,0,0.0,0.0,0.0,0.0,0,0,0,0,0,0.00,0.00,0.00,0.00,50,-46,1576,100,146,91
76,MID,614574,Alex,Tóth,2645223,0,False,0,0,0,0,0,0,0,0,0,0,0,0,0,0.0,0.0,0.0,0.0,0,0,0,0,0,0.00,0.00,0.00,0.00,50,-108,1563,123,231,91
76,MID,614574,Alex,Tóth,2645225,0,False,0,0,0,0,0,0,0,0,0,0,0,0,0,0.0,0.0,0.0,0.0,0,0,0,0,0,0.00,0.00,0.00,0.00,50,-138,1498,72,210,91
76,MID,614574,Alex,Tóth,2645235,1,False,2,0,0,0,0,0,0,0,0,0,0,0,3,0.2,0.1,0.0,0.0,0,0,0,0,0,0.00,0.00,0.00,0.25,49,-80,1445,62,142,91
77,MID,489888,Amine,Adli,2645202,0,False,0,0,0,0,0,0,0,0,0,0,0,0,0,0.0,0.0,0.0,0.0,0,0,0,0,0,0.00,0.00,0.00,0.00,50,0,3087,0,0,91
77,MID,489888,Amine,Adli,2645205,0,False,0,0,0,0,0,0,0,0,0,0,0,0,0,0.0,0.0,0.0,0.0,0,0,0,0,0,0.00,0.00,0.00,0.00,50,-922,2226,54,976,91
77,MID,489888,Amine,Adli,2645223,0,False,0,0,0,0,0,0,0,0,0,0,0,0,0,0.0,0.0,0.0,0.0,0,0,0,0,0,0.00,0.00,0.00,0.00,49,-491,1803,136,627,91
77,MID,489888,Amine,Adli,2645225,0,False,0,0,0,0,0,0,0,0,0,0,0,0,0,0.0,0.0,0.0,0.0,0,0,0,0,0,0.00,0.00,0.00,0.00,49,-275,1557,54,329,91
77,MID,489888,Amine,Adli,2645235,0,False,0,0,0,0,0,0,0,0,0,0,0,0,0,0.0,0.0,0.0,0.0,0,0,0,0,0,0.00,0.00,0.00,0.00,49,-184,1387,25,209,91
78,MID,560262,Junior,Kroupi,2645202,0,False,0,0,0,0,0,0,0,0,0,0,0,0,0,0.0,0.0,0.0,0.0,0,0,0,0,0,0.00,0.00,0.00,0.00,75,0,42378,0,0,91
78,MID,560262,Junior,Kroupi,2645205,0,False,0,0,0,0,0,0,0,0,0,0,0,0,0,0.0,0.0,0.0,0.0,0,0,0,0,0,0.00,0.00,0.00,0.00,75,-12946,30734,462,13408,91
78,MID,560262,Junior,Kroupi,2645223,0,False,0,0,0,0,0,0,0,0,0,0,0,0,0,0.0,0.0,0.0,0.0,0,0,0,0,0,0.00,0.00,0.00,0.00,74,-7714,23655,246,7960,91
78,MID,560262,Junior,Kroupi,2645225,0,False,0,0,0,0,0,0,0,0,0,0,0,0,0,0.0,0.0,0.0,0.0,0,0,0,0,0,0.00,0.00,0.00,0.00,74,-3124,21026,197,3321,91
78,MID,560262,Junior,Kroupi,2645235,0,False,0,0,0,0,0,0,0,0,0,0,0,0,0,0.0,0.0,0.0,0.0,0,0,0,0,0,0.00,0.00,0.00,0.00,74,-1688,19554,141,1829,91
79,FWD,444102,Francisco Evanilson,de Lima Barbosa,2645202,4,False,74,0,1,1,0,0,0,0,1,0,0,0,17,19.4,11.9,2.0,3.3,4,3,1,8,1,0.00,0.21,0.21,1.94,60,0,200122,0,0,91
79,FWD,444102,Francisco Evanilson,de Lima Barbosa,2645205,5,False,80,0,1,1,0,0,0,0,0,0,0,0,11,15.0,22.2,22.0,5.9,1,2,0,3,1,0.58,0.04,0.62,1.67,60,53599,300527,72625,19026,91
79,FWD,444102,Francisco Evanilson,de Lima Barbosa,2645223,2,False,90,0,0,0,2,0,0,0,0,0,0,0,4,3.2,5.1,21.0,2.9,4,3,0,7,1,0.13,0.01,0.14,0.71,60,26119,336364,69571,43452,91
79,FWD,444102,Francisco Evanilson,de Lima Barbosa,2645225,5,False,90,0,1,0,2,0,0,0,0,0,0,0,22,22.8,40.0,4.0,6.7,1,3,0,4,1,0.00,0.25,0.25,0.48,60,3494,349369,48861,45367,91
79,FWD,444102,Francisco Evanilson,de Lima Barbosa,2645235,2,False,90,0,0,0,1,0,0,0,0,0,0,0,12,11.0,3.4,50.0,6.4,1,2,2,5,1,0.16,0.01,0.17,1.65,60,-2578,350510,44404,46982,91
80,FWD,168636,Enes,Ünal,2645202,0,False,0,0,0,0,0,0,0,0,0,0,0,0,0,0.0,0.0,0.0,0.0,0,0,0,0,0,0.00,0.00,0.00,0.00,55,0,3581,0,0,91
80,FWD,168636,Enes,Ünal,2645205,0,False,0,0,0,0,0,0,0,0,0,0,0,0,0,0.0,0.0,0.0,0.0,0,0,0,0,0,0.00,0.00,0.00,0.00,55,-1070,2487,0,1070,91
80,FWD,168636,Enes,Ünal,2645223,0,False,0,0,0,0,0,0,0,0,0,0,0,0,0,0.0,0.0,0.0,0.0,0,0,0,0,0,0.00,0.00,0.00,0.00,55,-522,1977,0,522,91
80,FWD,168636,Enes,Ünal,2645225,0,False,0,0,0,0,0,0,0,0,0,0,0,0,0,0.0,0.0,0.0,0.0,0,0,0,0,0,0.00,0.00,0.00,0.00,55,-219,1781,0,219,91
80,FWD,168636,Enes,Ünal,2645235,0,False,0,0,0,0,0,0,0,0,0,0,0,0,0,0.0,0.0,0.0,0.0,0,0,0,0,0,0.00,0.00,0.00,0.00,55,-121,1665,0,121,91
81,FWD,561245,Álvaro,Rodríguez,2645202,0,False,0,0,0,0,0,0,0,0,0,0,0,0,0,0.0,0.0,0.0,0.0,0,0,0,0,0,0.00,0.00,0.00,0.00,60,0,9051,0,0,91
81,FWD,561245,Álvaro,Rodríguez,2645205,1,False,9,0,0,0,1,0,0,0,0,0,0,0,4,0.0,0.0,0.0,0.0,0,1,0,1,0,0.00,0.00,0.00,0.16,60,-182,11569,1000,1182,91
81,FWD,561245,Álvaro,Rodríguez,2645223,0,False,0,0,0,0,0,0,0,0,0,0,0,0,0,0.0,0.0,0.0,0.0,0,0,0,0,0,0.00,0.00,0.00,0.00,60,-398,12281,1521,1919,91
81,FWD,561245,Álvaro,Rodríguez,2645225,1,False,1,0,0,0,0,0,0,0,0,0,0,0,3,0.0,0.5,0.0,0.1,0,0,0,0,0,0.00,0.00,0.00,0.02,60,-409,12593,1247,1656,91
81,FWD,561245,Álvaro,Rodríguez,2645235,0,False,0,0,0,0,0,0,0,0,0,0,0,0,0,0.0,0.0,0.0,0.0,0,0,0,0,0,0.00,0.00,0.00,0.00,60,-435,12687,939,1374,91
566,DEF,483067,António João,Pereira de Albuquerque Tavares da Silva,2645202,2,False,90,0,0,0,2,0,0,0,1,0,0,0,5,31.4,0.3,0.0,3.2,13,1,0,13,1,0.00,0.00,0.00,2.25,50,0,23702,0,0,91
566,DEF,483067,António João,Pereira de Albuquerque Tavares da Silva,2645205,4,False,90,0,0,0,1,0,0,0,0,0,0,0,11,18.6,1.8,13.0,3.3,8,4,2,10,1,0.25,0.03,0.28,1.84,50,5175,36812,7365,2190,91
566,DEF,483067,António João,Pereira de Albuquerque Tavares da Silva,2645223,1,False,90,0,0,0,2,0,0,0,0,0,0,0,8,23.8,1.2,17.0,4.2,7,2,1,8,1,0.02,0.01,0.03,0.71,50,3048,43269,9722,6674,91
566,DEF,483067,António João,Pereira de Albuquerque Tavares da Silva,2645225,3,False,90,0,0,0,2,0,0,0,0,0,0,0,-2,18.0,5.3,11.0,3.4,10,5,0,10,1,0.58,0.23,0.81,0.50,50,-299,44292,5703,6002,91
566,DEF,483067,António João,Pereira de Albuquerque Tavares da Silva,2645235,3,False,90,0,0,0,1,0,0,0,1,0,0,0,8,32.8,1.5,2.0,3.6,13,2,2,15,1,0.00,0.02,0.02,1.65,50,-3903,40509,2672,6575,91
573,DEF,494928,Juanlu,Sánchez,2645202,0,False,0,0,0,0,0,0,0,0,0,0,0,0,0,0.0,0.0,0.0,0.0,0,0,0,0,0,0.00,0.00,0.00,0.00,45,0,18342,0,0,91
573,DEF,494928,Juanlu,Sánchez,2645205,0,False,0,0,0,0,0,0,0,0,0,0,0,0,0,0.0,0.0,0.0,0.0,0,0,0,0,0,0.00,0.00,0.00,0.00,45,-1013,21445,452,1465,91
573,DEF,494928,Juanlu,Sánchez,2645223,0,False,0,0,0,0,0,0,0,0,0,0,0,0,0,0.0,0.0,0.0,0.0,0,0,0,0,0,0.00,0.00,0.00,0.00,45,-1920,19900,369,2289,91
573,DEF,494928,Juanlu,Sánchez,2645225,0,False,0,0,0,0,0,0,0,0,0,0,0,0,0,0.0,0.0,0.0,0.0,0,0,0,0,0,0.00,0.00,0.00,0.00,45,-1322,18893,285,1607,91
573,DEF,494928,Juanlu,Sánchez,2645235,0,False,0,0,0,0,0,0,0,0,0,0,0,0,0,0.0,0.0,0.0,0.0,0,0,0,0,0,0.00,0.00,0.00,0.00,44,-982,18099,314,1296,91
608,FWD,523700,Daniel,Jebbison,2645202,1,False,15,0,0,0,2,0,0,0,0,0,0,0,6,3.4,0.8,17.0,2.1,0,1,0,1,0,0.10,0.00,0.10,0.31,50,0,0,0,0,91
608,FWD,523700,Daniel,Jebbison,2645205,0,False,0,0,0,0,0,0,0,0,0,0,0,0,0,0.0,0.0,0.0,0.0,0,0,0,0,0,0.00,0.00,0.00,0.00,50,2056,4738,2477,421,91
608,FWD,523700,Daniel,Jebbison,2645223,1,False,1,0,0,0,0,0,0,0,0,0,0,0,4,0.0,0.0,0.0,0.0,0,0,0,0,0,0.00,0.00,0.00,0.05,50,2512,9237,4510,1998,91
608,FWD,523700,Daniel,Jebbison,2645225,0,False,0,0,0,0,0,0,0,0,0,0,0,0,0,0.0,0.0,0.0,0.0,0,0,0,0,0,0.00,0.00,0.00,0.00,50,1502,11375,3390,1888,91
608,FWD,523700,Daniel,Jebbison,2645235,1,False,15,0,0,0,0,0,0,0,0,0,0,0,3,0.2,0.8,4.0,0.5,0,0,0,0,0,0.00,0.00,0.00,0.25,50,-62,11675,1986,2048,91
615,GKP,230650,Michele,Di Gregorio,2645205,0,False,0,0,0,0,0,0,0,0,0,0,0,0,0,0.0,0.0,0.0,0.0,0,0,0,0,0,0.00,0.00,0.00,0.00,45,214,593,241,27,91
615,GKP,230650,Michele,Di Gregorio,2645223,0,False,0,0,0,0,0,0,0,0,0,0,0,0,0,0.0,0.0,0.0,0.0,0,0,0,0,0,0.00,0.00,0.00,0.00,45,949,2932,1404,455,91
615,GKP,230650,Michele,Di Gregorio,2645225,0,False,0,0,0,0,0,0,0,0,0,0,0,0,0,0.0,0.0,0.0,0.0,0,0,0,0,0,0.00,0.00,0.00,0.00,45,229,3698,755,526,91
615,GKP,230650,Michele,Di Gregorio,2645235,0,False,0,0,0,0,0,0,0,0,0,0,0,0,0,0.0,0.0,0.0,0.0,0,0,0,0,0,0.00,0.00,0.00,0.00,45,-198,3687,343,541,91
82,GKP,200720,Caoimhín,Kelleher,2645196,7,False,90,0,0,1,0,0,0,0,0,0,4,0,34,31.4,0.0,0.0,3.1,0,5,0,0,1,0.00,0.01,0.01,0.57,50,0,513912,0,0,94
82,GKP,200720,Caoimhín,Kelleher,2645210,2,False,90,0,0,0,1,0,0,0,0,0,1,0,7,9.4,0.0,0.0,0.9,2,4,0,0,1,0.00,0.00,0.00,1.46,50,54510,649790,74434,19924,94
82,GKP,200720,Caoimhín,Kelleher,2645216,2,False,90,0,0,0,1,0,0,0,0,0,2,0,10,16.8,0.0,0.0,1.7,2,6,0,0,1,0.00,0.00,0.00,1.71,50,54758,832099,113703,58945,94
82,GKP,200720,Caoimhín,Kelleher,2645225,3,False,90,0,0,0,2,0,0,0,0,0,8,0,19,44.0,0.0,0.0,4.4,1,11,0,0,1,0.00,0.00,0.00,1.75,50,-23973,702931,34374,58347,94
82,GKP,200720,Caoimhín,Kelleher,2645236,6,False,90,0,0,1,0,0,0,0,0,0,2,0,27,16.4,0.0,0.0,1.6,2,8,0,0,1,0.00,0.00,0.00,0.83,50,-53924,649762,9126,63050,94
83,GKP,507433,Hákon Rafn,Valdimarsson,2645196,0,False,0,0,0,0,0,0,0,0,0,0,0,0,0,0.0,0.0,0.0,0.0,0,0,0,0,0,0.00,0.00,0.00,0.00,45,0,9667,0,0,94
83,GKP,507433,Hákon Rafn,Valdimarsson,2645210,0,False,0,0,0,0,0,0,0,0,0,0,0,0,0,0.0,0.0,0.0,0.0,0,0,0,0,0,0.00,0.00,0.00,0.00,45,-248,10896,642,890,94
83,GKP,507433,Hákon Rafn,Valdimarsson,2645216,0,False,0,0,0,0,0,0,0,0,0,0,0,0,0,0.0,0.0,0.0,0.0,0,0,0,0,0,0.00,0.00,0.00,0.00,45,-432,11246,975,1407,94
83,GKP,507433,Hákon Rafn,Valdimarsson,2645225,0,False,0,0,0,0,0,0,0,0,0,0,0,0,0,0.0,0.0,0.0,0.0,0,0,0,0,0,0.00,0.00,0.00,0.00,45,-438,10856,631,1069,94
83,GKP,507433,Hákon Rafn,Valdimarsson,2645236,0,False,0,0,0,0,0,0,0,0,0,0,0,0,0,0.0,0.0,0.0,0.0,0,0,0,0,0,0.00,0.00,0.00,0.00,45,-567,10440,317,884,94
84,DEF,432830,Nathan,Collins,2645196,6,False,90,0,0,1,0,0,0,0,0,0,0,0,21,11.6,21.5,17.0,5.0,3,3,0,3,1,0.34,0.04,0.38,0.57,55,0,156847,0,0,94
84,DEF,432830,Nathan,Collins,2645210,3,False,90,0,0,0,1,0,0,0,1,0,0,0,14,28.0,0.9,34.0,6.3,11,8,2,13,1,0.17,0.01,0.18,1.46,55,15716,207535,25089,9373,94
84,DEF,432830,Nathan,Collins,2645216,1,False,16,0,0,0,0,0,0,0,0,0,0,0,4,1.0,0.0,0.0,0.1,1,0,0,1,1,0.00,0.00,0.00,0.10,55,11591,271484,32175,20584,94
84,DEF,432830,Nathan,Collins,2645225,0,False,0,0,0,0,0,0,0,0,0,0,0,0,0,0.0,0.0,0.0,0.0,0,0,0,0,0,0.00,0.00,0.00,0.00,55,-76756,146784,1251,78007,94
84,DEF,432830,Nathan,Collins,2645236,0,False,0,0,0,0,0,0,0,0,0,0,0,0,0,0.0,0.0,0.0,0.0,0,0,0,0,0,0.00,0.00,0.00,0.00,54,-39288,111916,104,39392,94
85,DEF,444765,Sepp,van den Berg,2645196,0,False,0,0,0,0,0,0,0,0,0,0,0,0,0,0.0,0.0,0.0,0.0,0,0,0,0,0,0.00,0.00,0.00,0.00,50,0,14391,0,0,94
85,DEF,444765,Sepp,van den Berg,2645210,0,False,0,0,0,0,0,0,0,0,0,0,0,0,0,0.0,0.0,0.0,0.0,0,0,0,0,0,0.00,0.00,0.00,0.00,50,-3978,10710,145,4123,94
85,DEF,444765,Sepp,van den Berg,2645216,0,False,0,0,0,0,0,0,0,0,0,0,0,0,0,0.0,0.0,0.0,0.0,0,0,0,0,0,0.00,0.00,0.00,0.00,49,-2342,8510,121,2463,94
85,DEF,444765,Sepp,van den Berg,2645225,0,False,0,0,0,0,0,0,0,0,0,0,0,0,0,0.0,0.0,0.0,0.0,0,0,0,0,0,0.00,0.00,0.00,0.00,49,-1184,7443,70,1254,94
85,DEF,444765,Sepp,van den Berg,2645236,0,False,0,0,0,0,0,0,0,0,0,0,0,0,0,0.0,0.0,0.0,0.0,0,0,0,0,0,0.00,0.00,0.00,0.00,49,-729,6772,37,766,94
86,MID,249231,Keane,Lewis-Potter,2645196,10,False,90,1,0,1,0,0,0,0,0,0,0,2,37,47.2,15.9,19.0,8.2,4,5,1,10,1,0.77,0.12,0.89,0.57,55,0,38558,0,0,94
86,MID,249231,Keane,Lewis-Potter,2645210,6,False,87,0,1,0,1,0,0,0,0,0,0,1,29,38.4,31.6,2.0,7.2,3,6,2,11,1,0.02,0.13,0.15,1.46,55,45826,116486,52542,6716,94
86,MID,249231,Keane,Lewis-Potter,2645216,2,False,90,0,0,0,1,0,0,0,0,0,0,0,4,8.2,45.1,22.0,7.5,4,1,1,6,1,0.24,0.40,0.64,1.71,55,74882,235201,101209,26327,94
86,MID,249231,Keane,Lewis-Potter,2645225,1,False,59,0,0,0,2,0,0,0,0,0,0,0,0,0.8,1.6,6.0,0.8,1,0,1,2,1,0.03,0.13,0.16,1.25,55,-6193,223550,26643,32836,94
86,MID,249231,Keane,Lewis-Potter,2645236,3,False,80,0,0,1,0,0,0,0,0,0,0,0,15,19.0,15.1,24.0,5.8,5,3,1,9,1,0.15,0.01,0.16,0.70,55,-36251,187862,6251,42502,94
87,DEF,191866,Kristoffer,Ajer,2645196,8,False,90,0,0,1,0,0,0,0,0,0,0,0,29,20.0,0.9,35.0,5.6,8,3,2,10,1,0.11,0.02,0.13,0.57,45,0,318142,0,0,94
87,DEF,191866,Kristoffer,Ajer,2645210,3,False,90,0,0,0,1,0,0,0,1,0,0,0,7,37.8,21.0,2.0,6.1,17,2,0,17,1,0.00,0.01,0.01,1.46,45,56076,412431,69978,13902,94
87,DEF,191866,Kristoffer,Ajer,2645216,2,False,90,0,0,0,1,0,0,0,0,0,0,0,8,11.8,0.3,0.0,1.2,5,2,0,5,1,0.00,0.00,0.00,1.71,45,112523,610187,174453,61930,94
87,DEF,191866,Kristoffer,Ajer,2645225,1,False,90,0,0,0,2,0,0,0,0,0,0,0,0,15.2,0.5,8.0,2.4,7,1,2,9,1,0.02,0.00,0.02,1.75,45,-51781,479881,52109,103890,94
87,DEF,191866,Kristoffer,Ajer,2645236,7,False,90,0,0,1,0,0,0,0,0,0,0,1,29,19.4,11.3,4.0,3.5,9,3,0,9,1,0.00,0.05,0.05,0.83,45,-65023,417707,8947,73970,94
88,DEF,607464,Michael,Kayode,2645196,13,False,75,1,0,1,0,0,0,0,0,0,0,1,36,33.8,1.5,46.0,8.1,4,5,0,4,1,0.50,0.00,0.50,0.47,45,0,282611,0,0,94
88,DEF,607464,Michael,Kayode,2645210,2,False,87,0,0,0,1,0,0,0,0,0,0,0,9,14.4,16.0,8.0,3.8,3,4,1,4,1,0.02,0.21,0.23,1.46,46,289643,778776,310803,21160,94
88,DEF,607464,Michael,Kayode,2645216,1,False,45,0,0,0,0,0,0,0,0,0,0,0,2,7.6,0.3,2.0,1.0,5,2,0,5,1,0.03,0.00,0.03,0.35,46,121903,1044649,201513,79610,94
88,DEF,607464,Michael,Kayode,2645225,1,False,19,0,0,0,0,0,0,0,0,0,0,0,5,5.4,14.1,0.0,2.0,1,1,0,1,0,0.00,0.15,0.15,0.41,46,-58707,934432,52146,110853,94
88,DEF,607464,Michael,Kayode,2645236,6,False,68,0,0,1,0,0,0,0,0,0,0,0,20,2.6,1.0,0.0,0.4,1,2,1,2,1,0.00,0.07,0.07,0.55,46,-116375,819720,18236,134611,94
89,DEF,194010,Rico,Henry,2645196,0,False,0,0,0,0,0,0,0,0,0,0,0,0,0,0.0,0.0,0.0,0.0,0,0,0,0,0,0.00,0.00,0.00,0.00,45,0,22322,0,0,94
89,DEF,194010,Rico,Henry,2645210,1,False,2,0,0,0,0,0,0,0,0,0,0,0,3,0.0,0.0,0.0,0.0,0,0,0,0,0,0.00,0.00,0.00,0.00,45,-1602,24226,544,2146,94
89,DEF,194010,Rico,Henry,2645216,0,False,0,0,0,0,0,0,0,0,0,0,0,0,0,0.0,0.0,0.0,0.0,0,0,0,0,0,0.00,0.00,0.00,0.00,45,-1641,22909,561,2202,94
89,DEF,194010,Rico,Henry,2645225,0,False,0,0,0,0,0,0,0,0,0,0,0,0,0,0.0,0.0,0.0,0.0,0,0,0,0,0,0.00,0.00,0.00,0.00,45,-1693,21461,309,2002,94
89,DEF,194010,Rico,Henry,2645236,0,False,0,0,0,0,0,0,0,0,0,0,0,0,0,0.0,0.0,0.0,0.0,0,0,0,0,0,0.00,0.00,0.00,0.00,44,-1238,20442,410,1648,94
90,DEF,472713,Aaron,Hickey,2645196,1,False,14,0,0,0,0,0,0,0,0,0,0,0,2,0.0,0.3,0.0,0.0,0,2,0,0,0,0.00,0.00,0.00,0.10,45,0,5416,0,0,94
90,DEF,472713,Aaron,Hickey,2645210,1,False,2,0,0,0,0,0,0,0,0,0,0,0,6,4.0,4.1,0.0,0.8,0,0,1,1,0,0.00,0.02,0.02,0.00,45,83,7643,623,540,94
90,DEF,472713,Aaron,Hickey,2645216,1,False,45,0,0,0,1,0,0,0,0,0,0,0,0,7.6,1.0,0.0,0.9,4,2,1,5,0,0.00,0.00,0.00,1.36,45,-239,7835,653,892,94
90,DEF,472713,Aaron,Hickey,2645225,1,False,70,0,0,0,2,0,0,0,0,0,0,0,4,10.0,2.1,6.0,1.8,5,4,2,7,1,0.03,0.03,0.06,1.33,45,-402,7602,309,711,94
90,DEF,472713,Aaron,Hickey,2645236,1,False,21,0,0,0,0,0,0,0,0,0,0,0,5,11.2,0.3,0.0,1.2,4,0,0,4,0,0.00,0.01,0.01,0.28,45,-261,7505,329,590,94
92,DEF,570241,Kim,Ji-soo,2645196,0,False,0,0,0,0,0,0,0,0,0,0,0,0,0,0.0,0.0,0.0,0.0,0,0,0,0,0,0.00,0.00,0.00,0.00,45,0,1635,0,0,94
92,DEF,570241,Kim,Ji-soo,2645210,0,False,0,0,0,0,0,0,0,0,0,0,0,0,0,0.0,0.0,0.0,0.0,0,0,0,0,0,0.00,0.00,0.00,0.00,45,-86,1940,112,198,94
92,DEF,570241,Kim,Ji-soo,2645216,0,False,0,0,0,0,0,0,0,0,0,0,0,0,0,0.0,0.0,0.0,0.0,0,0,0,0,0,0.00,0.00,0.00,0.00,45,-133,1937,151,284,94
92,DEF,570241,Kim,Ji-soo,2645225,0,False,0,0,0,0,0,0,0,0,0,0,0,0,0,0.0,0.0,0.0,0.0,0,0,0,0,0,0.00,0.00,0.00,0.00,45,-125,1896,102,227,94
92,DEF,570241,Kim,Ji-soo,2645236,0,False,0,0,0,0,0,0,0,0,0,0,0,0,0,0.0,0.0,0.0,0.0,0,0,0,0,0,0.00,0.00,0.00,0.00,45,-94,1849,69,163,94
93,DEF,513086,Jannik,Schuster,2645196,0,False,0,0,0,0,0,0,0,0,0,0,0,0,0,0.0,0.0,0.0,0.0,0,0,0,0,0,0.00,0.00,0.00,0.00,45,0,15125,0,0,94
93,DEF,513086,Jannik,Schuster,2645210,0,False,0,0,0,0,0,0,0,0,0,0,0,0,0,0.0,0.0,0.0,0.0,0,0,0,0,0,0.00,0.00,0.00,0.00,45,-1064,16511,142,1206,94
93,DEF,513086,Jannik,Schuster,2645216,4,False,73,0,0,0,1,0,0,0,0,0,0,0,11,17.2,0.2,4.0,2.1,10,0,0,10,0,0.10,0.01,0.11,1.61,45,-1306,15267,166,1472,94
93,DEF,513086,Jannik,Schuster,2645225,3,False,90,0,0,0,2,0,0,0,0,0,0,0,5,22.2,0.5,8.0,3.1,10,3,2,12,1,0.00,0.01,0.01,1.75,45,170,15722,905,735,94
93,DEF,513086,Jannik,Schuster,2645236,14,False,90,0,1,1,0,0,0,0,0,0,0,3,43,53.0,10.8,4.0,6.8,15,3,1,16,1,0.00,0.52,0.52,0.83,45,-726,15098,349,1075,94
94,MID,513418,Kevin,Schade,2645196,3,False,90,0,0,1,0,0,0,0,0,0,0,0,17,14.4,11.8,59.0,8.5,1,5,3,9,1,0.52,0.01,0.53,0.57,60,0,330810,0,0,94
94,MID,513418,Kevin,Schade,2645210,10,False,87,1,0,0,1,0,0,0,0,0,0,3,34,45.6,11.1,34.0,9.1,3,4,2,9,1,0.25,0.02,0.27,1.46,60,-791,344201,24998,25789,94
94,MID,513418,Kevin,Schade,2645216,2,False,90,0,0,0,1,0,0,0,0,0,0,0,11,4.0,13.3,8.0,2.5,0,5,0,5,1,0.00,0.17,0.17,1.71,60,92782,492340,140288,47506,94
94,MID,513418,Kevin,Schade,2645225,15,False,90,2,0,0,2,0,0,0,0,0,0,3,49,70.8,8.3,28.0,10.7,0,3,1,4,1,0.21,0.10,0.31,1.75,60,-59161,374153,28990,88151,94
94,MID,513418,Kevin,Schade,2645236,9,False,90,0,2,1,0,0,0,0,0,0,0,0,27,11.4,3.5,31.0,4.6,2,4,1,7,1,0.54,0.02,0.56,0.83,61,367021,847173,425579,58558,94
95,MID,533463,Dango,Ouattara,2645196,3,False,66,0,0,1,0,0,0,0,0,0,0,0,6,1.0,30.8,15.0,4.7,2,4,0,6,1,0.05,0.29,0.34,0.47,65,0,105835,0,0,94
95,MID,533463,Dango,Ouattara,2645210,1,False,29,0,0,0,1,0,0,0,0,0,0,0,16,15.4,15.5,2.0,3.3,3,3,1,7,0,0.02,0.08,0.10,1.36,65,-3604,110686,7348,10952,94
95,MID,533463,Dango,Ouattara,2645216,1,False,45,0,0,0,0,0,0,0,0,0,0,0,6,6.8,11.3,0.0,1.8,3,7,1,11,1,0.00,0.01,0.01,0.35,65,-24974,85265,4607,29581,94
95,MID,533463,Dango,Ouattara,2645225,1,False,30,0,0,0,0,0,0,0,0,0,0,0,4,2.0,1.7,6.0,1.0,1,3,0,4,0,0.02,0.01,0.03,0.50,64,-22021,64766,1377,23398,94
95,MID,533463,Dango,Ouattara,2645236,1,False,9,0,0,0,0,0,0,0,0,0,0,0,2,0.2,0.0,0.0,0.0,0,0,0,0,0,0.00,0.00,0.00,0.13,63,-13619,52273,1029,14648,94
96,MID,440089,Mikkel,Damsgaard,2645196,1,False,14,0,0,0,0,0,0,0,0,0,0,0,6,7.6,26.3,0.0,3.4,0,3,1,4,0,0.00,0.11,0.11,0.10,55,0,52929,0,0,94
96,MID,440089,Mikkel,Damsgaard,2645210,3,False,68,0,0,1,0,0,0,0,0,0,0,0,20,16.6,32.4,25.0,7.4,2,5,2,9,1,0.03,0.13,0.16,0.13,55,-5226,52568,2318,7544,94
96,MID,440089,Mikkel,Damsgaard,2645216,8,False,85,0,1,0,1,0,0,0,0,0,0,3,30,10.0,28.5,6.0,4.5,1,3,0,4,1,0.00,0.21,0.21,1.63,55,-3734,49863,3933,7667,94
96,MID,440089,Mikkel,Damsgaard,2645225,1,False,30,0,0,0,0,0,0,0,0,0,0,0,3,0.0,7.8,6.0,1.3,1,3,0,4,0,0.10,0.00,0.10,0.50,55,807,51791,5734,4927,94
96,MID,440089,Mikkel,Damsgaard,2645236,3,False,86,0,0,1,0,0,0,0,0,0,0,0,15,13.2,23.2,5.0,4.1,2,4,4,10,1,0.04,0.28,0.32,0.70,54,-6452,45391,1526,7978,94
97,MID,207283,Mathias,Jensen,2645196,6,False,66,0,1,1,0,0,0,0,0,0,0,0,22,12.6,46.2,13.0,7.2,0,3,2,5,1,0.08,0.34,0.42,0.47,55,0,16245,0,0,94
97,MID,207283,Mathias,Jensen,2645210,0,False,0,0,0,0,0,0,0,0,0,0,0,0,0,0.0,0.0,0.0,0.0,0,0,0,0,0,0.00,0.00,0.00,0.00,55,2521,22961,3858,1337,94
97,MID,207283,Mathias,Jensen,2645216,0,False,0,0,0,0,0,0,0,0,0,0,0,0,0,0.0,0.0,0.0,0.0,0,0,0,0,0,0.00,0.00,0.00,0.00,55,-6340,16413,569,6909,94
97,MID,207283,Mathias,Jensen,2645225,0,False,0,0,0,0,0,0,0,0,0,0,0,0,0,0.0,0.0,0.0,0.0,0,0,0,0,0,0.00,0.00,0.00,0.00,54,-4249,12497,42,4291,94
97,MID,207283,Mathias,Jensen,2645236,0,False,0,0,0,0,0,0,0,0,0,0,0,0,0,0.0,0.0,0.0,0.0,0,0,0,0,0,0.00,0.00,0.00,0.00,54,-1881,10766,16,1897,94
98,MID,204580,Vitaly,Janelt,2645196,9,False,90,1,0,1,0,0,0,0,1,0,0,0,35,53.2,38.8,24.0,11.6,6,3,4,13,1,0.39,0.17,0.56,0.57,50,0,9018,0,0,94
98,MID,204580,Vitaly,Janelt,2645210,1,False,90,0,0,0,1,0,0,0,1,0,0,0,11,16.4,35.4,4.0,5.6,5,2,3,10,1,0.00,0.14,0.14,1.46,50,29474,49684,33759,4285,94
98,MID,204580,Vitaly,Janelt,2645216,11,False,90,1,0,0,1,0,0,0,1,0,0,3,30,48.0,3.1,17.0,6.8,3,5,4,12,1,0.11,0.01,0.12,1.71,50,16015,69448,29605,13590,94
98,MID,204580,Vitaly,Janelt,2645225,4,False,90,0,0,0,2,0,0,0,0,0,0,0,20,28.4,14.4,0.0,4.3,11,6,3,20,1,0.00,0.08,0.08,1.75,50,139007,266936,176461,37454,94
98,MID,204580,Vitaly,Janelt,2645236,3,False,90,0,0,1,0,0,0,0,0,0,0,0,13,18.0,5.8,2.0,2.6,2,4,3,9,1,0.03,0.04,0.07,0.83,50,13473,273119,47235,33762,94
99,MID,543295,Antoni,Milambo,2645196,0,False,0,0,0,0,0,0,0,0,0,0,0,0,0,0.0,0.0,0.0,0.0,0,0,0,0,0,0.00,0.00,0.00,0.00,50,0,187,0,0,94
99,MID,543295,Antoni,Milambo,2645210,0,False,0,0,0,0,0,0,0,0,0,0,0,0,0,0.0,0.0,0.0,0.0,0,0,0,0,0,0.00,0.00,0.00,0.00,50,-17,190,28,45,94
99,MID,543295,Antoni,Milambo,2645216,0,False,0,0,0,0,0,0,0,0,0,0,0,0,0,0.0,0.0,0.0,0.0,0,0,0,0,0,0.00,0.00,0.00,0.00,50,-8,190,34,42,94
99,MID,543295,Antoni,Milambo,2645225,0,False,0,0,0,0,0,0,0,0,0,0,0,0,0,0.0,0.0,0.0,0.0,0,0,0,0,0,0.00,0.00,0.00,0.00,50,-5,201,27,32,94
99,MID,543295,Antoni,Milambo,2645236,0,False,0,0,0,0,0,0,0,0,0,0,0,0,0,0.0,0.0,0.0,0.0,0,0,0,0,0,0.00,0.00,0.00,0.00,50,-13,193,20,33,94
100,MID,244858,Fábio,Freitas Gouveia Carvalho,2645196,0,False,0,0,0,0,0,0,0,0,0,0,0,0,0,0.0,0.0,0.0,0.0,0,0,0,0,0,0.00,0.00,0.00,0.00,50,0,1459,0,0,94
100,MID,244858,Fábio,Freitas Gouveia Carvalho,2645210,0,False,0,0,0,0,0,0,0,0,0,0,0,0,0,0.0,0.0,0.0,0.0,0,0,0,0,0,0.00,0.00,0.00,0.00,50,-91,1624,155,246,94
100,MID,244858,Fábio,Freitas Gouveia Carvalho,2645216,0,False,0,0,0,0,0,0,0,0,0,0,0,0,0,0.0,0.0,0.0,0.0,0,0,0,0,0,0.00,0.00,0.00,0.00,50,185,2107,543,358,94
100,MID,244858,Fábio,Freitas Gouveia Carvalho,2645225,0,False,0,0,0,0,0,0,0,0,0,0,0,0,0,0.0,0.0,0.0,0.0,0,0,0,0,0,0.00,0.00,0.00,0.00,50,3,2209,335,332,94
100,MID,244858,Fábio,Freitas Gouveia Carvalho,2645236,6,False,3,1,0,0,0,0,0,0,0,0,0,0,23,33.2,0.3,33.0,6.7,0,0,0,0,0,0.43,0.00,0.43,0.13,50,-77,2231,265,342,94
102,MID,508395,Yehor,Yarmoliuk,2645196,1,False,23,0,0,0,0,0,0,0,0,0,0,0,7,2.2,0.8,3.0,0.6,1,3,2,6,0,0.04,0.00,0.04,0.10,50,0,123741,0,0,94
102,MID,508395,Yehor,Yarmoliuk,2645210,1,False,21,0,0,0,1,0,0,0,0,0,0,0,4,3.0,12.5,4.0,2.0,0,0,0,0,0,0.00,0.01,0.01,1.32,50,-12434,112295,745,13179,94
102,MID,508395,Yehor,Yarmoliuk,2645216,0,False,45,0,0,0,1,0,0,0,1,0,0,0,1,2.4,3.4,2.0,0.8,1,3,1,5,0,0.03,0.02,0.05,1.36,49,-18230,93335,1076,19306,94
102,MID,508395,Yehor,Yarmoliuk,2645225,4,False,59,0,1,0,2,0,0,0,0,0,0,0,19,22.0,22.8,4.0,4.9,2,3,0,5,1,0.00,0.21,0.21,1.25,49,-15709,78222,706,16415,94
102,MID,508395,Yehor,Yarmoliuk,2645236,3,False,68,0,0,1,0,0,0,0,0,0,0,0,19,23.4,21.0,7.0,5.1,3,5,2,10,1,0.03,0.06,0.09,0.55,48,-7524,72210,1926,9450,94
103,MID,183656,Josh,Dasilva,2645196,0,False,0,0,0,0,0,0,0,0,0,0,0,0,0,0.0,0.0,0.0,0.0,0,0,0,0,0,0.00,0.00,0.00,0.00,50,0,2396,0,0,94
103,MID,183656,Josh,Dasilva,2645210,0,False,0,0,0,0,0,0,0,0,0,0,0,0,0,0.0,0.0,0.0,0.0,0,0,0,0,0,0.00,0.00,0.00,0.00,50,-189,2549,164,353,94
103,MID,183656,Josh,Dasilva,2645216,0,False,0,0,0,0,0,0,0,0,0,0,0,0,0,0.0,0.0,0.0,0.0,0,0,0,0,0,0.00,0.00,0.00,0.00,50,-369,2280,180,549,94
103,MID,183656,Josh,Dasilva,2645225,0,False,0,0,0,0,0,0,0,0,0,0,0,0,0,0.0,0.0,0.0,0.0,0,0,0,0,0,0.00,0.00,0.00,0.00,49,-614,1675,36,650,94
103,MID,183656,Josh,Dasilva,2645236,0,False,0,0,0,0,0,0,0,0,0,0,0,0,0,0.0,0.0,0.0,0.0,0,0,0,0,0,0.00,0.00,0.00,0.00,49,-282,1428,11,293,94
105,MID,444180,Jaidon,Anthony,2645196,1,False,23,0,0,0,0,0,0,0,0,0,0,0,9,10.6,34.9,1.0,4.7,0,6,2,8,0,0.03,0.35,0.38,0.10,60,0,14244,0,0,94
105,MID,444180,Jaidon,Anthony,2645210,2,False,60,0,0,1,0,0,0,0,1,0,0,0,4,3.2,25.9,15.0,4.4,0,1,0,1,1,0.11,0.06,0.17,0.09,60,-433,16949,1958,2391,94
105,MID,444180,Jaidon,Anthony,2645216,1,False,45,0,0,0,1,0,0,0,0,0,0,0,3,0.0,2.2,3.0,0.4,0,4,0,4,0,0.05,0.01,0.06,1.36,60,-1707,16152,1644,3351,94
105,MID,444180,Jaidon,Anthony,2645225,1,False,59,0,0,0,2,0,0,0,0,0,0,0,12,14.6,15.3,2.0,3.2,5,4,2,11,1,0.00,0.10,0.10,1.25,60,-1801,14724,761,2562,94
105,MID,444180,Jaidon,Anthony,2645236,10,False,80,1,0,1,0,0,0,0,0,0,0,2,31,36.6,11.0,37.0,8.5,1,1,0,2,1,0.96,0.02,0.98,0.70,59,-1462,13639,635,2097,94
106,FWD,502500,Igor Thiago,Nascimento Rodrigues,2645196,0,False,82,0,0,1,0,0,0,1,0,0,0,0,-3,2.2,4.0,8.0,1.4,1,4,0,5,1,1.00,0.08,1.08,0.50,80,0,1509299,0,0,94
106,FWD,502500,Igor Thiago,Nascimento Rodrigues,2645210,2,False,90,0,0,0,1,0,0,0,0,0,0,0,2,2.4,6.2,55.0,6.4,0,3,1,4,1,0.80,0.01,0.81,1.46,80,-49395,1635017,91772,141167,94
106,FWD,502500,Igor Thiago,Nascimento Rodrigues,2645216,2,False,90,0,0,0,1,0,0,0,0,0,0,0,9,16.0,1.4,43.0,6.0,3,2,1,6,1,0.50,0.01,0.51,1.71,80,-240730,1462107,72058,312788,94
106,FWD,502500,Igor Thiago,Nascimento Rodrigues,2645225,1,False,90,0,0,0,2,0,0,0,1,0,0,0,3,0.0,16.0,10.0,2.4,0,1,0,1,1,0.11,0.03,0.14,1.75,79,-296868,1129976,24154,321022,94
106,FWD,502500,Igor Thiago,Nascimento Rodrigues,2645236,5,False,90,1,0,1,0,0,0,0,1,0,0,0,26,28.2,16.0,30.0,7.4,0,2,1,3,1,0.72,0.03,0.75,0.83,78,-189492,958105,32439,221931,94
107,FWD,593174,Kaye,Furo,2645196,0,False,0,0,0,0,0,0,0,0,0,0,0,0,0,0.0,0.0,0.0,0.0,0,0,0,0,0,0.00,0.00,0.00,0.00,45,0,78000,0,0,94
107,FWD,593174,Kaye,Furo,2645210,0,False,0,0,0,0,0,0,0,0,0,0,0,0,0,0.0,0.0,0.0,0.0,0,0,0,0,0,0.00,0.00,0.00,0.00,45,-252,89302,8191,8443,94
107,FWD,593174,Kaye,Furo,2645216,0,False,0,0,0,0,0,0,0,0,0,0,0,0,0,0.0,0.0,0.0,0.0,0,0,0,0,0,0.00,0.00,0.00,0.00,45,13495,116698,27280,13785,94
107,FWD,593174,Kaye,Furo,2645225,0,False,0,0,0,0,0,0,0,0,0,0,0,0,0,0.0,0.0,0.0,0.0,0,0,0,0,0,0.00,0.00,0.00,0.00,45,4526,119195,19067,14541,94
107,FWD,593174,Kaye,Furo,2645236,0,False,0,0,0,0,0,0,0,0,0,0,0,0,0,0.0,0.0,0.0,0.0,0,0,0,0,0,0.00,0.00,0.00,0.00,45,-13858,104422,6535,20393,94
108,FWD,75115,Callum,Wilson,2645196,1,False,7,0,0,0,0,0,0,0,0,0,0,0,4,2.2,10.3,5.0,1.8,0,0,0,0,0,0.03,0.04,0.07,0.07,55,0,30450,0,0,94
108,FWD,75115,Callum,Wilson,2645210,1,False,2,0,0,0,0,0,0,0,0,0,0,0,3,0.0,0.1,7.0,0.7,0,1,0,1,0,0.04,0.00,0.04,0.00,55,-457,37634,4351,4808,94
108,FWD,75115,Callum,Wilson,2645216,1,False,4,0,0,0,0,0,0,0,0,0,0,0,2,1.0,0.0,0.0,0.1,1,0,0,1,0,0.00,0.00,0.00,0.08,55,-1724,38790,5560,7284,94
108,FWD,75115,Callum,Wilson,2645225,0,False,0,0,0,0,0,0,0,0,0,0,0,0,0,0.0,0.0,0.0,0.0,0,0,0,0,0,0.00,0.00,0.00,0.00,55,-3164,36748,2767,5931,94
108,FWD,75115,Callum,Wilson,2645236,0,False,0,0,0,0,0,0,0,0,0,0,0,0,0,0.0,0.0,0.0,0.0,0,0,0,0,0,0.00,0.00,0.00,0.00,55,-4371,33179,1671,6042,94
565,MID,513545,Mamadou,Sangaré,2645196,14,False,75,0,2,1,0,0,0,0,0,0,0,3,41,31.6,21.8,21.0,7.4,4,7,2,13,1,0.05,0.33,0.38,0.47,55,0,294770,0,0,94
565,MID,513545,Mamadou,Sangaré,2645210,4,False,90,0,0,0,1,0,0,0,0,0,0,0,16,24.4,25.3,11.0,6.1,5,5,4,14,1,0.21,0.03,0.24,1.46,56,420422,902725,443762,23340,94
565,MID,513545,Mamadou,Sangaré,2645216,0,False,45,0,0,0,0,0,0,0,1,0,0,0,0,0.0,1.3,8.0,0.6,1,3,1,5,1,0.15,0.01,0.16,0.35,57,509396,1631469,639468,130072,94
565,MID,513545,Mamadou,Sangaré,2645225,4,False,90,0,0,0,2,0,0,0,0,0,0,0,19,18.2,9.4,0.0,2.8,1,6,6,13,1,0.00,0.28,0.28,1.75,57,-207682,1351673,106889,314571,94
565,MID,513545,Mamadou,Sangaré,2645236,0,False,21,0,0,0,0,0,0,0,1,0,0,0,0,2.2,0.0,0.0,0.2,1,1,1,3,0,0.00,0.00,0.00,0.28,57,-184737,1186508,29169,213906,94
620,DEF,613804,El Hadji Malick,Diouf,2645210,0,False,0,0,0,0,0,0,0,0,0,0,0,0,0,0.0,0.0,0.0,0.0,0,0,0,0,0,0.00,0.00,0.00,0.00,45,563,817,600,37,94
620,DEF,613804,El Hadji Malick,Diouf,2645216,0,False,0,0,0,0,0,0,0,0,0,0,0,0,0,0.0,0.0,0.0,0.0,0,0,0,0,0,0.00,0.00,0.00,0.00,45,6560,10083,9542,2982,94
620,DEF,613804,El Hadji Malick,Diouf,2645225,1,False,30,0,0,0,0,0,0,0,0,0,0,0,4,3.4,1.0,0.0,0.4,1,1,0,1,0,0.00,0.01,0.01,0.50,45,-31,10030,1940,1971,94
620,DEF,613804,El Hadji Malick,Diouf,2645236,1,False,9,0,0,0,0,0,0,0,0,0,0,0,3,2.2,0.3,0.0,0.3,1,0,0,1,0,0.00,0.00,0.00,0.13,45,-593,9701,1079,1672,94
657,MID,626464,Gustavo,Nunes Fernandes Gomes,2645225,0,False,0,0,0,0,0,0,0,0,0,0,0,0,0,0.0,0.0,0.0,0.0,0,0,0,0,0,0.00,0.00,0.00,0.00,45,0,0,0,0,94
657,MID,626464,Gustavo,Nunes Fernandes Gomes,2645236,0,False,0,0,0,0,0,0,0,0,0,0,0,0,0,0.0,0.0,0.0,0.0,0,0,0,0,0,0.00,0.00,0.00,0.00,45,1349,2569,1742,393,94
660,DEF,612534,Benjamin,Fredrick,2645236,0,False,0,0,0,0,0,0,0,0,0,0,0,0,0,0.0,0.0,0.0,0.0,0,0,0,0,0,0.00,0.00,0.00,0.00,40,0,0,0,0,94
661,GKP,235448,Ellery,Balcombe,2645236,0,False,0,0,0,0,0,0,0,0,0,0,0,0,0,0.0,0.0,0.0,0.0,0,0,0,0,0,0.00,0.00,0.00,0.00,40,0,0,0,0,94
109,GKP,489639,Bart,Verbruggen,2645201,6,False,90,0,0,1,0,0,0,0,0,0,0,0,25,6.6,0.0,0.0,0.7,0,4,0,0,1,0.00,0.00,0.00,0.29,45,0,1987586,0,0,36
109,GKP,489639,Bart,Verbruggen,2645207,0,False,90,0,0,0,4,0,0,0,0,0,1,0,-1,10.2,0.0,0.0,1.0,0,14,0,0,1,0.00,0.00,0.00,2.93,45,39276,2133814,84756,45480,36
109,GKP,489639,Bart,Verbruggen,2645217,3,False,90,0,0,0,1,0,0,0,0,0,3,0,17,29.2,3.0,0.0,3.2,0,5,0,0,1,0.00,0.20,0.20,2.49,45,114050,2293721,270948,156898,36
109,GKP,489639,Bart,Verbruggen,2645228,8,False,90,0,0,1,0,0,0,0,0,0,6,0,39,47.8,0.0,0.0,4.8,3,7,0,0,1,0.00,0.00,0.00,1.33,45,51727,2390519,248699,196972,36
109,GKP,489639,Bart,Verbruggen,2645237,6,False,90,0,0,1,0,0,0,0,0,0,2,0,27,20.0,0.0,0.0,2.0,0,4,0,0,1,0.00,0.00,0.00,1.63,45,-47432,2292499,89072,136504,36
111,GKP,49262,Jason,Steele,2645201,0,False,0,0,0,0,0,0,0,0,0,0,0,0,0,0.0,0.0,0.0,0.0,0,0,0,0,0,0.00,0.00,0.00,0.00,40,0,369830,0,0,36
111,GKP,49262,Jason,Steele,2645207,0,False,0,0,0,0,0,0,0,0,0,0,0,0,0,0.0,0.0,0.0,0.0,0,0,0,0,0,0.00,0.00,0.00,0.00,40,-3330,398691,10714,14044,36
111,GKP,49262,Jason,Steele,2645217,0,False,0,0,0,0,0,0,0,0,0,0,0,0,0,0.0,0.0,0.0,0.0,0,0,0,0,0,0.00,0.00,0.00,0.00,40,27834,459848,62093,34259,36
111,GKP,49262,Jason,Steele,2645228,0,False,0,0,0,0,0,0,0,0,0,0,0,0,0,0.0,0.0,0.0,0.0,0,0,0,0,0,0.00,0.00,0.00,0.00,40,10916,460442,46956,36040,36
111,GKP,49262,Jason,Steele,2645237,0,False,0,0,0,0,0,0,0,0,0,0,0,0,0,0.0,0.0,0.0,0.0,0,0,0,0,0,0.00,0.00,0.00,0.00,40,-988,463243,20424,21412,36
113,DEF,231416,Ferdi,Kadıoğlu,2645201,0,False,0,0,0,0,0,0,0,0,0,0,0,0,0,0.0,0.0,0.0,0.0,0,0,0,0,0,0.00,0.00,0.00,0.00,45,0,265528,0,0,36
113,DEF,231416,Ferdi,Kadıoğlu,2645207,0,False,90,0,0,0,4,0,0,0,0,0,0,0,-4,2.8,16.7,8.0,2.8,0,2,0,0,1,0.02,0.01,0.03,2.93,45,-48824,221172,2580,51404,36
113,DEF,231416,Ferdi,Kadıoğlu,2645217,2,False,77,0,0,0,1,0,0,0,0,0,0,0,8,12.6,12.5,19.0,4.4,4,2,1,5,1,0.06,0.01,0.07,2.40,44,-19909,203285,12724,32633,36
113,DEF,231416,Ferdi,Kadıoğlu,2645228,6,False,90,0,0,1,0,0,0,0,0,0,0,0,24,6.4,15.4,0.0,2.2,2,1,0,2,1,0.00,0.09,0.09,1.33,44,-18414,186000,6832,25246,36
113,DEF,231416,Ferdi,Kadıoğlu,2645237,5,False,75,0,0,1,0,0,0,0,1,0,0,0,18,9.4,13.5,5.0,2.8,3,3,0,3,1,0.04,0.02,0.06,0.89,44,-13983,170937,4277,18260,36
114,DEF,204120,Olivier,Boscagli,2645201,6,False,90,0,0,1,0,0,0,0,0,0,0,0,29,15.2,7.3,6.0,2.9,5,4,1,6,1,0.00,0.04,0.04,0.29,45,0,19109,0,0,36
114,DEF,204120,Olivier,Boscagli,2645207,-1,False,90,0,0,0,4,0,0,0,1,0,0,0,-2,16.8,26.6,11.0,5.4,3,2,0,3,1,0.05,0.11,0.16,2.93,45,2544,26909,4103,1559,36
114,DEF,204120,Olivier,Boscagli,2645217,2,False,90,0,0,0,1,0,0,0,0,0,0,0,17,20.6,62.3,0.0,8.3,4,4,0,4,1,0.00,0.33,0.33,2.49,45,2298,31479,6293,3995,36
114,DEF,204120,Olivier,Boscagli,2645228,6,False,77,0,0,1,0,0,0,0,0,0,0,0,25,11.6,14.3,2.0,2.8,8,5,1,9,1,0.01,0.03,0.04,1.11,45,-585,30469,2439,3024,36
114,DEF,204120,Olivier,Boscagli,2645237,6,False,90,0,0,1,0,0,0,0,0,0,0,0,24,13.0,5.2,2.0,2.0,5,2,2,7,1,0.01,0.02,0.03,1.63,45,-1117,28873,1382,2499,36
115,DEF,465730,Maxim,De Cuyper,2645201,17,False,77,1,1,1,0,0,0,0,0,0,0,2,46,40.6,45.3,43.0,12.9,1,3,3,4,1,1.47,0.21,1.68,0.29,45,0,151636,0,0,36
115,DEF,465730,Maxim,De Cuyper,2645207,0,False,90,0,0,0,4,0,0,0,0,0,0,0,-2,8.8,23.7,5.0,3.8,2,3,0,2,1,0.03,0.05,0.08,2.93,46,473840,847829,494998,21158,36
115,DEF,465730,Maxim,De Cuyper,2645217,4,False,76,0,1,0,1,0,0,0,1,0,0,0,17,19.6,22.1,2.0,4.4,1,4,1,2,1,0.00,0.14,0.14,2.40,47,762031,1978466,871841,109810,36
115,DEF,465730,Maxim,De Cuyper,2645228,11,False,90,0,1,1,0,0,0,0,0,0,0,2,41,24.8,46.9,3.0,7.5,1,4,0,1,1,0.03,0.04,0.07,1.33,48,509874,2489501,640942,131068,36
115,DEF,465730,Maxim,De Cuyper,2645237,6,False,90,0,0,1,0,0,0,0,1,0,0,1,30,14.6,33.8,4.0,5.2,3,4,4,7,1,0.02,0.23,0.25,1.63,49,287563,2649636,410558,122995,36
116,DEF,83299,Lewis,Dunk,2645201,6,False,90,0,0,1,0,0,0,0,0,0,0,0,24,13.4,6.4,0.0,2.0,1,2,1,2,1,0.00,0.04,0.04,0.29,45,0,88762,0,0,36
116,DEF,83299,Lewis,Dunk,2645207,-1,False,90,0,0,0,4,0,0,0,1,0,0,0,-4,14.8,2.0,0.0,1.7,2,4,1,3,1,0.00,0.01,0.01,2.93,45,8033,118436,13343,5310,36
116,DEF,83299,Lewis,Dunk,2645217,5,False,90,0,0,0,1,0,0,0,0,0,0,1,20,30.8,1.9,4.0,3.7,12,5,0,12,1,0.00,0.01,0.01,2.49,45,6568,133493,20326,13758,36
116,DEF,83299,Lewis,Dunk,2645228,12,False,90,1,0,1,0,0,0,0,0,0,0,0,39,57.2,4.3,7.0,6.9,5,2,1,6,1,0.03,0.03,0.06,1.33,45,9404,148520,19779,10375,36
116,DEF,83299,Lewis,Dunk,2645237,0,False,0,0,0,0,0,0,0,0,0,0,0,0,0,0.0,0.0,0.0,0.0,0,0,0,0,0,0.00,0.00,0.00,0.00,45,16492,165566,28113,11621,36
117,DEF,550090,Diego,Coppola,2645201,0,False,0,0,0,0,0,0,0,0,0,0,0,0,0,0.0,0.0,0.0,0.0,0,0,0,0,0,0.00,0.00,0.00,0.00,45,0,1583,0,0,36
117,DEF,550090,Diego,Coppola,2645207,0,False,0,0,0,0,0,0,0,0,0,0,0,0,0,0.0,0.0,0.0,0.0,0,0,0,0,0,0.00,0.00,0.00,0.00,45,-33,1892,191,224,36
117,DEF,550090,Diego,Coppola,2645217,0,False,0,0,0,0,0,0,0,0,0,0,0,0,0,0.0,0.0,0.0,0.0,0,0,0,0,0,0.00,0.00,0.00,0.00,45,-35,2029,261,296,36
117,DEF,550090,Diego,Coppola,2645228,0,False,0,0,0,0,0,0,0,0,0,0,0,0,0,0.0,0.0,0.0,0.0,0,0,0,0,0,0.00,0.00,0.00,0.00,45,-50,2061,180,230,36
117,DEF,550090,Diego,Coppola,2645237,0,False,0,0,0,0,0,0,0,0,0,0,0,0,0,0.0,0.0,0.0,0.0,0,0,0,0,0,0.00,0.00,0.00,0.00,45,-33,2071,180,213,36
118,DEF,223434,Igor Julio,dos Santos de Paulo,2645201,0,False,0,0,0,0,0,0,0,0,0,0,0,0,0,0.0,0.0,0.0,0.0,0,0,0,0,0,0.00,0.00,0.00,0.00,45,0,7195,0,0,36
118,DEF,223434,Igor Julio,dos Santos de Paulo,2645207,0,False,0,0,0,0,0,0,0,0,0,0,0,0,0,0.0,0.0,0.0,0.0,0,0,0,0,0,0.00,0.00,0.00,0.00,45,-404,8240,471,875,36
118,DEF,223434,Igor Julio,dos Santos de Paulo,2645217,0,False,0,0,0,0,0,0,0,0,0,0,0,0,0,0.0,0.0,0.0,0.0,0,0,0,0,0,0.00,0.00,0.00,0.00,45,-1451,7052,444,1895,36
118,DEF,223434,Igor Julio,dos Santos de Paulo,2645228,0,False,0,0,0,0,0,0,0,0,0,0,0,0,0,0.0,0.0,0.0,0.0,0,0,0,0,0,0.00,0.00,0.00,0.00,45,-1990,5099,0,1990,36
118,DEF,223434,Igor Julio,dos Santos de Paulo,2645237,0,False,0,0,0,0,0,0,0,0,0,0,0,0,0,0.0,0.0,0.0,0.0,0,0,0,0,0,0.00,0.00,0.00,0.00,45,-883,4271,0,883,36
119,DEF,451490,João Pedro,Loureiro da Costa,2645201,1,False,26,0,0,0,0,0,0,0,0,0,0,0,7,8.2,1.9,18.0,2.8,3,0,1,4,0,0.12,0.00,0.12,0.10,45,0,2148,0,0,36
119,DEF,451490,João Pedro,Loureiro da Costa,2645207,0,False,10,0,0,0,0,0,0,0,1,0,0,0,-1,0.0,0.3,0.0,0.0,0,0,0,0,0,0.00,0.00,0.00,0.04,45,59,3512,285,226,36
119,DEF,451490,João Pedro,Loureiro da Costa,2645217,1,False,12,0,0,0,0,0,0,0,0,0,0,0,7,5.8,14.5,0.0,2.0,1,0,0,1,0,0.00,0.16,0.16,0.10,45,-72,3762,400,472,36
119,DEF,451490,João Pedro,Loureiro da Costa,2645228,1,False,6,0,0,0,0,0,0,0,0,0,0,0,3,1.2,0.3,0.0,0.2,1,1,0,1,0,0.00,0.00,0.00,0.04,45,-117,3722,204,321,36
119,DEF,451490,João Pedro,Loureiro da Costa,2645237,1,False,14,0,0,0,0,0,0,0,0,0,0,0,2,1.2,3.0,0.0,0.4,1,0,0,1,0,0.00,0.14,0.14,0.74,45,-90,3724,216,306,36
120,DEF,454490,Michael,Svoboda,2645201,0,False,0,0,0,0,0,0,0,0,0,0,0,0,0,0.0,0.0,0.0,0.0,0,0,0,0,0,0.00,0.00,0.00,0.00,50,0,3997,0,0,36
120,DEF,454490,Michael,Svoboda,2645207,0,False,0,0,0,0,0,0,0,0,0,0,0,0,0,0.0,0.0,0.0,0.0,0,0,0,0,0,0.00,0.00,0.00,0.00,50,84,5185,768,684,36
120,DEF,454490,Michael,Svoboda,2645217,0,False,0,0,0,0,0,0,0,0,0,0,0,0,0,0.0,0.0,0.0,0.0,0,0,0,0,0,0.00,0.00,0.00,0.00,50,-124,5613,863,987,36
120,DEF,454490,Michael,Svoboda,2645228,0,False,0,0,0,0,0,0,0,0,0,0,0,0,0,0.0,0.0,0.0,0.0,0,0,0,0,0,0.00,0.00,0.00,0.00,50,4,5997,898,894,36
120,DEF,454490,Michael,Svoboda,2645237,1,False,4,0,0,0,0,0,0,0,0,0,0,0,5,2.4,0.0,0.0,0.2,0,1,1,1,0,0.00,0.00,0.00,0.14,50,-310,5657,647,957,36
121,MID,451340,Mitoma,Kaoru,2645201,0,False,0,0,0,0,0,0,0,0,0,0,0,0,0,0.0,0.0,0.0,0.0,0,0,0,0,0,0.00,0.00,0.00,0.00,60,0,4360,0,0,36
121,MID,451340,Mitoma,Kaoru,2645207,0,False,0,0,0,0,0,0,0,0,0,0,0,0,0,0.0,0.0,0.0,0.0,0,0,0,0,0,0.00,0.00,0.00,0.00,60,-1078,4114,159,1237,36
121,MID,451340,Mitoma,Kaoru,2645217,0,False,0,0,0,0,0,0,0,0,0,0,0,0,0,0.0,0.0,0.0,0.0,0,0,0,0,0,0.00,0.00,0.00,0.00,60,-821,3542,130,951,36
121,MID,451340,Mitoma,Kaoru,2645228,0,False,0,0,0,0,0,0,0,0,0,0,0,0,0,0.0,0.0,0.0,0.0,0,0,0,0,0,0.00,0.00,0.00,0.00,59,-383,3299,74,457,36
121,MID,451340,Mitoma,Kaoru,2645237,0,False,0,0,0,0,0,0,0,0,0,0,0,0,0,0.0,0.0,0.0,0.0,0,0,0,0,0,0.00,0.00,0.00,0.00,59,-229,3148,63,292,36
122,MID,592031,Yankuba,Minteh,2645201,0,False,0,0,0,0,0,0,0,0,0,0,0,0,0,0.0,0.0,0.0,0.0,0,0,0,0,0,0.00,0.00,0.00,0.00,60,0,9337,0,0,36
122,MID,592031,Yankuba,Minteh,2645207,0,False,0,0,0,0,0,0,0,0,0,0,0,0,0,0.0,0.0,0.0,0.0,0,0,0,0,0,0.00,0.00,0.00,0.00,60,-3381,6199,140,3521,36
122,MID,592031,Yankuba,Minteh,2645217,0,False,0,0,0,0,0,0,0,0,0,0,0,0,0,0.0,0.0,0.0,0.0,0,0,0,0,0,0.00,0.00,0.00,0.00,59,-1839,4472,87,1926,36
122,MID,592031,Yankuba,Minteh,2645228,0,False,0,0,0,0,0,0,0,0,0,0,0,0,0,0.0,0.0,0.0,0.0,0,0,0,0,0,0.00,0.00,0.00,0.00,59,-716,3821,35,751,36
122,MID,592031,Yankuba,Minteh,2645237,0,False,0,0,0,0,0,0,0,0,0,0,0,0,0,0.0,0.0,0.0,0.0,0,0,0,0,0,0.00,0.00,0.00,0.00,59,-448,3397,28,476,36
123,MID,532529,Jack,Hinshelwood,2645201,16,False,63,2,0,1,0,0,0,0,0,0,0,3,54,72.8,13.4,59.0,14.5,0,1,2,3,1,1.41,0.02,1.43,0.19,60,0,39219,0,0,36
123,MID,532529,Jack,Hinshelwood,2645207,0,False,0,0,0,0,0,0,0,0,0,0,0,0,0,0.0,0.0,0.0,0.0,0,0,0,0,0,0.00,0.00,0.00,0.00,60,101743,230171,139828,38085,36
123,MID,532529,Jack,Hinshelwood,2645217,0,False,0,0,0,0,0,0,0,0,0,0,0,0,0,0.0,0.0,0.0,0.0,0,0,0,0,0,0.00,0.00,0.00,0.00,60,-92072,129183,6623,98695,36
123,MID,532529,Jack,Hinshelwood,2645228,0,False,0,0,0,0,0,0,0,0,0,0,0,0,0,0.0,0.0,0.0,0.0,0,0,0,0,0,0.00,0.00,0.00,0.00,60,-44735,91458,1042,45777,36
123,MID,532529,Jack,Hinshelwood,2645237,0,False,0,0,0,0,0,0,0,0,0,0,0,0,0,0.0,0.0,0.0,0.0,0,0,0,0,0,0.00,0.00,0.00,0.00,59,-26541,66553,128,26669,36
124,MID,60307,Pascal,Groß,2645201,2,False,90,0,0,1,0,0,0,0,1,0,0,0,18,21.0,56.9,8.0,8.6,0,2,3,5,1,0.00,0.27,0.27,0.29,55,0,1308033,0,0,36
124,MID,60307,Pascal,Groß,2645207,13,False,90,1,1,0,4,0,0,0,0,0,0,3,46,47.8,33.2,23.0,10.4,2,3,1,6,1,0.05,0.11,0.16,2.93,55,-81694,1268429,24179,105873,36
124,MID,60307,Pascal,Groß,2645217,1,False,90,0,0,0,1,0,0,0,1,0,0,0,-1,0.0,16.5,19.0,3.2,2,2,0,4,1,0.79,0.04,0.83,2.49,55,341111,1691790,448315,107204,36
124,MID,60307,Pascal,Groß,2645228,17,False,90,1,2,1,0,0,0,0,0,0,0,3,56,83.8,79.1,18.0,18.1,2,2,2,6,1,0.82,0.19,1.01,1.33,56,72242,1745184,283590,211348,36
124,MID,60307,Pascal,Groß,2645237,14,False,90,1,1,1,0,0,0,0,0,0,0,3,47,58.4,30.3,16.0,10.5,3,1,1,5,1,0.11,0.25,0.36,1.63,57,499051,2264407,604409,105358,36
125,FWD,463067,Georginio,Rutter,2645201,5,False,90,0,1,1,0,0,0,0,0,0,0,0,22,19.8,11.4,15.0,4.6,1,4,2,7,1,0.08,0.44,0.52,0.29,55,0,78765,0,0,36
125,FWD,463067,Georginio,Rutter,2645207,0,False,0,0,0,0,0,0,0,0,0,0,0,0,0,0.0,0.0,0.0,0.0,0,0,0,0,0,0.00,0.00,0.00,0.00,55,8880,98683,23887,15007,36
125,FWD,463067,Georginio,Rutter,2645217,0,False,0,0,0,0,0,0,0,0,0,0,0,0,0,0.0,0.0,0.0,0.0,0,0,0,0,0,0.00,0.00,0.00,0.00,55,-21930,74079,4546,26476,36
125,FWD,463067,Georginio,Rutter,2645228,0,False,0,0,0,0,0,0,0,0,0,0,0,0,0,0.0,0.0,0.0,0.0,0,0,0,0,0,0.00,0.00,0.00,0.00,54,-17412,58474,1249,18661,36
125,FWD,463067,Georginio,Rutter,2645237,1,False,14,0,0,0,0,0,0,0,0,0,0,0,2,0.4,0.3,4.0,0.5,0,2,0,2,0,0.09,0.01,0.10,0.74,54,-10169,49762,2315,12484,36
126,MID,219249,Matt,O'Riley,2645201,0,False,0,0,0,0,0,0,0,0,0,0,0,0,0,0.0,0.0,0.0,0.0,0,0,0,0,0,0.00,0.00,0.00,0.00,55,0,8249,0,0,36
126,MID,219249,Matt,O'Riley,2645207,0,False,0,0,0,0,0,0,0,0,0,0,0,0,0,0.0,0.0,0.0,0.0,0,0,0,0,0,0.00,0.00,0.00,0.00,55,-696,10143,656,1352,36
126,MID,219249,Matt,O'Riley,2645217,0,False,0,0,0,0,0,0,0,0,0,0,0,0,0,0.0,0.0,0.0,0.0,0,0,0,0,0,0.00,0.00,0.00,0.00,55,-909,10276,1040,1949,36
126,MID,219249,Matt,O'Riley,2645228,1,False,6,0,0,0,0,0,0,0,0,0,0,0,4,2.2,10.5,0.0,1.3,0,1,0,1,0,0.00,0.01,0.01,0.04,55,-515,10605,901,1416,36
126,MID,219249,Matt,O'Riley,2645237,1,False,4,0,0,0,0,0,0,0,0,0,0,0,2,6.0,0.0,19.0,2.5,2,0,0,2,0,0.28,0.00,0.28,0.14,54,-662,10353,577,1239,36
127,MID,514254,Diego,Gómez Amarilla,2645201,6,False,85,0,1,1,0,0,0,0,0,0,0,0,27,33.0,25.1,41.0,9.9,2,1,3,6,1,0.18,0.48,0.66,0.29,50,0,355972,0,0,36
127,MID,514254,Diego,Gómez Amarilla,2645207,5,False,90,0,1,0,4,0,0,0,0,0,0,0,15,4.6,20.3,42.0,6.7,1,2,2,5,1,0.38,0.17,0.55,2.93,50,7080,380491,23952,16872,36
127,MID,514254,Diego,Gómez Amarilla,2645217,2,False,90,0,0,0,1,0,0,0,0,0,0,0,13,15.2,26.4,30.0,7.2,2,4,3,9,1,0.09,0.05,0.14,2.49,50,117389,525464,177501,60112,36
127,MID,514254,Diego,Gómez Amarilla,2645228,3,False,83,0,0,1,0,0,0,0,0,0,0,0,6,2.4,9.0,9.0,2.0,1,2,0,3,1,0.14,0.06,0.20,1.30,50,5076,522783,107677,102601,36
127,MID,514254,Diego,Gómez Amarilla,2645237,8,False,85,0,1,1,0,0,0,0,0,0,0,0,19,29.0,22.6,4.0,5.6,1,7,5,13,1,0.00,0.02,0.02,1.48,50,-68669,439801,13377,82046,36
128,MID,536916,Facundo,Buonanotte,2645201,0,False,0,0,0,0,0,0,0,0,0,0,0,0,0,0.0,0.0,0.0,0.0,0,0,0,0,0,0.00,0.00,0.00,0.00,50,0,528,0,0,36
128,MID,536916,Facundo,Buonanotte,2645207,0,False,0,0,0,0,0,0,0,0,0,0,0,0,0,0.0,0.0,0.0,0.0,0,0,0,0,0,0.00,0.00,0.00,0.00,50,-173,346,0,173,36
128,MID,536916,Facundo,Buonanotte,2645217,0,False,0,0,0,0,0,0,0,0,0,0,0,0,0,0.0,0.0,0.0,0.0,0,0,0,0,0,0.00,0.00,0.00,0.00,50,-94,257,0,94,36
128,MID,536916,Facundo,Buonanotte,2645228,0,False,0,0,0,0,0,0,0,0,0,0,0,0,0,0.0,0.0,0.0,0.0,0,0,0,0,0,0.00,0.00,0.00,0.00,50,-39,223,0,39,36
128,MID,536916,Facundo,Buonanotte,2645237,0,False,0,0,0,0,0,0,0,0,0,0,0,0,0,0.0,0.0,0.0,0.0,0,0,0,0,0,0.00,0.00,0.00,0.00,50,-17,206,0,17,36
129,MID,509416,Yasin,Ayari,2645201,2,False,63,0,0,1,0,0,0,0,1,0,0,0,8,0.0,15.0,6.0,1.7,1,3,0,4,1,0.11,0.03,0.14,0.19,55,0,61091,0,0,36
129,MID,509416,Yasin,Ayari,2645207,0,False,0,0,0,0,0,0,0,0,0,0,0,0,0,0.0,0.0,0.0,0.0,0,0,0,0,0,0.00,0.00,0.00,0.00,55,-4277,62632,3334,7611,36
129,MID,509416,Yasin,Ayari,2645217,2,False,90,0,0,0,1,0,0,0,0,0,0,0,18,11.4,14.8,18.0,4.4,1,2,0,3,1,0.17,0.04,0.21,2.49,54,-19892,42114,1443,21335,36
129,MID,509416,Yasin,Ayari,2645228,8,False,90,1,0,1,0,0,0,0,0,0,0,0,38,39.0,6.8,27.0,7.3,0,6,1,7,1,0.31,0.03,0.34,1.33,54,-4206,39911,2011,6217,36
129,MID,509416,Yasin,Ayari,2645237,3,False,90,0,0,1,0,0,0,0,0,0,0,0,7,5.6,12.3,17.0,3.5,2,4,1,7,1,0.11,0.08,0.19,1.63,54,-939,39428,3453,4392,36
130,DEF,467779,Mats,Wieffer,2645201,7,False,77,0,0,1,0,0,0,0,0,0,0,1,32,16.6,26.3,6.0,4.9,4,5,4,8,1,0.09,0.05,0.14,0.29,50,0,22925,0,0,36
130,DEF,467779,Mats,Wieffer,2645207,0,False,79,0,0,0,4,0,0,0,0,0,0,0,6,20.4,9.2,4.0,3.4,7,4,0,7,1,0.03,0.08,0.11,2.89,50,10371,43921,13428,3057,36
130,DEF,467779,Mats,Wieffer,2645217,0,False,0,0,0,0,0,0,0,0,0,0,0,0,0,0.0,0.0,0.0,0.0,0,0,0,0,0,0.00,0.00,0.00,0.00,50,-473,46414,12362,12835,36
130,DEF,467779,Mats,Wieffer,2645228,0,False,0,0,0,0,0,0,0,0,0,0,0,0,0,0.0,0.0,0.0,0.0,0,0,0,0,0,0.00,0.00,0.00,0.00,50,-18513,26541,68,18581,36
130,DEF,467779,Mats,Wieffer,2645237,0,False,0,0,0,0,0,0,0,0,0,0,0,0,0,0.0,0.0,0.0,0.0,0,0,0,0,0,0.00,0.00,0.00,0.00,49,-6902,20558,57,6959,36
132,MID,597320,Harry,Howell,2645201,0,False,0,0,0,0,0,0,0,0,0,0,0,0,0,0.0,0.0,0.0,0.0,0,0,0,0,0,0.00,0.00,0.00,0.00,45,0,6770,0,0,36
132,MID,597320,Harry,Howell,2645207,0,False,0,0,0,0,0,0,0,0,0,0,0,0,0,0.0,0.0,0.0,0.0,0,0,0,0,0,0.00,0.00,0.00,0.00,45,-1532,5161,0,1532,36
132,MID,597320,Harry,Howell,2645217,0,False,0,0,0,0,0,0,0,0,0,0,0,0,0,0.0,0.0,0.0,0.0,0,0,0,0,0,0.00,0.00,0.00,0.00,45,-976,4183,0,976,36
132,MID,597320,Harry,Howell,2645228,0,False,0,0,0,0,0,0,0,0,0,0,0,0,0,0.0,0.0,0.0,0.0,0,0,0,0,0,0.00,0.00,0.00,0.00,45,-575,3658,0,575,36
132,MID,597320,Harry,Howell,2645237,0,False,0,0,0,0,0,0,0,0,0,0,0,0,0,0.0,0.0,0.0,0.0,0,0,0,0,0,0.00,0.00,0.00,0.00,45,-395,3291,0,395,36
133,MID,549074,Tom,Watson,2645201,0,False,0,0,0,0,0,0,0,0,0,0,0,0,0,0.0,0.0,0.0,0.0,0,0,0,0,0,0.00,0.00,0.00,0.00,50,0,241,0,0,36
133,MID,549074,Tom,Watson,2645207,0,False,0,0,0,0,0,0,0,0,0,0,0,0,0,0.0,0.0,0.0,0.0,0,0,0,0,0,0.00,0.00,0.00,0.00,50,-56,182,0,56,36
133,MID,549074,Tom,Watson,2645217,0,False,0,0,0,0,0,0,0,0,0,0,0,0,0,0.0,0.0,0.0,0.0,0,0,0,0,0,0.00,0.00,0.00,0.00,50,-46,139,0,46,36
133,MID,549074,Tom,Watson,2645228,0,False,0,0,0,0,0,0,0,0,0,0,0,0,0,0.0,0.0,0.0,0.0,0,0,0,0,0,0.00,0.00,0.00,0.00,50,-19,122,0,19,36
133,MID,549074,Tom,Watson,2645237,0,False,0,0,0,0,0,0,0,0,0,0,0,0,0,0.0,0.0,0.0,0.0,0,0,0,0,0,0.00,0.00,0.00,0.00,50,-10,112,0,10,36
134,MID,556637,Nehemiah,Oriola,2645201,0,False,0,0,0,0,0,0,0,0,0,0,0,0,0,0.0,0.0,0.0,0.0,0,0,0,0,0,0.00,0.00,0.00,0.00,45,0,24725,0,0,36
134,MID,556637,Nehemiah,Oriola,2645207,0,False,0,0,0,0,0,0,0,0,0,0,0,0,0,0.0,0.0,0.0,0.0,0,0,0,0,0,0.00,0.00,0.00,0.00,45,-1072,27277,1708,2780,36
134,MID,556637,Nehemiah,Oriola,2645217,0,False,0,0,0,0,0,0,0,0,0,0,0,0,0,0.0,0.0,0.0,0.0,0,0,0,0,0,0.00,0.00,0.00,0.00,45,-147,29432,3612,3759,36
134,MID,556637,Nehemiah,Oriola,2645228,0,False,0,0,0,0,0,0,0,0,0,0,0,0,0,0.0,0.0,0.0,0.0,0,0,0,0,0,0.00,0.00,0.00,0.00,45,-1093,28553,2194,3287,36
134,MID,556637,Nehemiah,Oriola,2645237,0,False,0,0,0,0,0,0,0,0,0,0,0,0,0,0.0,0.0,0.0,0.0,0,0,0,0,0,0.00,0.00,0.00,0.00,45,-2152,26306,890,3042,36
135,MID,700308,Zadok,Yohanna,2645201,1,False,12,0,0,0,0,0,0,0,0,0,0,0,3,0.2,1.3,0.0,0.2,0,0,0,0,0,0.00,0.03,0.03,0.00,50,0,6623,0,0,36
135,MID,700308,Zadok,Yohanna,2645207,0,False,0,0,0,0,0,0,0,0,0,0,0,0,0,0.0,0.0,0.0,0.0,0,0,0,0,0,0.00,0.00,0.00,0.00,50,-506,6909,373,879,36
135,MID,700308,Zadok,Yohanna,2645217,0,False,0,0,0,0,0,0,0,0,0,0,0,0,0,0.0,0.0,0.0,0.0,0,0,0,0,0,0.00,0.00,0.00,0.00,50,-1062,6108,517,1579,36
135,MID,700308,Zadok,Yohanna,2645228,0,False,0,0,0,0,0,0,0,0,0,0,0,0,0,0.0,0.0,0.0,0.0,0,0,0,0,0,0.00,0.00,0.00,0.00,49,-1135,5076,318,1453,36
135,MID,700308,Zadok,Yohanna,2645237,0,False,0,0,0,0,0,0,0,0,0,0,0,0,0,0.0,0.0,0.0,0.0,0,0,0,0,0,0.00,0.00,0.00,0.00,49,-1161,3954,35,1196,36
137,FWD,608181,Stefanos,Tzimas,2645201,0,False,0,0,0,0,0,0,0,0,0,0,0,0,0,0.0,0.0,0.0,0.0,0,0,0,0,0,0.00,0.00,0.00,0.00,55,0,879,0,0,36
137,FWD,608181,Stefanos,Tzimas,2645207,0,False,0,0,0,0,0,0,0,0,0,0,0,0,0,0.0,0.0,0.0,0.0,0,0,0,0,0,0.00,0.00,0.00,0.00,55,-168,839,84,252,36
137,FWD,608181,Stefanos,Tzimas,2645217,0,False,0,0,0,0,0,0,0,0,0,0,0,0,0,0.0,0.0,0.0,0.0,0,0,0,0,0,0.00,0.00,0.00,0.00,55,-130,754,80,210,36
137,FWD,608181,Stefanos,Tzimas,2645228,0,False,0,0,0,0,0,0,0,0,0,0,0,0,0,0.0,0.0,0.0,0.0,0,0,0,0,0,0.00,0.00,0.00,0.00,55,-82,705,70,152,36
137,FWD,608181,Stefanos,Tzimas,2645237,0,False,0,0,0,0,0,0,0,0,0,0,0,0,0,0.0,0.0,0.0,0.0,0,0,0,0,0,0.00,0.00,0.00,0.00,54,-21,710,63,84,36
138,FWD,647850,Charalampos,Kostoulas,2645201,1,False,26,0,0,0,0,0,0,0,0,0,0,0,-1,0.0,0.4,10.0,0.9,0,1,1,2,0,0.18,0.00,0.18,0.10,55,0,19339,0,0,36
138,FWD,647850,Charalampos,Kostoulas,2645207,5,False,79,0,1,0,4,0,0,0,0,0,0,0,17,5.0,15.1,17.0,3.7,0,6,0,6,1,0.17,0.02,0.19,2.89,55,-767,22097,1384,2151,36
138,FWD,647850,Charalampos,Kostoulas,2645217,2,False,90,0,0,0,1,0,0,0,0,0,0,0,9,9.6,5.3,24.0,3.9,3,4,1,8,1,0.43,0.02,0.45,2.49,55,23615,52785,29733,6118,36
138,FWD,647850,Charalampos,Kostoulas,2645228,10,False,83,1,1,1,0,0,0,0,0,0,0,1,40,33.0,7.0,38.0,7.8,2,4,1,7,1,0.39,0.01,0.40,1.30,55,7254,59839,16416,9162,36
138,FWD,647850,Charalampos,Kostoulas,2645237,10,False,75,1,1,1,0,0,0,0,1,0,0,2,40,48.2,11.3,38.0,9.8,0,3,1,4,1,0.18,0.01,0.19,0.89,55,42079,105077,57158,15079,36
139,FWD,487117,Evan,Ferguson,2645201,0,False,0,0,0,0,0,0,0,0,0,0,0,0,0,0.0,0.0,0.0,0.0,0,0,0,0,0,0.00,0.00,0.00,0.00,50,0,2877,0,0,36
139,FWD,487117,Evan,Ferguson,2645207,0,False,0,0,0,0,0,0,0,0,0,0,0,0,0,0.0,0.0,0.0,0.0,0,0,0,0,0,0.00,0.00,0.00,0.00,50,-305,3163,318,623,36
139,FWD,487117,Evan,Ferguson,2645217,0,False,0,0,0,0,0,0,0,0,0,0,0,0,0,0.0,0.0,0.0,0.0,0,0,0,0,0,0.00,0.00,0.00,0.00,50,-173,3252,545,718,36
139,FWD,487117,Evan,Ferguson,2645228,0,False,0,0,0,0,0,0,0,0,0,0,0,0,0,0.0,0.0,0.0,0.0,0,0,0,0,0,0.00,0.00,0.00,0.00,50,-178,3222,346,524,36
139,FWD,487117,Evan,Ferguson,2645237,0,False,0,0,0,0,0,0,0,0,0,0,0,0,0,0.0,0.0,0.0,0.0,0,0,0,0,0,0.00,0.00,0.00,0.00,50,-162,3174,242,404,36
328,DEF,222694,Pascal,Struijk,2645201,0,False,0,0,0,0,0,0,0,0,0,0,0,0,0,0.0,0.0,0.0,0.0,0,0,0,0,0,0.00,0.00,0.00,0.00,50,0,19933,0,0,36
328,DEF,222694,Pascal,Struijk,2645207,0,False,0,0,0,0,0,0,0,0,0,0,0,0,0,0.0,0.0,0.0,0.0,0,0,0,0,0,0.00,0.00,0.00,0.00,50,-1138,22519,1416,2554,36
328,DEF,222694,Pascal,Struijk,2645217,1,False,1,0,0,0,0,0,0,0,0,0,0,0,3,0.2,0.1,0.0,0.0,0,0,0,0,0,0.00,0.00,0.00,0.00,50,-2128,21218,1548,3676,36
328,DEF,222694,Pascal,Struijk,2645228,1,False,12,0,0,0,0,0,0,0,0,0,0,0,4,11.2,0.8,0.0,1.2,4,0,0,4,0,0.00,0.01,0.01,0.22,50,-1007,20832,1494,2501,36
328,DEF,222694,Pascal,Struijk,2645237,5,False,85,0,0,1,0,0,0,0,1,0,0,0,24,20.8,0.6,7.0,2.8,5,6,1,6,1,0.16,0.00,0.16,1.48,49,-1949,18865,571,2520,36
504,DEF,610799,Luka,Vušković,2645201,6,False,90,0,0,1,0,0,0,0,0,0,0,0,19,12.4,4.5,12.0,2.9,4,2,0,4,1,0.13,0.03,0.16,0.29,50,0,221596,0,0,36
504,DEF,610799,Luka,Vušković,2645207,0,False,90,0,0,0,4,0,0,0,0,0,0,0,-2,22.8,8.3,5.0,3.6,7,3,1,8,1,0.03,0.02,0.05,2.93,50,8839,250629,21186,12347,36
504,DEF,610799,Luka,Vušković,2645217,12,False,90,1,0,0,1,0,0,0,0,0,0,2,27,56.2,1.8,40.0,9.8,8,4,2,10,1,0.19,0.01,0.20,2.49,50,-9735,244648,22843,32578,36
504,DEF,610799,Luka,Vušković,2645228,6,False,77,0,0,1,0,0,0,0,0,0,0,0,27,16.2,1.8,13.0,3.1,8,4,1,9,1,0.11,0.01,0.12,1.11,50,86436,369539,131383,44947,36
504,DEF,610799,Luka,Vušković,2645237,8,False,90,0,0,1,0,0,0,0,0,0,0,0,27,20.6,1.6,2.0,2.4,10,4,2,12,1,0.00,0.00,0.00,1.63,50,-7252,332297,27688,34940,36
594,FWD,538007,Promise,David,2645201,0,False,0,0,0,0,0,0,0,0,0,0,0,0,0,0.0,0.0,0.0,0.0,0,0,0,0,0,0.00,0.00,0.00,0.00,60,0,20944,0,0,36
594,FWD,538007,Promise,David,2645207,1,False,10,0,0,0,0,0,0,0,0,0,0,0,3,0.0,3.7,0.0,0.4,0,0,0,0,0,0.00,0.00,0.00,0.04,60,-1622,25435,2519,4141,36
594,FWD,538007,Promise,David,2645217,0,False,13,0,0,0,0,0,0,0,1,0,0,0,-7,0.0,0.0,4.0,0.0,0,0,0,0,0,0.42,0.00,0.42,0.10,60,-1278,25799,4444,5722,36
594,FWD,538007,Promise,David,2645228,0,False,0,0,0,0,0,0,0,0,0,0,0,0,0,0.0,0.0,0.0,0.0,0,0,0,0,0,0.00,0.00,0.00,0.00,60,-2415,24399,2799,5214,36
594,FWD,538007,Promise,David,2645237,0,False,0,0,0,0,0,0,0,0,0,0,0,0,0,0.0,0.0,0.0,0.0,0,0,0,0,0,0.00,0.00,0.00,0.00,60,-3096,21728,2100,5196,36
600,MID,612855,Ibrahim,Osman,2645201,1,False,12,0,0,0,0,0,0,0,0,0,0,0,7,4.2,15.4,4.0,2.4,0,2,0,2,0,0.00,0.05,0.05,0.00,50,0,633,0,0,36
600,MID,612855,Ibrahim,Osman,2645207,1,False,16,0,0,0,1,0,0,0,0,0,0,0,6,3.0,1.3,2.0,0.6,0,0,1,1,0,0.00,0.01,0.01,0.10,50,75,1521,218,143,36
600,MID,612855,Ibrahim,Osman,2645217,0,False,0,0,0,0,0,0,0,0,0,0,0,0,0,0.0,0.0,0.0,0.0,0,0,0,0,0,0.00,0.00,0.00,0.00,50,30,1841,312,282,36
600,MID,612855,Ibrahim,Osman,2645228,1,False,12,0,0,0,0,0,0,0,0,0,0,0,2,0.0,1.1,13.0,1.2,0,1,0,1,0,0.05,0.01,0.06,0.22,50,-148,1793,153,301,36
600,MID,612855,Ibrahim,Osman,2645237,0,False,0,0,0,0,0,0,0,0,0,0,0,0,0,0.0,0.0,0.0,0.0,0,0,0,0,0,0.00,0.00,0.00,0.00,50,-93,1757,148,241,36
605,MID,611695,Malick,Yalcouyé,2645201,1,False,4,0,0,0,0,0,0,0,0,0,0,0,3,0.6,2.7,0.0,0.3,0,0,0,0,0,0.00,0.01,0.01,0.00,45,0,0,0,0,36
605,MID,611695,Malick,Yalcouyé,2645207,8,False,73,1,0,0,3,0,0,0,0,0,0,1,39,50.8,20.1,42.0,11.3,2,2,3,7,1,0.70,0.16,0.86,2.83,45,3387,9806,4339,952,36
605,MID,611695,Malick,Yalcouyé,2645217,2,False,90,0,0,0,1,0,0,0,0,0,0,0,16,8.2,24.4,20.0,5.3,2,3,0,5,1,0.05,0.09,0.14,2.49,45,174780,252653,208413,33633,36
605,MID,611695,Malick,Yalcouyé,2645228,8,False,64,1,0,1,0,0,0,0,0,0,0,0,29,47.4,12.8,43.0,10.3,2,2,2,6,1,0.67,0.01,0.68,1.11,45,125140,374976,185444,60304,36
605,MID,611695,Malick,Yalcouyé,2645237,1,False,5,0,0,0,0,0,0,0,0,0,0,0,9,2.2,10.3,6.0,1.9,0,0,1,1,0,0.04,0.18,0.22,0.14,45,87628,450411,130693,43065,36
614,DEF,512123,Jaouen,Hadjam,2645207,0,False,0,0,0,0,0,0,0,0,0,0,0,0,0,0.0,0.0,0.0,0.0,0,0,0,0,0,0.00,0.00,0.00,0.00,45,952,1839,1006,54,36
614,DEF,512123,Jaouen,Hadjam,2645217,0,False,0,0,0,0,0,0,0,0,0,0,0,0,0,0.0,0.0,0.0,0.0,0,0,0,0,0,0.00,0.00,0.00,0.00,45,1310,4150,1795,485,36
614,DEF,512123,Jaouen,Hadjam,2645228,0,False,0,0,0,0,0,0,0,0,0,0,0,0,0,0.0,0.0,0.0,0.0,0,0,0,0,0,0.00,0.00,0.00,0.00,45,-135,4155,425,560,36
614,DEF,512123,Jaouen,Hadjam,2645237,0,False,0,0,0,0,0,0,0,0,0,0,0,0,0,0.0,0.0,0.0,0.0,0,0,0,0,0,0.00,0.00,0.00,0.00,45,-93,4264,513,606,36
624,MID,519324,Amario,Cozier-Duberry,2645207,0,False,0,0,0,0,0,0,0,0,0,0,0,0,0,0.0,0.0,0.0,0.0,0,0,0,0,0,0.00,0.00,0.00,0.00,50,0,0,0,0,36
624,MID,519324,Amario,Cozier-Duberry,2645217,0,False,0,0,0,0,0,0,0,0,0,0,0,0,0,0.0,0.0,0.0,0.0,0,0,0,0,0,0.00,0.00,0.00,0.00,50,61,111,117,56,36
624,MID,519324,Amario,Cozier-Duberry,2645228,0,False,0,0,0,0,0,0,0,0,0,0,0,0,0,0.0,0.0,0.0,0.0,0,0,0,0,0,0.00,0.00,0.00,0.00,50,-40,61,0,40,36
624,MID,519324,Amario,Cozier-Duberry,2645237,0,False,0,0,0,0,0,0,0,0,0,0,0,0,0,0.0,0.0,0.0,0.0,0,0,0,0,0,0.00,0.00,0.00,0.00,50,-12,51,0,12,36
639,MID,592984,José María,Andrés Baixauli,2645217,0,False,0,0,0,0,0,0,0,0,0,0,0,0,0,0.0,0.0,0.0,0.0,0,0,0,0,0,0.00,0.00,0.00,0.00,55,219,345,261,42,36
639,MID,592984,José María,Andrés Baixauli,2645228,4,False,25,0,1,0,0,0,0,0,0,0,0,0,10,18.8,13.1,2.0,3.4,2,1,1,4,0,0.24,0.01,0.25,0.22,55,318,812,513,195,36
639,MID,592984,José María,Andrés Baixauli,2645237,8,False,84,1,0,1,0,0,0,0,0,0,0,0,27,33.4,4.8,37.0,7.5,2,7,0,9,1,0.28,0.11,0.39,1.48,55,239,1188,470,231,36
652,MID,471551,Femi,Azeez,2645217,0,False,0,0,0,0,0,0,0,0,0,0,0,0,0,0.0,0.0,0.0,0.0,0,0,0,0,0,0.00,0.00,0.00,0.00,55,214,256,248,34,36
652,MID,471551,Femi,Azeez,2645228,0,False,0,0,0,0,0,0,0,0,0,0,0,0,0,0.0,0.0,0.0,0.0,0,0,0,0,0,0.00,0.00,0.00,0.00,55,62,315,121,59,36
652,MID,471551,Femi,Azeez,2645237,0,False,0,0,0,0,0,0,0,0,0,0,0,0,0,0.0,0.0,0.0,0.0,0,0,0,0,0,0.00,0.00,0.00,0.00,55,-10,308,54,64,36
658,MID,661016,Younes,Ibrahim,2645228,0,False,0,0,0,0,0,0,0,0,0,0,0,0,0,0.0,0.0,0.0,0.0,0,0,0,0,0,0.00,0.00,0.00,0.00,45,0,0,0,0,36
658,MID,661016,Younes,Ibrahim,2645237,0,False,0,0,0,0,0,0,0,0,0,0,0,0,0,0.0,0.0,0.0,0.0,0,0,0,0,0,0.00,0.00,0.00,0.00,45,895,1545,1163,268,36
28,GKP,98980,Emiliano,Martínez Romero,2645201,0,False,0,0,0,0,0,0,0,0,0,0,0,0,0,0.0,0.0,0.0,0.0,0,0,0,0,0,0.00,0.00,0.00,0.00,50,0,388040,0,0,8
28,GKP,98980,Emiliano,Martínez Romero,2645207,2,False,90,0,0,0,3,0,0,0,0,0,4,0,18,36.2,20.0,0.0,5.6,1,13,0,0,1,0.00,0.01,0.01,1.41,50,-42289,419555,14876,8115,8
28,GKP,98980,Emiliano,Martínez Romero,2645215,3,False,90,0,0,0,2,0,0,0,0,0,8,0,26,63.2,0.0,0.0,6.3,0,8,0,0,1,0.00,0.00,0.00,2.05,50,13115,459337,68378,55263,8
28,GKP,98980,Emiliano,Martínez Romero,2645227,2,False,90,0,0,0,2,0,0,0,0,0,3,0,10,19.6,0.0,0.0,2.0,0,10,0,0,1,0.00,0.00,0.00,1.38,50,68402,564431,119022,50620,8
28,GKP,98980,Emiliano,Martínez Romero,2645236,2,False,90,0,0,0,3,0,0,0,0,0,3,0,7,26.0,10.0,0.0,3.6,0,6,0,0,1,0.00,0.00,0.00,2.65,50,-32803,524629,20981,53784,8
40,MID,244850,Morgan,Rogers,2645204,8,False,81,1,0,0,2,0,0,0,0,0,0,1,37,48.8,53.5,29.0,13.1,0,5,2,7,1,0.96,0.10,1.06,1.24,75,0,2178086,0,0,8
40,MID,244850,Morgan,Rogers,2645207,5,False,90,0,1,0,3,0,0,0,0,0,0,0,28,26.8,46.5,23.0,9.6,1,3,1,5,1,0.14,1.01,1.15,1.41,75,180102,2607781,251851,71749,8
40,MID,244850,Morgan,Rogers,2645215,6,False,86,1,0,0,2,0,0,0,1,0,0,0,22,30.2,13.6,16.0,6.0,0,5,0,5,1,0.08,0.03,0.11,2.05,75,-110434,2472597,211550,321984,8
40,MID,244850,Morgan,Rogers,2645227,8,False,90,1,0,0,2,0,0,0,0,0,0,1,31,43.2,5.9,42.0,9.1,0,4,2,6,1,0.21,0.02,0.23,1.38,76,1039938,3834585,1168508,128570,8
40,MID,244850,Morgan,Rogers,2645236,2,False,90,0,0,0,3,0,0,0,0,0,0,0,17,10.0,20.6,30.0,6.1,2,6,0,8,1,0.33,0.07,0.40,2.65,77,628130,4380885,697514,69384,8
101,MID,56979,Jordan,Henderson,2645204,0,False,0,0,0,0,0,0,0,0,0,0,0,0,0,0.0,0.0,0.0,0.0,0,0,0,0,0,0.00,0.00,0.00,0.00,50,0,3629,0,0,8
101,MID,56979,Jordan,Henderson,2645207,0,False,0,0,0,0,0,0,0,0,0,0,0,0,0,0.0,0.0,0.0,0.0,0,0,0,0,0,0.00,0.00,0.00,0.00,50,-477,3715,214,691,8
101,MID,56979,Jordan,Henderson,2645215,0,False,0,0,0,0,0,0,0,0,0,0,0,0,0,0.0,0.0,0.0,0.0,0,0,0,0,0,0.00,0.00,0.00,0.00,50,-557,3322,209,766,8
101,MID,56979,Jordan,Henderson,2645227,0,False,0,0,0,0,0,0,0,0,0,0,0,0,0,0.0,0.0,0.0,0.0,0,0,0,0,0,0.00,0.00,0.00,0.00,49,-444,3001,145,589,8
101,MID,56979,Jordan,Henderson,2645236,2,False,90,0,0,0,3,0,0,0,0,0,0,0,16,16.6,10.4,0.0,2.7,2,7,1,10,1,0.00,0.08,0.08,2.65,49,-383,2692,45,428,8
136,FWD,50175,Danny,Welbeck,2645204,0,False,0,0,0,0,0,0,0,0,0,0,0,0,0,0.0,0.0,0.0,0.0,0,0,0,0,0,0.00,0.00,0.00,0.00,60,0,112037,0,0,8
136,FWD,50175,Danny,Welbeck,2645207,0,False,0,0,0,0,0,0,0,0,0,0,0,0,0,0.0,0.0,0.0,0.0,0,0,0,0,0,0.00,0.00,0.00,0.00,60,-19289,96753,3136,22425,8
136,FWD,50175,Danny,Welbeck,2645215,1,False,3,0,0,0,0,0,0,0,0,0,0,0,3,0.0,0.3,2.0,0.2,0,0,0,0,0,0.00,0.00,0.00,0.00,59,-16503,84671,7873,24376,8
136,FWD,50175,Danny,Welbeck,2645227,1,False,12,0,0,0,0,0,0,0,0,0,0,0,4,7.2,10.6,4.0,2.2,1,0,0,1,0,0.00,0.06,0.06,0.54,59,-5112,82997,8018,13130,8
136,FWD,50175,Danny,Welbeck,2645236,2,False,70,0,0,0,1,0,0,0,0,0,0,0,8,7.2,21.8,8.0,3.7,1,2,1,4,1,0.00,0.08,0.08,1.45,59,20936,114052,34909,13973,8
140,GKP,215059,Robert,Lynch Sánchez,2645204,2,False,90,0,0,0,2,0,0,0,0,0,4,0,6,21.4,0.0,0.0,2.1,1,5,0,0,1,0.00,0.01,0.01,1.33,50,0,207899,0,0,8
140,GKP,215059,Robert,Lynch Sánchez,2645207,0,False,0,0,0,0,0,0,0,0,0,0,0,0,0,0.0,0.0,0.0,0.0,0,0,0,0,0,0.00,0.00,0.00,0.00,50,-18267,217448,8924,27191,8
140,GKP,215059,Robert,Lynch Sánchez,2645215,0,False,0,0,0,0,0,0,0,0,0,0,0,0,0,0.0,0.0,0.0,0.0,0,0,0,0,0,0.00,0.00,0.00,0.00,49,-82439,130954,1923,84362,8
140,GKP,215059,Robert,Lynch Sánchez,2645227,0,False,0,0,0,0,0,0,0,0,0,0,0,0,0,0.0,0.0,0.0,0.0,0,0,0,0,0,0.00,0.00,0.00,0.00,49,-44507,93763,0,44507,8
140,GKP,215059,Robert,Lynch Sánchez,2645236,0,False,0,0,0,0,0,0,0,0,0,0,0,0,0,0.0,0.0,0.0,0.0,0,0,0,0,0,0.00,0.00,0.00,0.00,49,-15548,79688,0,15548,8
141,GKP,508479,Filip,Jörgensen,2645204,0,False,0,0,0,0,0,0,0,0,0,0,0,0,0,0.0,0.0,0.0,0.0,0,0,0,0,0,0.00,0.00,0.00,0.00,50,0,1796,0,0,8
141,GKP,508479,Filip,Jörgensen,2645207,0,False,0,0,0,0,0,0,0,0,0,0,0,0,0,0.0,0.0,0.0,0.0,0,0,0,0,0,0.00,0.00,0.00,0.00,50,-501,1280,0,501,8
141,GKP,508479,Filip,Jörgensen,2645215,0,False,0,0,0,0,0,0,0,0,0,0,0,0,0,0.0,0.0,0.0,0.0,0,0,0,0,0,0.00,0.00,0.00,0.00,50,-270,1022,0,270,8
141,GKP,508479,Filip,Jörgensen,2645227,0,False,0,0,0,0,0,0,0,0,0,0,0,0,0,0.0,0.0,0.0,0.0,0,0,0,0,0,0.00,0.00,0.00,0.00,50,-95,933,0,95,8
141,GKP,508479,Filip,Jörgensen,2645236,0,False,0,0,0,0,0,0,0,0,0,0,0,0,0,0.0,0.0,0.0,0.0,0,0,0,0,0,0.00,0.00,0.00,0.00,50,-52,889,0,52,8
142,DEF,225796,Reece,James,2645204,0,False,90,0,0,0,2,0,0,0,1,0,0,0,5,23.4,16.8,19.0,5.9,6,4,0,6,1,0.10,0.07,0.17,1.33,55,0,879361,0,0,8
142,DEF,225796,Reece,James,2645207,1,False,22,0,0,0,1,0,0,0,0,0,0,0,-1,0.4,0.4,2.0,0.3,0,1,0,0,0,0.00,0.00,0.00,0.14,55,-18793,987947,62525,81318,8
142,DEF,225796,Reece,James,2645215,1,False,90,0,0,0,2,0,0,0,0,0,0,0,9,12.6,15.0,13.0,4.1,3,6,0,3,1,0.07,0.05,0.12,2.05,55,-184123,810910,27039,211162,8
142,DEF,225796,Reece,James,2645227,1,False,90,0,0,0,2,0,0,0,0,0,0,0,11,19.8,10.4,15.0,4.5,2,4,2,4,1,0.16,0.14,0.30,1.38,54,-30934,828525,60443,91377,8
142,DEF,225796,Reece,James,2645236,0,False,0,0,0,0,0,0,0,0,0,0,0,0,0,0.0,0.0,0.0,0.0,0,0,0,0,0,0.00,0.00,0.00,0.00,54,-120634,704792,18198,138832,8
143,DEF,180736,Trevoh,Chalobah,2645204,0,False,0,0,0,0,0,0,0,0,0,0,0,0,0,0.0,0.0,0.0,0.0,0,0,0,0,0,0.00,0.00,0.00,0.00,55,0,21121,0,0,8
143,DEF,180736,Trevoh,Chalobah,2645207,0,False,0,0,0,0,0,0,0,0,0,0,0,0,0,0.0,0.0,0.0,0.0,0,0,0,0,0,0.00,0.00,0.00,0.00,55,-8058,12877,0,8058,8
143,DEF,180736,Trevoh,Chalobah,2645215,0,False,0,0,0,0,0,0,0,0,0,0,0,0,0,0.0,0.0,0.0,0.0,0,0,0,0,0,0.00,0.00,0.00,0.00,55,-3529,9527,0,3529,8
143,DEF,180736,Trevoh,Chalobah,2645227,0,False,0,0,0,0,0,0,0,0,0,0,0,0,0,0.0,0.0,0.0,0.0,0,0,0,0,0,0.00,0.00,0.00,0.00,55,-1338,8308,0,1338,8
143,DEF,180736,Trevoh,Chalobah,2645236,0,False,0,0,0,0,0,0,0,0,0,0,0,0,0,0.0,0.0,0.0,0.0,0,0,0,0,0,0.00,0.00,0.00,0.00,55,-705,7643,0,705,8
144,DEF,482609,Malo,Gusto,2645204,1,False,75,0,0,0,2,0,0,0,0,0,0,0,2,7.2,9.8,6.0,2.3,2,4,1,3,1,0.00,0.03,0.03,1.11,50,0,98423,0,0,8
144,DEF,482609,Malo,Gusto,2645207,1,False,90,0,0,0,3,0,0,0,0,0,0,0,-1,7.8,0.7,0.0,0.9,4,3,1,5,1,0.00,0.01,0.01,1.41,50,2378,122291,13325,10947,8
144,DEF,482609,Malo,Gusto,2645215,1,False,30,0,0,0,0,0,0,0,0,0,0,0,4,3.0,3.4,1.0,0.7,0,2,2,2,0,0.04,0.01,0.05,0.14,50,-11595,116347,9926,21521,8
144,DEF,482609,Malo,Gusto,2645227,1,False,77,0,0,0,2,0,0,0,0,0,0,0,7,14.0,23.3,6.0,4.3,5,4,0,5,1,0.04,0.07,0.11,0.84,50,-6655,114930,7469,14124,8
144,DEF,482609,Malo,Gusto,2645236,0,False,0,0,0,0,0,0,0,0,0,0,0,0,0,0.0,0.0,0.0,0.0,0,0,0,0,0,0.00,0.00,0.00,0.00,50,-9281,107892,4607,13888,8
145,DEF,444463,Wesley,Fofana,2645204,0,False,0,0,0,0,0,0,0,0,0,0,0,0,0,0.0,0.0,0.0,0.0,0,0,0,0,0,0.00,0.00,0.00,0.00,50,0,1057,0,0,8
145,DEF,444463,Wesley,Fofana,2645207,0,False,67,0,0,0,2,0,0,0,1,0,0,0,-2,19.4,0.9,0.0,2.0,9,0,0,9,1,0.00,0.01,0.01,1.26,50,552,3489,813,261,8
145,DEF,444463,Wesley,Fofana,2645215,3,False,90,0,0,0,2,0,0,0,0,0,0,0,16,39.8,22.8,0.0,6.3,14,3,3,17,1,0.00,0.04,0.04,2.05,50,1351,7346,2579,1228,8
145,DEF,444463,Wesley,Fofana,2645227,1,False,85,0,0,0,2,0,0,0,0,0,0,0,10,18.4,4.7,4.0,2.7,4,4,2,6,1,0.00,0.03,0.03,0.89,50,7374,18473,9377,2003,8
145,DEF,444463,Wesley,Fofana,2645236,4,False,70,0,0,0,1,0,0,0,0,0,0,0,11,22.8,0.8,0.0,2.4,13,4,2,15,1,0.00,0.00,0.00,1.45,50,-112,18869,3337,3449,8
146,DEF,242880,Benoît,Badiashile Mukinayi,2645204,0,False,0,0,0,0,0,0,0,0,0,0,0,0,0,0.0,0.0,0.0,0.0,0,0,0,0,0,0.00,0.00,0.00,0.00,45,0,2313,0,0,8
146,DEF,242880,Benoît,Badiashile Mukinayi,2645207,0,False,0,0,0,0,0,0,0,0,0,0,0,0,0,0.0,0.0,0.0,0.0,0,0,0,0,0,0.00,0.00,0.00,0.00,45,-568,2126,232,800,8
146,DEF,242880,Benoît,Badiashile Mukinayi,2645215,0,False,0,0,0,0,0,0,0,0,0,0,0,0,0,0.0,0.0,0.0,0.0,0,0,0,0,0,0.00,0.00,0.00,0.00,45,-719,1405,0,719,8
146,DEF,242880,Benoît,Badiashile Mukinayi,2645227,0,False,0,0,0,0,0,0,0,0,0,0,0,0,0,0.0,0.0,0.0,0.0,0,0,0,0,0,0.00,0.00,0.00,0.00,45,-250,1183,0,250,8
146,DEF,242880,Benoît,Badiashile Mukinayi,2645236,0,False,0,0,0,0,0,0,0,0,0,0,0,0,0,0.0,0.0,0.0,0.0,0,0,0,0,0,0.00,0.00,0.00,0.00,45,-128,1061,0,128,8
148,DEF,551210,Jorrel,Hato,2645204,1,False,64,0,0,0,2,0,0,0,0,0,0,0,5,8.4,12.3,11.0,3.2,1,2,2,3,1,0.01,0.03,0.04,1.05,45,0,40724,0,0,8
148,DEF,551210,Jorrel,Hato,2645207,4,False,90,0,1,0,3,0,0,0,0,0,0,0,12,30.0,20.7,0.0,5.1,4,3,2,6,1,0.00,0.06,0.06,1.41,45,-126,47286,4358,4484,8
148,DEF,551210,Jorrel,Hato,2645215,3,False,59,0,1,0,2,0,0,0,0,0,0,0,5,34.8,11.2,2.0,4.8,4,2,2,6,1,0.00,0.02,0.02,1.91,45,12089,65104,22516,10427,8
148,DEF,551210,Jorrel,Hato,2645227,0,False,45,0,0,0,2,0,0,0,0,0,0,0,-8,3.8,2.9,2.0,0.9,2,2,1,3,1,0.00,0.10,0.10,0.44,45,42963,115190,58654,15691,8
148,DEF,551210,Jorrel,Hato,2645236,0,False,0,0,0,0,0,0,0,0,0,0,0,0,0,0.0,0.0,0.0,0.0,0,0,0,0,0,0.00,0.00,0.00,0.00,45,-16858,93559,4867,21725,8
149,DEF,460028,Levi,Samuels Colwill,2645204,0,False,90,0,0,0,2,0,0,0,1,0,0,0,6,6.0,1.6,7.0,1.5,2,3,2,4,1,0.01,0.03,0.04,1.33,50,0,142918,0,0,8
149,DEF,460028,Levi,Samuels Colwill,2645207,1,False,71,0,0,0,2,0,0,0,0,0,0,0,2,13.2,0.4,0.0,1.4,8,2,1,9,1,0.00,0.00,0.00,1.31,50,-7208,150119,10571,17779,8
149,DEF,460028,Levi,Samuels Colwill,2645215,0,False,0,0,0,0,0,0,0,0,0,0,0,0,0,0.0,0.0,0.0,0.0,0,0,0,0,0,0.00,0.00,0.00,0.00,50,-25878,124492,7720,33598,8
149,DEF,460028,Levi,Samuels Colwill,2645227,1,False,90,0,0,0,2,0,0,0,0,0,0,0,8,26.8,12.2,4.0,4.3,6,6,0,6,1,0.00,0.01,0.01,1.38,49,-17331,112667,5362,22693,8
149,DEF,460028,Levi,Samuels Colwill,2645236,1,False,90,0,0,0,3,0,0,0,0,0,0,0,1,15.6,2.4,2.0,2.0,7,4,0,7,1,0.00,0.01,0.01,2.65,49,-16952,97080,2003,18955,8
150,DEF,574458,Mamadou,Sarr,2645204,0,False,0,0,0,0,0,0,0,0,0,0,0,0,0,0.0,0.0,0.0,0.0,0,0,0,0,0,0.00,0.00,0.00,0.00,45,0,6689,0,0,8
150,DEF,574458,Mamadou,Sarr,2645207,0,False,0,0,0,0,0,0,0,0,0,0,0,0,0,0.0,0.0,0.0,0.0,0,0,0,0,0,0.00,0.00,0.00,0.00,45,-544,7741,405,949,8
150,DEF,574458,Mamadou,Sarr,2645215,0,False,0,0,0,0,0,0,0,0,0,0,0,0,0,0.0,0.0,0.0,0.0,0,0,0,0,0,0.00,0.00,0.00,0.00,45,-3325,4381,24,3349,8
150,DEF,574458,Mamadou,Sarr,2645227,0,False,0,0,0,0,0,0,0,0,0,0,0,0,0,0.0,0.0,0.0,0.0,0,0,0,0,0,0.00,0.00,0.00,0.00,45,-1063,3449,0,1063,8
150,DEF,574458,Mamadou,Sarr,2645236,0,False,0,0,0,0,0,0,0,0,0,0,0,0,0,0.0,0.0,0.0,0.0,0,0,0,0,0,0.00,0.00,0.00,0.00,45,-455,3038,0,455,8
151,DEF,577016,Josh,Acheampong,2645204,3,False,90,0,0,0,2,0,0,0,0,0,0,0,13,33.2,2.2,2.0,3.7,10,6,5,15,1,0.00,0.01,0.01,1.33,45,0,24066,0,0,8
151,DEF,577016,Josh,Acheampong,2645207,1,False,22,0,0,0,1,0,0,0,0,0,0,0,-1,6.2,0.1,0.0,0.6,2,0,1,3,0,0.00,0.00,0.00,0.14,45,4931,37116,8065,3134,8
151,DEF,577016,Josh,Acheampong,2645215,1,False,90,0,0,0,2,0,0,0,0,0,0,0,-3,2.2,1.8,4.0,0.8,1,1,0,1,1,0.00,0.01,0.01,2.05,45,-1989,38207,4792,6781,8
151,DEF,577016,Josh,Acheampong,2645227,0,False,0,0,0,0,0,0,0,0,0,0,0,0,0,0.0,0.0,0.0,0.0,0,0,0,0,0,0.00,0.00,0.00,0.00,45,1716,42181,6326,4610,8
151,DEF,577016,Josh,Acheampong,2645236,0,False,19,0,0,0,2,0,0,0,0,0,0,0,-4,1.4,1.4,0.0,0.3,0,0,1,1,0,0.00,0.01,0.01,1.20,45,-4505,38029,1529,6034,8
152,DEF,620109,Marco,Palestra,2645204,0,False,0,0,0,0,0,0,0,0,0,0,0,0,0,0.0,0.0,0.0,0.0,0,0,0,0,0,0.00,0.00,0.00,0.00,55,0,263643,0,0,8
152,DEF,620109,Marco,Palestra,2645207,0,False,0,0,0,0,0,0,0,0,0,0,0,0,0,0.0,0.0,0.0,0.0,0,0,0,0,0,0.00,0.00,0.00,0.00,55,-64977,209865,4960,69937,8
152,DEF,620109,Marco,Palestra,2645215,0,False,0,0,0,0,0,0,0,0,0,0,0,0,0,0.0,0.0,0.0,0.0,0,0,0,0,0,0.00,0.00,0.00,0.00,54,-79182,121873,821,80003,8
152,DEF,620109,Marco,Palestra,2645227,0,False,0,0,0,0,0,0,0,0,0,0,0,0,0,0.0,0.0,0.0,0.0,0,0,0,0,0,0.00,0.00,0.00,0.00,54,-45257,87915,419,45676,8
152,DEF,620109,Marco,Palestra,2645236,0,False,0,0,0,0,0,0,0,0,0,0,0,0,0,0.0,0.0,0.0,0.0,0,0,0,0,0,0.00,0.00,0.00,0.00,53,-20665,68735,260,20925,8
154,MID,244851,Cole,Palmer,2645204,13,False,82,1,1,0,2,0,0,0,0,0,0,3,60,65.2,41.3,54.0,16.1,0,7,2,9,1,0.28,0.19,0.47,1.24,95,0,919516,0,0,8
154,MID,244851,Cole,Palmer,2645207,7,False,90,1,0,0,3,0,0,0,0,0,0,0,28,40.8,25.3,26.0,9.2,2,4,2,8,1,0.66,0.13,0.79,1.41,95,344912,1644351,376872,31960,8
154,MID,244851,Cole,Palmer,2645215,1,False,90,0,0,0,2,0,0,0,1,0,0,0,11,7.0,15.8,32.0,5.5,0,3,0,3,1,0.11,0.04,0.15,2.05,96,195102,1912956,387902,192800,8
154,MID,244851,Cole,Palmer,2645227,5,False,90,0,1,0,2,0,0,0,0,0,0,0,28,18.6,37.6,12.0,6.8,0,3,0,3,1,0.13,0.25,0.38,1.38,97,842103,3081598,946062,103959,8
154,MID,244851,Cole,Palmer,2645236,2,False,90,0,0,0,3,0,0,0,0,0,0,0,21,19.4,25.3,20.0,6.5,1,2,3,6,1,0.13,0.18,0.31,2.65,97,25953,2932358,192540,166587,8
156,MID,247632,Pedro,Lomba Neto,2645204,1,False,14,0,0,0,0,0,0,0,0,0,0,0,9,5.2,4.1,4.0,1.3,0,3,1,4,0,0.03,0.07,0.10,0.22,65,0,116795,0,0,8
156,MID,247632,Pedro,Lomba Neto,2645207,7,False,67,1,0,0,2,0,0,0,0,0,0,0,32,45.2,25.6,38.0,10.9,3,1,0,4,1,0.41,0.33,0.74,1.26,65,-17727,117566,5635,23362,8
156,MID,247632,Pedro,Lomba Neto,2645215,2,False,80,0,0,0,2,0,0,0,0,0,0,0,10,6.2,23.8,14.0,4.4,2,4,1,7,1,0.03,0.03,0.06,2.05,65,2299,130367,21878,19579,8
156,MID,247632,Pedro,Lomba Neto,2645227,2,False,85,0,0,0,2,0,0,0,0,0,0,0,17,15.8,31.3,27.0,7.4,3,3,1,7,1,0.05,0.10,0.15,0.89,65,17123,156595,33627,16504,8
156,MID,247632,Pedro,Lomba Neto,2645236,2,False,86,0,0,0,2,0,0,0,0,0,0,0,13,9.6,7.8,25.0,4.2,0,3,3,6,1,0.16,0.05,0.21,2.22,65,-6221,151580,15985,22206,8
157,MID,624773,Estêvão,Almeida de Oliveira Gonçalves,2645204,1,False,7,0,0,0,0,0,0,0,0,0,0,0,3,0.2,0.4,0.0,0.1,0,1,0,1,0,0.00,0.00,0.00,0.09,65,0,109575,0,0,8
157,MID,624773,Estêvão,Almeida de Oliveira Gonçalves,2645207,0,False,0,0,0,0,0,0,0,0,0,0,0,0,0,0.0,0.0,0.0,0.0,0,0,0,0,0,0.00,0.00,0.00,0.00,65,-18220,111448,5564,23784,8
157,MID,624773,Estêvão,Almeida de Oliveira Gonçalves,2645215,1,False,9,0,0,0,0,0,0,0,0,0,0,0,5,3.2,0.4,17.0,2.1,0,0,0,0,0,0.04,0.00,0.04,0.00,64,-31266,84845,3486,34752,8
157,MID,624773,Estêvão,Almeida de Oliveira Gonçalves,2645227,1,False,4,0,0,0,0,0,0,0,0,0,0,0,6,5.0,0.5,21.0,2.7,0,0,1,1,0,0.03,0.07,0.10,0.49,64,-10183,79584,3867,14050,8
157,MID,624773,Estêvão,Almeida de Oliveira Gonçalves,2645236,1,False,3,0,0,0,1,0,0,0,0,0,0,0,3,0.2,0.3,0.0,0.1,0,0,0,0,0,0.00,0.00,0.00,0.43,63,-7152,74742,2997,10149,8
158,MID,463936,Jamie,Bynoe-Gittens,2645204,0,False,0,0,0,0,0,0,0,0,0,0,0,0,0,0.0,0.0,0.0,0.0,0,0,0,0,0,0.00,0.00,0.00,0.00,60,0,3231,0,0,8
158,MID,463936,Jamie,Bynoe-Gittens,2645207,0,False,0,0,0,0,0,0,0,0,0,0,0,0,0,0.0,0.0,0.0,0.0,0,0,0,0,0,0.00,0.00,0.00,0.00,60,-502,3391,271,773,8
158,MID,463936,Jamie,Bynoe-Gittens,2645215,0,False,0,0,0,0,0,0,0,0,0,0,0,0,0,0.0,0.0,0.0,0.0,0,0,0,0,0,0.00,0.00,0.00,0.00,59,-715,2954,260,975,8
158,MID,463936,Jamie,Bynoe-Gittens,2645227,0,False,0,0,0,0,0,0,0,0,0,0,0,0,0,0.0,0.0,0.0,0.0,0,0,0,0,0,0.00,0.00,0.00,0.00,59,-225,2962,250,475,8
158,MID,463936,Jamie,Bynoe-Gittens,2645236,0,False,0,0,0,0,0,0,0,0,0,0,0,0,0,0.0,0.0,0.0,0.0,0,0,0,0,0,0.00,0.00,0.00,0.00,59,-209,2922,198,407,8
159,MID,486672,Moisés,Caicedo Corozo,2645204,0,False,0,0,0,0,0,0,0,0,0,0,0,0,0,0.0,0.0,0.0,0.0,0,0,0,0,0,0.00,0.00,0.00,0.00,55,0,347122,0,0,8
159,MID,486672,Moisés,Caicedo Corozo,2645207,1,False,13,0,0,0,0,0,0,0,0,0,0,0,3,0.0,0.1,0.0,0.0,0,0,0,0,0,0.00,0.00,0.00,0.07,55,-88842,282404,9481,98323,8
159,MID,486672,Moisés,Caicedo Corozo,2645215,0,False,0,0,0,0,0,0,0,0,0,0,0,0,0,0.0,0.0,0.0,0.0,0,0,0,0,0,0.00,0.00,0.00,0.00,54,-88920,192746,3231,92151,8
159,MID,486672,Moisés,Caicedo Corozo,2645227,0,False,0,0,0,0,0,0,0,0,0,0,0,0,0,0.0,0.0,0.0,0.0,0,0,0,0,0,0.00,0.00,0.00,0.00,54,-48857,149377,1342,50199,8
159,MID,486672,Moisés,Caicedo Corozo,2645236,0,False,0,0,0,0,0,0,0,0,0,0,0,0,0,0.0,0.0,0.0,0.0,0,0,0,0,0,0.00,0.00,0.00,0.00,53,-31135,120861,584,31719,8
161,MID,514356,Roméo,Lavia,2645204,1,False,64,0,0,0,2,0,0,0,1,0,0,0,8,13.6,21.9,33.0,6.9,2,4,3,9,1,0.21,0.03,0.24,1.05,50,0,4654,0,0,8
161,MID,514356,Roméo,Lavia,2645207,7,False,67,1,0,0,2,0,0,0,0,0,0,0,32,39.0,0.8,33.0,7.3,3,3,1,7,1,0.54,0.00,0.54,1.26,50,254,6337,1173,919,8
161,MID,514356,Roméo,Lavia,2645215,1,False,59,0,0,0,2,0,0,0,0,0,0,0,7,5.8,1.5,0.0,0.7,2,3,1,6,1,0.00,0.01,0.01,1.91,50,9966,20847,13724,3758,8
161,MID,514356,Roméo,Lavia,2645227,2,False,68,0,0,0,2,0,0,0,0,0,0,0,14,7.4,4.9,0.0,1.2,3,5,1,9,1,0.00,0.07,0.07,0.84,50,3527,25157,7547,4020,8
161,MID,514356,Roméo,Lavia,2645236,0,False,0,0,0,0,0,0,0,0,0,0,0,0,0,0.0,0.0,0.0,0.0,0,0,0,0,0,0.00,0.00,0.00,0.00,50,-1482,24300,2931,4413,8
163,MID,491007,Dário,Luís Essugo,2645204,0,False,0,0,0,0,0,0,0,0,0,0,0,0,0,0.0,0.0,0.0,0.0,0,0,0,0,0,0.00,0.00,0.00,0.00,45,0,18298,0,0,8
163,MID,491007,Dário,Luís Essugo,2645207,0,False,0,0,0,0,0,0,0,0,0,0,0,0,0,0.0,0.0,0.0,0.0,0,0,0,0,0,0.00,0.00,0.00,0.00,45,-1635,18847,1252,2887,8
163,MID,491007,Dário,Luís Essugo,2645215,0,False,0,0,0,0,0,0,0,0,0,0,0,0,0,0.0,0.0,0.0,0.0,0,0,0,0,0,0.00,0.00,0.00,0.00,45,-3147,16417,1446,4593,8
163,MID,491007,Dário,Luís Essugo,2645227,0,False,0,0,0,0,0,0,0,0,0,0,0,0,0,0.0,0.0,0.0,0.0,0,0,0,0,0,0.00,0.00,0.00,0.00,45,-4174,12126,0,4174,8
163,MID,491007,Dário,Luís Essugo,2645236,0,False,0,0,0,0,0,0,0,0,0,0,0,0,0,0.0,0.0,0.0,0.0,0,0,0,0,0,0.00,0.00,0.00,0.00,45,-2058,10348,0,2058,8
164,MID,593117,Geovany,Quenda,2645204,1,False,8,0,0,0,0,0,0,0,0,0,0,0,2,1.2,0.3,2.0,0.4,1,0,0,1,0,0.00,0.00,0.00,0.09,55,0,3758,0,0,8
164,MID,593117,Geovany,Quenda,2645207,0,False,0,0,0,0,0,0,0,0,0,0,0,0,0,0.0,0.0,0.0,0.0,0,0,0,0,0,0.00,0.00,0.00,0.00,55,-589,4061,231,820,8
164,MID,593117,Geovany,Quenda,2645215,0,False,0,0,0,0,0,0,0,0,0,0,0,0,0,0.0,0.0,0.0,0.0,0,0,0,0,0,0.00,0.00,0.00,0.00,54,-904,3704,292,1196,8
164,MID,593117,Geovany,Quenda,2645227,0,False,0,0,0,0,0,0,0,0,0,0,0,0,0,0.0,0.0,0.0,0.0,0,0,0,0,0,0.00,0.00,0.00,0.00,54,-517,3551,154,671,8
164,MID,593117,Geovany,Quenda,2645236,1,False,19,0,0,0,2,0,0,0,0,0,0,0,3,0.4,1.8,6.0,0.8,0,0,0,0,0,0.03,0.01,0.04,1.20,53,-378,3422,155,533,8
165,FWD,475168,João Pedro,Junqueira de Jesus,2645204,11,False,90,1,1,0,2,0,0,0,0,0,0,2,45,51.2,23.0,37.0,11.1,1,2,0,3,1,0.63,0.06,0.69,1.33,75,0,5764207,0,0,8
165,FWD,475168,João Pedro,Junqueira de Jesus,2645207,9,False,90,1,1,0,3,1,0,0,0,0,0,2,44,52.8,22.5,46.0,12.1,0,2,1,3,1,1.23,0.04,1.27,1.41,76,377023,6802308,405188,28165,8
165,FWD,475168,João Pedro,Junqueira de Jesus,2645215,1,False,90,0,0,0,2,0,0,0,1,0,0,0,8,0.0,28.8,9.0,3.7,0,1,0,1,1,0.02,0.05,0.07,2.05,77,255757,7177659,446528,190771,8
165,FWD,475168,João Pedro,Junqueira de Jesus,2645227,12,False,90,1,1,0,2,0,0,0,0,0,0,3,44,54.4,15.7,31.0,10.1,2,0,0,2,1,0.29,0.04,0.33,1.38,77,296877,7935710,401634,104757,8
165,FWD,475168,João Pedro,Junqueira de Jesus,2645236,0,False,0,0,0,0,0,0,0,0,0,0,0,0,0,0.0,0.0,0.0,0.0,0,0,0,0,0,0.00,0.00,0.00,0.00,78,-487412,7300631,261391,748803,8
168,FWD,499309,Marc,Guiu Paz,2645204,0,False,0,0,0,0,0,0,0,0,0,0,0,0,0,0.0,0.0,0.0,0.0,0,0,0,0,0,0.00,0.00,0.00,0.00,50,0,42801,0,0,8
168,FWD,499309,Marc,Guiu Paz,2645207,0,False,0,0,0,0,0,0,0,0,0,0,0,0,0,0.0,0.0,0.0,0.0,0,0,0,0,0,0.00,0.00,0.00,0.00,50,-3968,43955,2178,6146,8
168,FWD,499309,Marc,Guiu Paz,2645215,0,False,0,0,0,0,0,0,0,0,0,0,0,0,0,0.0,0.0,0.0,0.0,0,0,0,0,0,0.00,0.00,0.00,0.00,50,-10863,33721,1924,12787,8
168,FWD,499309,Marc,Guiu Paz,2645227,0,False,0,0,0,0,0,0,0,0,0,0,0,0,0,0.0,0.0,0.0,0.0,0,0,0,0,0,0.00,0.00,0.00,0.00,50,-8710,25300,0,8710,8
168,FWD,499309,Marc,Guiu Paz,2645236,0,False,0,0,0,0,0,0,0,0,0,0,0,0,0,0.0,0.0,0.0,0.0,0,0,0,0,0,0.00,0.00,0.00,0.00,50,-4081,21634,0,4081,8
169,FWD,567119,Shumaira,Mheuka,2645204,0,False,0,0,0,0,0,0,0,0,0,0,0,0,0,0.0,0.0,0.0,0.0,0,0,0,0,0,0.00,0.00,0.00,0.00,45,0,30422,0,0,8
169,FWD,567119,Shumaira,Mheuka,2645207,0,False,0,0,0,0,0,0,0,0,0,0,0,0,0,0.0,0.0,0.0,0.0,0,0,0,0,0,0.00,0.00,0.00,0.00,45,-1480,34265,2929,4409,8
169,FWD,567119,Shumaira,Mheuka,2645215,0,False,0,0,0,0,0,0,0,0,0,0,0,0,0,0.0,0.0,0.0,0.0,0,0,0,0,0,0.00,0.00,0.00,0.00,45,2681,43546,8439,5758,8
169,FWD,567119,Shumaira,Mheuka,2645227,0,False,0,0,0,0,0,0,0,0,0,0,0,0,0,0.0,0.0,0.0,0.0,0,0,0,0,0,0.00,0.00,0.00,0.00,45,1152,44291,6884,5732,8
169,FWD,567119,Shumaira,Mheuka,2645236,0,False,0,0,0,0,0,0,0,0,0,0,0,0,0,0.0,0.0,0.0,0.0,0,0,0,0,0,0.00,0.00,0.00,0.00,45,3579,54118,9469,5890,8
170,FWD,503037,Emmanuel,Emegha,2645204,0,False,0,0,0,0,0,0,0,0,0,0,0,0,0,0.0,0.0,0.0,0.0,0,0,0,0,0,0.00,0.00,0.00,0.00,50,0,11724,0,0,8
170,FWD,503037,Emmanuel,Emegha,2645207,0,False,0,0,0,0,0,0,0,0,0,0,0,0,0,0.0,0.0,0.0,0.0,0,0,0,0,0,0.00,0.00,0.00,0.00,50,-884,14647,1450,2334,8
170,FWD,503037,Emmanuel,Emegha,2645215,0,False,0,0,0,0,0,0,0,0,0,0,0,0,0,0.0,0.0,0.0,0.0,0,0,0,0,0,0.00,0.00,0.00,0.00,50,-539,15735,2709,3248,8
170,FWD,503037,Emmanuel,Emegha,2645227,0,False,0,0,0,0,0,0,0,0,0,0,0,0,0,0.0,0.0,0.0,0.0,0,0,0,0,0,0.00,0.00,0.00,0.00,50,-1425,14885,1719,3144,8
170,FWD,503037,Emmanuel,Emegha,2645236,0,False,0,0,0,0,0,0,0,0,0,0,0,0,0,0.0,0.0,0.0,0.0,0,0,0,0,0,0.00,0.00,0.00,0.00,50,-2659,12321,122,2781,8
200,DEF,437499,Maxence,Lacroix,2645204,6,False,90,0,1,0,2,0,0,0,0,0,0,0,25,44.2,11.2,2.0,5.7,7,2,5,12,1,0.00,0.20,0.20,1.33,60,0,792478,0,0,8
200,DEF,437499,Maxence,Lacroix,2645207,1,False,90,0,0,0,3,0,0,0,0,0,0,0,-3,13.0,0.1,6.0,1.9,8,1,1,9,1,0.02,0.00,0.02,1.41,60,18715,946023,63522,44807,8
200,DEF,437499,Maxence,Lacroix,2645215,2,False,90,0,0,0,2,0,0,0,1,0,0,0,3,26.0,1.3,2.0,2.9,9,2,2,11,1,0.00,0.01,0.01,2.05,60,-117331,839049,32879,150210,8
200,DEF,437499,Maxence,Lacroix,2645227,1,False,4,0,0,0,0,0,0,0,0,0,0,0,4,3.6,0.0,0.0,0.4,2,0,1,3,0,0.00,0.00,0.00,0.49,60,-19123,865615,60756,79879,8
200,DEF,437499,Maxence,Lacroix,2645236,3,False,90,0,0,0,3,0,0,0,0,0,0,0,-1,29.4,1.3,4.0,3.5,11,3,1,12,1,0.13,0.01,0.14,2.65,60,-111183,749577,9497,120680,8
560,GKP,549939,Mike,Penders,2645204,0,False,0,0,0,0,0,0,0,0,0,0,0,0,0,0.0,0.0,0.0,0.0,0,0,0,0,0,0.00,0.00,0.00,0.00,45,0,6087,0,0,8
560,GKP,549939,Mike,Penders,2645207,0,False,0,0,0,0,0,0,0,0,0,0,0,0,0,0.0,0.0,0.0,0.0,0,0,0,0,0,0.00,0.00,0.00,0.00,45,-370,7073,395,765,8
560,GKP,549939,Mike,Penders,2645215,0,False,0,0,0,0,0,0,0,0,0,0,0,0,0,0.0,0.0,0.0,0.0,0,0,0,0,0,0.00,0.00,0.00,0.00,45,-769,6809,363,1132,8
560,GKP,549939,Mike,Penders,2645227,0,False,0,0,0,0,0,0,0,0,0,0,0,0,0,0.0,0.0,0.0,0.0,0,0,0,0,0,0.00,0.00,0.00,0.00,44,-482,6637,321,803,8
560,GKP,549939,Mike,Penders,2645236,0,False,0,0,0,0,0,0,0,0,0,0,0,0,0,0.0,0.0,0.0,0.0,0,0,0,0,0,0.00,0.00,0.00,0.00,44,76,7232,696,620,8
561,DEF,622758,Aaron,Anselmino,2645204,0,False,0,0,0,0,0,0,0,0,0,0,0,0,0,0.0,0.0,0.0,0.0,0,0,0,0,0,0.00,0.00,0.00,0.00,45,0,1770,0,0,8
561,DEF,622758,Aaron,Anselmino,2645207,0,False,0,0,0,0,0,0,0,0,0,0,0,0,0,0.0,0.0,0.0,0.0,0,0,0,0,0,0.00,0.00,0.00,0.00,45,-324,1737,122,446,8
561,DEF,622758,Aaron,Anselmino,2645215,0,False,0,0,0,0,0,0,0,0,0,0,0,0,0,0.0,0.0,0.0,0.0,0,0,0,0,0,0.00,0.00,0.00,0.00,45,-49,1971,225,274,8
561,DEF,622758,Aaron,Anselmino,2645227,0,False,0,0,0,0,0,0,0,0,0,0,0,0,0,0.0,0.0,0.0,0.0,0,0,0,0,0,0.00,0.00,0.00,0.00,45,10,2091,222,212,8
561,DEF,622758,Aaron,Anselmino,2645236,0,False,0,0,0,0,0,0,0,0,0,0,0,0,0,0.0,0.0,0.0,0.0,0,0,0,0,0,0.00,0.00,0.00,0.00,45,-28,2152,188,216,8
568,MID,543158,Valentín,Barco,2645204,0,False,0,0,0,0,0,0,0,0,0,0,0,0,0,0.0,0.0,0.0,0.0,0,0,0,0,0,0.00,0.00,0.00,0.00,55,0,12041,0,0,8
568,MID,543158,Valentín,Barco,2645207,1,False,8,0,0,0,1,0,0,0,0,0,0,0,1,0.0,0.0,4.0,0.2,1,0,0,1,0,0.04,0.00,0.04,0.07,55,-1133,13561,528,1661,8
568,MID,543158,Valentín,Barco,2645215,0,False,0,0,0,0,0,0,0,0,0,0,0,0,0,0.0,0.0,0.0,0.0,0,0,0,0,0,0.00,0.00,0.00,0.00,55,-1018,13655,1055,2073,8
568,MID,543158,Valentín,Barco,2645227,0,False,21,0,0,0,0,0,0,0,1,0,0,0,7,1.6,2.9,2.0,0.7,1,1,0,2,0,0.00,0.09,0.09,0.54,55,-591,13757,863,1454,8
568,MID,543158,Valentín,Barco,2645236,2,False,86,0,0,0,2,0,0,0,0,0,0,0,21,11.2,4.3,5.0,2.1,2,4,3,9,1,0.03,0.02,0.05,2.22,54,-902,13260,477,1379,8
583,DEF,498444,Pep,Chavarría,2645204,1,False,25,0,0,0,0,0,0,0,0,0,0,0,3,2.4,0.2,2.0,0.5,1,1,0,1,0,0.00,0.00,0.00,0.28,50,0,17073,0,0,8
583,DEF,498444,Pep,Chavarría,2645207,1,False,18,0,0,0,1,0,0,0,0,0,0,0,1,6.4,0.3,0.0,0.7,2,1,1,3,0,0.00,0.02,0.02,0.09,50,-1477,19574,1081,2558,8
583,DEF,498444,Pep,Chavarría,2645215,1,False,30,0,0,0,0,0,0,0,0,0,0,0,2,2.4,2.0,4.0,0.8,1,1,1,2,0,0.00,0.00,0.00,0.14,50,-3413,17402,664,4077,8
583,DEF,498444,Pep,Chavarría,2645227,1,False,45,0,0,0,0,0,0,0,0,0,0,0,4,2.0,1.7,2.0,0.6,1,1,0,1,0,0.00,0.01,0.01,0.94,49,-1611,16748,686,2297,8
583,DEF,498444,Pep,Chavarría,2645236,1,False,90,0,0,0,3,0,0,0,0,0,0,0,7,17.6,27.2,4.0,4.9,6,3,3,9,1,0.04,0.04,0.08,2.65,49,-1145,16124,529,1674,8
662,MID,636846,Mahdi,Nicoll-Jazuli,2645236,1,False,3,0,0,0,1,0,0,0,0,0,0,0,5,4.6,1.7,0.0,0.6,0,0,2,2,0,0.00,0.00,0.00,0.43,45,0,0,0,0,8
91,DEF,231065,Ethan,Pinnock,2645196,0,False,0,0,0,0,0,0,0,0,0,0,0,0,0,0.0,0.0,0.0,0.0,0,0,0,0,0,0.00,0.00,0.00,0.00,45,0,7000,0,0,9
91,DEF,231065,Ethan,Pinnock,2645208,1,False,12,0,0,0,1,0,0,0,0,0,0,0,-1,3.8,0.7,0.0,0.5,2,0,0,2,0,0.00,0.00,0.00,0.54,45,-397,7757,574,971,9
91,DEF,231065,Ethan,Pinnock,2645222,3,False,90,0,0,0,1,0,0,0,1,0,0,0,3,18.2,0.0,6.0,2.4,12,2,1,13,1,0.11,0.00,0.11,2.12,45,-811,7182,505,1316,9
91,DEF,231065,Ethan,Pinnock,2645228,2,False,90,0,0,0,5,0,0,0,0,0,0,0,-11,18.0,0.7,4.0,2.3,8,1,2,10,1,0.01,0.00,0.01,2.81,45,-82,7467,688,770,9
91,DEF,231065,Ethan,Pinnock,2645243,8,False,90,0,0,1,0,0,0,0,0,0,0,0,24,50.8,0.3,0.0,5.1,19,1,0,19,1,0.00,0.00,0.00,1.10,45,-312,7218,402,714,9
104,MID,428580,Frank,Onyeka,2645195,2,False,90,0,0,0,3,0,0,0,0,0,0,0,8,3.6,1.6,0.0,0.5,3,5,1,9,1,0.00,0.01,0.01,1.88,50,0,13188,0,0,9
104,MID,428580,Frank,Onyeka,2645208,0,False,0,0,0,0,0,0,0,0,0,0,0,0,0,0.0,0.0,0.0,0.0,0,0,0,0,0,0.00,0.00,0.00,0.00,50,856,16442,2456,1600,9
104,MID,428580,Frank,Onyeka,2645222,2,False,62,0,0,0,1,0,0,0,0,0,0,0,5,0.4,0.4,0.0,0.1,0,2,1,3,1,0.00,0.00,0.00,1.17,50,-3826,12452,379,4205,9
104,MID,428580,Frank,Onyeka,2645228,2,False,72,0,0,0,3,0,0,0,0,0,0,0,11,6.2,0.9,21.0,2.8,2,4,1,7,1,0.03,0.01,0.04,2.16,49,-1084,11832,629,1713,9
104,MID,428580,Frank,Onyeka,2645243,3,False,90,0,0,1,0,0,0,0,0,0,0,0,10,9.2,1.8,0.0,1.1,4,3,2,9,1,0.00,0.00,0.00,1.10,49,-1263,10664,346,1609,9
110,GKP,472739,Carl,Rushworth,2645195,1,False,90,0,0,0,3,0,0,0,0,0,2,0,0,14.2,0.0,0.0,1.4,1,7,0,0,1,0.00,0.01,0.01,1.88,45,0,100521,0,0,9
110,GKP,472739,Carl,Rushworth,2645208,2,False,90,0,0,0,1,0,0,0,0,0,1,0,10,10.6,0.0,0.0,1.1,1,13,0,0,1,0.00,0.00,0.00,0.72,45,7259,122624,11931,4672,9
110,GKP,472739,Carl,Rushworth,2645222,2,False,90,0,0,0,1,0,0,0,0,0,2,0,13,18.8,0.0,0.0,1.9,1,9,0,0,1,0.00,0.00,0.00,2.12,45,-16015,95482,2938,18953,9
110,GKP,472739,Carl,Rushworth,2645228,0,False,90,0,0,0,5,0,0,0,0,0,2,0,-5,18.0,0.0,0.0,1.8,1,11,0,0,1,0.00,0.01,0.01,2.81,45,-11337,95177,5350,16687,9
110,GKP,472739,Carl,Rushworth,2645243,11,False,90,0,1,1,0,0,0,0,0,0,2,2,38,29.0,10.0,0.0,3.9,0,10,0,0,1,0.00,0.00,0.00,1.10,45,-11924,84063,928,12852,9
171,GKP,484389,Oliver,Dovin,2645195,0,False,0,0,0,0,0,0,0,0,0,0,0,0,0,0.0,0.0,0.0,0.0,0,0,0,0,0,0.00,0.00,0.00,0.00,40,0,142267,0,0,9
171,GKP,484389,Oliver,Dovin,2645208,0,False,0,0,0,0,0,0,0,0,0,0,0,0,0,0.0,0.0,0.0,0.0,0,0,0,0,0,0.00,0.00,0.00,0.00,40,-3777,152756,2634,6411,9
171,GKP,484389,Oliver,Dovin,2645222,0,False,0,0,0,0,0,0,0,0,0,0,0,0,0,0.0,0.0,0.0,0.0,0,0,0,0,0,0.00,0.00,0.00,0.00,40,-12005,141466,6290,18295,9
171,GKP,484389,Oliver,Dovin,2645228,0,False,0,0,0,0,0,0,0,0,0,0,0,0,0,0.0,0.0,0.0,0.0,0,0,0,0,0,0.00,0.00,0.00,0.00,40,-18083,122705,0,18083,9
171,GKP,484389,Oliver,Dovin,2645243,0,False,0,0,0,0,0,0,0,0,0,0,0,0,0,0.0,0.0,0.0,0.0,0,0,0,0,0,0.00,0.00,0.00,0.00,40,-10379,112931,0,10379,9
172,GKP,110690,Ben,Wilson,2645195,0,False,0,0,0,0,0,0,0,0,0,0,0,0,0,0.0,0.0,0.0,0.0,0,0,0,0,0,0.00,0.00,0.00,0.00,45,0,42690,0,0,9
172,GKP,110690,Ben,Wilson,2645208,0,False,0,0,0,0,0,0,0,0,0,0,0,0,0,0.0,0.0,0.0,0.0,0,0,0,0,0,0.00,0.00,0.00,0.00,45,-3213,45549,227,3440,9
172,GKP,110690,Ben,Wilson,2645222,0,False,0,0,0,0,0,0,0,0,0,0,0,0,0,0.0,0.0,0.0,0.0,0,0,0,0,0,0.00,0.00,0.00,0.00,45,-3942,41782,265,4207,9
172,GKP,110690,Ben,Wilson,2645228,0,False,0,0,0,0,0,0,0,0,0,0,0,0,0,0.0,0.0,0.0,0.0,0,0,0,0,0,0.00,0.00,0.00,0.00,45,-2072,40175,242,2314,9
172,GKP,110690,Ben,Wilson,2645243,0,False,0,0,0,0,0,0,0,0,0,0,0,0,0,0.0,0.0,0.0,0.0,0,0,0,0,0,0.00,0.00,0.00,0.00,44,-1300,39278,436,1736,9
173,DEF,461102,Bobby,Thomas,2645195,3,False,90,0,0,0,3,0,0,0,0,0,0,0,11,23.2,11.2,1.0,3.5,9,2,1,10,1,0.02,0.01,0.03,1.88,40,0,721945,0,0,9
173,DEF,461102,Bobby,Thomas,2645208,8,False,77,0,0,1,0,0,0,0,0,0,0,2,28,17.0,0.7,0.0,1.8,9,6,0,9,1,0.00,0.01,0.01,0.18,40,14221,791028,38111,23890,9
173,DEF,461102,Bobby,Thomas,2645222,4,False,90,0,0,0,1,0,0,0,0,0,0,0,19,20.6,20.8,24.0,6.5,11,3,1,12,1,0.22,0.17,0.39,2.12,40,44441,883716,114108,69667,9
173,DEF,461102,Bobby,Thomas,2645228,0,False,90,0,0,0,5,0,0,0,0,0,0,0,-17,6.8,0.4,23.0,3.0,8,2,0,8,1,0.19,0.07,0.26,2.81,40,70975,1003377,154241,83266,9
173,DEF,461102,Bobby,Thomas,2645243,9,False,90,0,0,1,0,0,0,0,0,0,0,1,37,27.2,0.6,8.0,3.6,12,3,1,13,1,0.06,0.04,0.10,1.10,40,-45227,932075,30974,76201,9
174,DEF,436761,Liam,Kitching,2645195,0,False,0,0,0,0,0,0,0,0,0,0,0,0,0,0.0,0.0,0.0,0.0,0,0,0,0,0,0.00,0.00,0.00,0.00,40,0,60272,0,0,9
174,DEF,436761,Liam,Kitching,2645208,0,False,0,0,0,0,0,0,0,0,0,0,0,0,0,0.0,0.0,0.0,0.0,0,0,0,0,0,0.00,0.00,0.00,0.00,40,-4266,64130,520,4786,9
174,DEF,436761,Liam,Kitching,2645222,0,False,0,0,0,0,0,0,0,0,0,0,0,0,0,0.0,0.0,0.0,0.0,0,0,0,0,0,0.00,0.00,0.00,0.00,40,-9976,53997,461,10437,9
174,DEF,436761,Liam,Kitching,2645228,0,False,0,0,0,0,0,0,0,0,0,0,0,0,0,0.0,0.0,0.0,0.0,0,0,0,0,0,0.00,0.00,0.00,0.00,40,-10533,43580,0,10533,9
174,DEF,436761,Liam,Kitching,2645243,0,False,0,0,0,0,0,0,0,0,0,0,0,0,0,0.0,0.0,0.0,0.0,0,0,0,0,0,0.00,0.00,0.00,0.00,40,-5337,38582,0,5337,9
175,DEF,451284,Milan,van Ewijk,2645195,1,False,90,0,0,0,3,0,0,0,0,0,0,0,-8,10.6,2.0,2.0,1.5,6,3,1,7,1,0.00,0.01,0.01,1.88,40,0,1257228,0,0,9
175,DEF,451284,Milan,van Ewijk,2645208,2,False,90,0,0,0,1,0,0,0,0,0,0,0,15,15.4,33.9,6.0,5.5,1,3,1,2,1,0.00,0.19,0.19,0.72,40,-15407,1295672,34451,49858,9
175,DEF,451284,Milan,van Ewijk,2645222,3,False,90,0,0,0,1,0,0,0,1,0,0,0,5,16.8,5.2,2.0,2.4,8,4,3,11,1,0.00,0.06,0.06,2.12,40,-80255,1209039,41712,121967,9
175,DEF,451284,Milan,van Ewijk,2645228,0,False,90,0,0,0,5,0,0,0,0,0,0,0,-5,18.8,11.6,4.0,3.4,6,3,1,7,1,0.00,0.04,0.04,2.81,40,-106326,1124770,32583,138909,9
175,DEF,451284,Milan,van Ewijk,2645243,0,False,0,0,0,0,0,0,0,0,0,0,0,0,0,0.0,0.0,0.0,0.0,0,0,0,0,0,0.00,0.00,0.00,0.00,40,-100781,1016866,13159,113940,9
176,DEF,173878,Jay,Dasilva,2645195,1,False,90,0,0,0,3,0,0,0,0,0,0,0,-4,13.8,3.8,0.0,1.8,6,1,0,6,1,0.00,0.02,0.02,1.88,40,0,73424,0,0,9
176,DEF,173878,Jay,Dasilva,2645208,2,False,90,0,0,0,1,0,0,0,0,0,0,0,15,15.2,7.3,17.0,4.0,1,3,2,3,1,0.18,0.05,0.23,0.72,40,-830,82832,3224,4054,9
176,DEF,173878,Jay,Dasilva,2645222,2,False,84,0,0,0,1,0,0,0,0,0,0,0,10,21.8,14.9,0.0,3.7,5,3,2,7,1,0.00,0.08,0.08,2.12,40,-4522,79293,2664,7186,9
176,DEF,173878,Jay,Dasilva,2645228,0,False,90,0,0,0,5,0,0,0,0,0,0,0,-7,12.8,26.0,0.0,3.9,3,3,0,3,1,0.00,0.33,0.33,2.81,40,-2321,77723,2492,4813,9
176,DEF,173878,Jay,Dasilva,2645243,15,False,90,1,0,1,0,0,0,0,0,0,0,3,40,47.0,15.7,18.0,8.1,4,4,0,4,1,0.32,0.04,0.36,1.10,40,-4010,73323,903,4913,9
177,DEF,465390,Kaine,Kesler-Hayden,2645195,0,False,0,0,0,0,0,0,0,0,0,0,0,0,0,0.0,0.0,0.0,0.0,0,0,0,0,0,0.00,0.00,0.00,0.00,40,0,6032,0,0,9
177,DEF,465390,Kaine,Kesler-Hayden,2645208,0,False,0,0,0,0,0,0,0,0,0,0,0,0,0,0.0,0.0,0.0,0.0,0,0,0,0,0,0.00,0.00,0.00,0.00,40,-582,5764,168,750,9
177,DEF,465390,Kaine,Kesler-Hayden,2645222,0,False,0,0,0,0,0,0,0,0,0,0,0,0,0,0.0,0.0,0.0,0.0,0,0,0,0,0,0.00,0.00,0.00,0.00,40,-1131,4676,131,1262,9
177,DEF,465390,Kaine,Kesler-Hayden,2645228,0,False,0,0,0,0,0,0,0,0,0,0,0,0,0,0.0,0.0,0.0,0.0,0,0,0,0,0,0.00,0.00,0.00,0.00,40,-596,4121,114,710,9
177,DEF,465390,Kaine,Kesler-Hayden,2645243,0,False,0,0,0,0,0,0,0,0,0,0,0,0,0,0.0,0.0,0.0,0.0,0,0,0,0,0,0.00,0.00,0.00,0.00,40,-317,3839,186,503,9
178,DEF,80178,Jake,Bidwell,2645195,0,False,0,0,0,0,0,0,0,0,0,0,0,0,0,0.0,0.0,0.0,0.0,0,0,0,0,0,0.00,0.00,0.00,0.00,40,0,7091,0,0,9
178,DEF,80178,Jake,Bidwell,2645208,0,False,0,0,0,0,0,0,0,0,0,0,0,0,0,0.0,0.0,0.0,0.0,0,0,0,0,0,0.00,0.00,0.00,0.00,40,-238,8500,506,744,9
178,DEF,80178,Jake,Bidwell,2645222,0,False,0,0,0,0,0,0,0,0,0,0,0,0,0,0.0,0.0,0.0,0.0,0,0,0,0,0,0.00,0.00,0.00,0.00,40,-315,8763,663,978,9
178,DEF,80178,Jake,Bidwell,2645228,0,False,0,0,0,0,0,0,0,0,0,0,0,0,0,0.0,0.0,0.0,0.0,0,0,0,0,0,0.00,0.00,0.00,0.00,40,-160,8754,645,805,9
178,DEF,80178,Jake,Bidwell,2645243,0,False,0,0,0,0,0,0,0,0,0,0,0,0,0,0.0,0.0,0.0,0.0,0,0,0,0,0,0.00,0.00,0.00,0.00,40,-211,8565,493,704,9
179,DEF,204813,Joel,Latibeaudiere,2645195,0,False,0,0,0,0,0,0,0,0,0,0,0,0,0,0.0,0.0,0.0,0.0,0,0,0,0,0,0.00,0.00,0.00,0.00,40,0,3977,0,0,9
179,DEF,204813,Joel,Latibeaudiere,2645208,0,False,0,0,0,0,0,0,0,0,0,0,0,0,0,0.0,0.0,0.0,0.0,0,0,0,0,0,0.00,0.00,0.00,0.00,40,-260,3984,160,420,9
179,DEF,204813,Joel,Latibeaudiere,2645222,0,False,0,0,0,0,0,0,0,0,0,0,0,0,0,0.0,0.0,0.0,0.0,0,0,0,0,0,0.00,0.00,0.00,0.00,40,-161,4150,319,480,9
179,DEF,204813,Joel,Latibeaudiere,2645228,0,False,0,0,0,0,0,0,0,0,0,0,0,0,0,0.0,0.0,0.0,0.0,0,0,0,0,0,0.00,0.00,0.00,0.00,40,-101,4073,277,378,9
179,DEF,204813,Joel,Latibeaudiere,2645243,1,False,1,0,0,0,0,0,0,0,0,0,0,0,3,7.0,0.0,0.0,0.7,2,0,0,2,0,0.00,0.00,0.00,0.02,40,-170,3922,155,325,9
180,DEF,220583,Luke,Woolfenden,2645195,0,False,0,0,0,0,0,0,0,0,0,0,0,0,0,0.0,0.0,0.0,0.0,0,0,0,0,0,0.00,0.00,0.00,0.00,40,0,16501,0,0,9
180,DEF,220583,Luke,Woolfenden,2645208,0,False,0,0,0,0,0,0,0,0,0,0,0,0,0,0.0,0.0,0.0,0.0,0,0,0,0,0,0.00,0.00,0.00,0.00,40,-1282,16943,946,2228,9
180,DEF,220583,Luke,Woolfenden,2645222,0,False,0,0,0,0,0,0,0,0,0,0,0,0,0,0.0,0.0,0.0,0.0,0,0,0,0,0,0.00,0.00,0.00,0.00,40,-2522,15091,659,3181,9
180,DEF,220583,Luke,Woolfenden,2645228,0,False,0,0,0,0,0,0,0,0,0,0,0,0,0,0.0,0.0,0.0,0.0,0,0,0,0,0,0.00,0.00,0.00,0.00,40,-1447,13479,375,1822,9
180,DEF,220583,Luke,Woolfenden,2645243,0,False,0,0,0,0,0,0,0,0,0,0,0,0,0,0.0,0.0,0.0,0.0,0,0,0,0,0,0.00,0.00,0.00,0.00,40,-1023,12244,255,1278,9
181,DEF,577411,Miguel,Brau,2645195,0,False,0,0,0,0,0,0,0,0,0,0,0,0,0,0.0,0.0,0.0,0.0,0,0,0,0,0,0.00,0.00,0.00,0.00,40,0,3736,0,0,9
181,DEF,577411,Miguel,Brau,2645208,0,False,0,0,0,0,0,0,0,0,0,0,0,0,0,0.0,0.0,0.0,0.0,0,0,0,0,0,0.00,0.00,0.00,0.00,40,-82,4079,256,338,9
181,DEF,577411,Miguel,Brau,2645222,0,False,0,0,0,0,0,0,0,0,0,0,0,0,0,0.0,0.0,0.0,0.0,0,0,0,0,0,0.00,0.00,0.00,0.00,40,-956,3074,19,975,9
181,DEF,577411,Miguel,Brau,2645228,0,False,0,0,0,0,0,0,0,0,0,0,0,0,0,0.0,0.0,0.0,0.0,0,0,0,0,0,0.00,0.00,0.00,0.00,40,-477,2631,0,477,9
181,DEF,577411,Miguel,Brau,2645243,0,False,0,0,0,0,0,0,0,0,0,0,0,0,0,0.0,0.0,0.0,0.0,0,0,0,0,0,0.00,0.00,0.00,0.00,40,-280,2378,0,280,9
182,DEF,539142,Aurèle,Amenda,2645195,1,False,90,0,0,0,3,0,0,0,0,0,0,0,1,28.8,0.8,0.0,3.0,9,4,0,9,1,0.00,0.01,0.01,1.88,40,0,75420,0,0,9
182,DEF,539142,Aurèle,Amenda,2645208,1,False,90,0,0,0,1,0,0,0,1,0,0,0,4,11.4,2.1,5.0,1.9,4,1,0,4,1,0.02,0.04,0.06,0.72,40,-1183,84795,3328,4511,9
182,DEF,539142,Aurèle,Amenda,2645222,2,False,90,0,0,0,1,0,0,0,0,0,0,0,4,4.4,1.3,6.0,1.2,2,6,1,3,1,0.00,0.34,0.34,2.12,40,-4953,81029,3124,8077,9
182,DEF,539142,Aurèle,Amenda,2645228,0,False,90,0,0,0,5,0,0,0,0,0,0,0,-12,18.2,10.3,4.0,3.3,8,0,0,8,1,0.00,0.00,0.00,2.81,40,-2035,81299,3596,5631,9
182,DEF,539142,Aurèle,Amenda,2645243,0,False,0,0,0,0,0,0,0,0,0,0,0,0,0,0.0,0.0,0.0,0.0,0,0,0,0,0,0.00,0.00,0.00,0.00,40,-7286,71956,1397,8683,9
183,MID,480457,Jack,Rudoni,2645195,1,False,20,0,0,0,0,0,0,0,0,0,0,0,3,5.6,3.8,17.0,2.6,0,4,1,5,0,0.15,0.00,0.15,0.29,50,0,13002,0,0,9
183,MID,480457,Jack,Rudoni,2645208,3,False,70,0,0,1,0,0,0,0,0,0,0,0,12,6.8,27.7,4.0,3.9,1,4,1,6,1,0.06,0.09,0.15,0.02,50,-49,14191,1250,1299,9
183,MID,480457,Jack,Rudoni,2645222,2,False,62,0,0,0,1,0,0,0,0,0,0,0,9,14.4,28.5,33.0,7.6,2,2,1,5,1,0.29,0.09,0.38,1.17,50,-1863,12234,706,2569,9
183,MID,480457,Jack,Rudoni,2645228,2,False,72,0,0,0,3,0,0,0,0,0,0,0,11,10.8,55.5,25.0,9.1,2,3,0,5,1,0.33,0.73,1.06,2.16,50,-812,11698,965,1777,9
183,MID,480457,Jack,Rudoni,2645243,5,False,73,0,0,1,0,0,0,0,0,0,0,0,16,13.6,25.3,1.0,4.0,4,8,1,13,1,0.09,0.20,0.29,0.85,49,-1195,10665,549,1744,9
184,MID,168144,Matt,Grimes,2645195,2,False,90,0,0,0,3,0,0,0,0,0,0,0,14,13.4,3.7,0.0,1.7,4,3,0,7,1,0.00,0.01,0.01,1.88,50,0,17412,0,0,9
184,MID,168144,Matt,Grimes,2645208,2,False,90,0,0,0,1,0,0,0,0,0,0,0,14,14.2,20.9,2.0,3.7,1,9,0,10,1,0.01,0.04,0.05,0.72,50,674,20154,2290,1616,9
184,MID,168144,Matt,Grimes,2645222,2,False,90,0,0,0,1,0,0,0,0,0,0,0,8,18.6,2.3,1.0,2.2,3,0,5,8,1,0.04,0.00,0.04,2.12,50,-3443,16127,481,3924,9
184,MID,168144,Matt,Grimes,2645228,2,False,83,0,0,0,4,0,0,0,0,0,0,0,9,5.6,5.8,2.0,1.3,1,1,1,3,1,0.05,0.02,0.07,2.60,50,-2101,14585,532,2633,9
184,MID,168144,Matt,Grimes,2645243,3,False,90,0,0,1,0,0,0,0,0,0,0,0,17,12.6,15.3,1.0,2.9,4,3,3,10,1,0.02,0.06,0.08,1.10,49,-1624,13370,594,2218,9
185,MID,501459,Tatsuhiro,Sakamoto,2645195,0,False,0,0,0,0,0,0,0,0,0,0,0,0,0,0.0,0.0,0.0,0.0,0,0,0,0,0,0.00,0.00,0.00,0.00,50,0,10294,0,0,9
185,MID,501459,Tatsuhiro,Sakamoto,2645208,1,False,31,0,0,0,1,0,0,0,0,0,0,0,8,6.2,5.9,7.0,1.9,0,2,2,4,0,0.02,0.02,0.04,0.69,50,-1318,9710,137,1455,9
185,MID,501459,Tatsuhiro,Sakamoto,2645222,0,False,0,0,0,0,0,0,0,0,0,0,0,0,0,0.0,0.0,0.0,0.0,0,0,0,0,0,0.00,0.00,0.00,0.00,49,-1339,8559,404,1743,9
185,MID,501459,Tatsuhiro,Sakamoto,2645228,0,False,0,0,0,0,0,0,0,0,0,0,0,0,0,0.0,0.0,0.0,0.0,0,0,0,0,0,0.00,0.00,0.00,0.00,49,-975,7657,207,1182,9
185,MID,501459,Tatsuhiro,Sakamoto,2645243,0,False,0,0,0,0,0,0,0,0,0,0,0,0,0,0.0,0.0,0.0,0.0,0,0,0,0,0,0.00,0.00,0.00,0.00,48,-850,6925,142,992,9
186,MID,241293,Ephron,Mason-Clark,2645195,0,False,0,0,0,0,0,0,0,0,0,0,0,0,0,0.0,0.0,0.0,0.0,0,0,0,0,0,0.00,0.00,0.00,0.00,55,0,11314,0,0,9
186,MID,241293,Ephron,Mason-Clark,2645208,1,False,57,0,0,0,0,0,0,0,0,0,0,0,4,4.2,16.0,0.0,2.0,2,2,0,4,1,0.00,0.06,0.06,0.02,55,-1089,12149,489,1578,9
186,MID,241293,Ephron,Mason-Clark,2645222,2,False,70,0,0,0,1,0,0,0,0,0,0,0,4,0.0,0.8,2.0,0.1,2,3,0,5,1,0.00,0.00,0.00,1.17,54,-1860,10318,228,2088,9
186,MID,241293,Ephron,Mason-Clark,2645228,1,False,59,0,0,0,2,0,0,0,0,0,0,0,5,6.0,1.0,44.0,5.1,2,2,0,4,1,0.49,0.01,0.50,1.37,54,-780,9746,222,1002,9
186,MID,241293,Ephron,Mason-Clark,2645243,1,False,45,0,0,0,0,0,0,0,0,0,0,0,6,5.2,33.8,6.0,4.5,0,2,0,2,1,0.02,0.05,0.07,0.60,54,-836,8948,100,936,9
187,MID,439668,Josh,Eccles,2645195,0,False,0,0,0,0,0,0,0,0,0,0,0,0,0,0.0,0.0,0.0,0.0,0,0,0,0,0,0.00,0.00,0.00,0.00,50,0,1503,0,0,9
187,MID,439668,Josh,Eccles,2645208,0,False,0,0,0,0,0,0,0,0,0,0,0,0,0,0.0,0.0,0.0,0.0,0,0,0,0,0,0.00,0.00,0.00,0.00,50,-230,1391,69,299,9
187,MID,439668,Josh,Eccles,2645222,0,False,0,0,0,0,0,0,0,0,0,0,0,0,0,0.0,0.0,0.0,0.0,0,0,0,0,0,0.00,0.00,0.00,0.00,49,30,1547,434,404,9
187,MID,439668,Josh,Eccles,2645228,0,False,0,0,0,0,0,0,0,0,0,0,0,0,0,0.0,0.0,0.0,0.0,0,0,0,0,0,0.00,0.00,0.00,0.00,49,-249,1294,93,342,9
187,MID,439668,Josh,Eccles,2645243,0,False,0,0,0,0,0,0,0,0,0,0,0,0,0,0.0,0.0,0.0,0.0,0,0,0,0,0,0.00,0.00,0.00,0.00,49,-314,1002,17,331,9
188,MID,226965,Victor,Torp,2645195,1,False,28,0,0,0,0,0,0,0,0,0,0,0,8,6.8,16.4,0.0,2.3,1,0,0,1,0,0.00,0.11,0.11,0.32,55,0,15509,0,0,9
188,MID,226965,Victor,Torp,2645208,1,False,19,0,0,0,1,0,0,0,0,0,0,0,2,0.0,3.6,0.0,0.3,0,2,0,2,0,0.00,0.01,0.01,0.69,55,-1275,16221,549,1824,9
188,MID,226965,Victor,Torp,2645222,0,False,0,0,0,0,0,0,0,0,0,0,0,0,0,0.0,0.0,0.0,0.0,0,0,0,0,0,0.00,0.00,0.00,0.00,54,-2872,13303,100,2972,9
188,MID,226965,Victor,Torp,2645228,1,False,6,0,0,0,1,0,0,0,0,0,0,0,3,0.4,0.4,0.0,0.1,0,0,0,0,0,0.00,0.00,0.00,0.21,54,-1542,11943,52,1594,9
188,MID,226965,Victor,Torp,2645243,0,False,0,0,0,0,0,0,0,0,0,0,0,0,0,0.0,0.0,0.0,0.0,0,0,0,0,0,0.00,0.00,0.00,0.00,54,-1090,10920,52,1142,9
189,MID,684268,George,Shepherd,2645195,0,False,0,0,0,0,0,0,0,0,0,0,0,0,0,0.0,0.0,0.0,0.0,0,0,0,0,0,0.00,0.00,0.00,0.00,45,0,28435,0,0,9
189,MID,684268,George,Shepherd,2645208,0,False,0,0,0,0,0,0,0,0,0,0,0,0,0,0.0,0.0,0.0,0.0,0,0,0,0,0,0.00,0.00,0.00,0.00,45,-2158,28459,1013,3171,9
189,MID,684268,George,Shepherd,2645222,0,False,0,0,0,0,0,0,0,0,0,0,0,0,0,0.0,0.0,0.0,0.0,0,0,0,0,0,0.00,0.00,0.00,0.00,45,-2042,27151,1697,3739,9
189,MID,684268,George,Shepherd,2645228,0,False,0,0,0,0,0,0,0,0,0,0,0,0,0,0.0,0.0,0.0,0.0,0,0,0,0,0,0.00,0.00,0.00,0.00,45,-1700,25735,1302,3002,9
189,MID,684268,George,Shepherd,2645243,0,False,0,0,0,0,0,0,0,0,0,0,0,0,0,0.0,0.0,0.0,0.0,0,0,0,0,0,0.00,0.00,0.00,0.00,44,-251,30329,2708,2959,9
190,MID,469272,Loum,Tchaouna,2645195,2,False,81,0,0,0,3,0,0,0,0,0,0,0,11,1.8,6.0,3.0,1.1,3,5,0,8,1,0.04,0.02,0.06,1.76,55,0,12321,0,0,9
190,MID,469272,Loum,Tchaouna,2645208,1,False,58,0,0,0,0,0,0,0,0,0,0,0,7,7.0,18.5,5.0,3.1,2,3,1,6,1,0.05,0.13,0.18,0.02,55,1311,16325,2762,1451,9
190,MID,469272,Loum,Tchaouna,2645222,1,False,27,0,0,0,0,0,0,0,0,0,0,0,9,8.2,24.8,21.0,5.4,0,1,0,1,0,0.10,0.03,0.13,0.95,55,-3624,12425,128,3752,9
190,MID,469272,Loum,Tchaouna,2645228,0,False,0,0,0,0,0,0,0,0,0,0,0,0,0,0.0,0.0,0.0,0.0,0,0,0,0,0,0.00,0.00,0.00,0.00,54,-1390,11417,187,1577,9
190,MID,469272,Loum,Tchaouna,2645243,1,False,45,0,0,0,0,0,0,0,0,0,0,0,5,8.4,1.2,17.0,2.7,1,2,0,3,0,0.04,0.00,0.04,0.50,54,-1058,10419,39,1097,9
191,MID,492498,Raphael,Borges Rodrigues,2645195,0,False,0,0,0,0,0,0,0,0,0,0,0,0,0,0.0,0.0,0.0,0.0,0,0,0,0,0,0.00,0.00,0.00,0.00,45,0,16813,0,0,9
191,MID,492498,Raphael,Borges Rodrigues,2645208,0,False,0,0,0,0,0,0,0,0,0,0,0,0,0,0.0,0.0,0.0,0.0,0,0,0,0,0,0.00,0.00,0.00,0.00,45,-1193,16655,680,1873,9
191,MID,492498,Raphael,Borges Rodrigues,2645222,0,False,0,0,0,0,0,0,0,0,0,0,0,0,0,0.0,0.0,0.0,0.0,0,0,0,0,0,0.00,0.00,0.00,0.00,45,-2425,14534,1263,3688,9
191,MID,492498,Raphael,Borges Rodrigues,2645228,0,False,0,0,0,0,0,0,0,0,0,0,0,0,0,0.0,0.0,0.0,0.0,0,0,0,0,0,0.00,0.00,0.00,0.00,45,-3328,11101,0,3328,9
191,MID,492498,Raphael,Borges Rodrigues,2645243,0,False,0,0,0,0,0,0,0,0,0,0,0,0,0,0.0,0.0,0.0,0.0,0,0,0,0,0,0.00,0.00,0.00,0.00,45,-1935,9331,0,1935,9
192,MID,629397,Kai,Andrews,2645195,0,False,0,0,0,0,0,0,0,0,0,0,0,0,0,0.0,0.0,0.0,0.0,0,0,0,0,0,0.00,0.00,0.00,0.00,45,0,62690,0,0,9
192,MID,629397,Kai,Andrews,2645208,0,False,0,0,0,0,0,0,0,0,0,0,0,0,0,0.0,0.0,0.0,0.0,0,0,0,0,0,0.00,0.00,0.00,0.00,45,-4618,62913,2576,7194,9
192,MID,629397,Kai,Andrews,2645222,0,False,0,0,0,0,0,0,0,0,0,0,0,0,0,0.0,0.0,0.0,0.0,0,0,0,0,0,0.00,0.00,0.00,0.00,45,-17623,44026,142,17765,9
192,MID,629397,Kai,Andrews,2645228,0,False,0,0,0,0,0,0,0,0,0,0,0,0,0,0.0,0.0,0.0,0.0,0,0,0,0,0,0.00,0.00,0.00,0.00,45,-8343,36602,0,8343,9
192,MID,629397,Kai,Andrews,2645243,0,False,0,0,0,0,0,0,0,0,0,0,0,0,0,0.0,0.0,0.0,0.0,0,0,0,0,0,0.00,0.00,0.00,0.00,45,-5803,31304,0,5803,9
193,FWD,176412,Haji,Wright,2645195,0,False,0,0,0,0,0,0,0,0,0,0,0,0,0,0.0,0.0,0.0,0.0,0,0,0,0,0,0.00,0.00,0.00,0.00,55,0,18871,0,0,9
193,FWD,176412,Haji,Wright,2645208,0,False,0,0,0,0,0,0,0,0,0,0,0,0,0,0.0,0.0,0.0,0.0,0,0,0,0,0,0.00,0.00,0.00,0.00,55,-5318,13634,107,5425,9
193,FWD,176412,Haji,Wright,2645222,0,False,0,0,0,0,0,0,0,0,0,0,0,0,0,0.0,0.0,0.0,0.0,0,0,0,0,0,0.00,0.00,0.00,0.00,54,-3102,10607,246,3348,9
193,FWD,176412,Haji,Wright,2645228,0,False,0,0,0,0,0,0,0,0,0,0,0,0,0,0.0,0.0,0.0,0.0,0,0,0,0,0,0.00,0.00,0.00,0.00,54,-1789,8935,117,1906,9
193,FWD,176412,Haji,Wright,2645243,0,False,0,0,0,0,0,0,0,0,0,0,0,0,0,0.0,0.0,0.0,0.0,0,0,0,0,0,0.00,0.00,0.00,0.00,54,-1150,7895,97,1247,9
194,FWD,230730,Brandon,Thomas-Asante,2645195,2,False,69,0,0,0,3,0,0,0,0,0,0,0,9,4.6,1.1,0.0,0.6,5,1,0,6,1,0.00,0.02,0.02,1.60,50,0,66198,0,0,9
194,FWD,230730,Brandon,Thomas-Asante,2645208,1,False,32,0,0,0,1,0,0,0,0,0,0,0,5,1.2,2.0,2.0,0.5,0,2,0,2,0,0.00,0.00,0.00,0.69,50,6706,83366,14594,7888,9
194,FWD,230730,Brandon,Thomas-Asante,2645222,1,False,19,0,0,0,0,0,0,0,0,0,0,0,6,2.2,0.3,2.0,0.5,1,2,0,3,0,0.00,0.00,0.00,0.95,50,-1110,84492,16389,17499,9
194,FWD,230730,Brandon,Thomas-Asante,2645228,1,False,17,0,0,0,2,0,0,0,0,0,0,0,7,6.0,0.5,26.0,3.3,0,0,0,0,0,0.21,0.03,0.24,0.64,50,-1520,84195,11154,12674,9
194,FWD,230730,Brandon,Thomas-Asante,2645243,4,False,90,0,0,1,0,0,0,0,0,0,0,0,16,15.8,0.6,19.0,3.5,6,7,3,16,1,0.13,0.01,0.13,1.10,50,-4476,81447,8488,12964,9
195,FWD,218997,Ellis,Simms,2645195,2,False,69,0,0,0,3,0,0,0,0,0,0,0,7,2.6,12.3,2.0,1.7,1,2,0,3,1,0.00,0.01,0.01,1.60,50,0,78607,0,0,9
195,FWD,218997,Ellis,Simms,2645208,0,False,0,0,0,0,0,0,0,0,0,0,0,0,0,0.0,0.0,0.0,0.0,0,0,0,0,0,0.00,0.00,0.00,0.00,50,10333,100916,19936,9603,9
195,FWD,218997,Ellis,Simms,2645222,1,False,19,0,0,0,0,0,0,0,0,0,0,0,3,5.0,10.0,35.0,5.0,0,0,0,0,0,0.30,0.00,0.30,0.95,50,-11944,88094,10057,22001,9
195,FWD,218997,Ellis,Simms,2645228,0,False,0,0,0,0,0,0,0,0,0,0,0,0,0,0.0,0.0,0.0,0.0,0,0,0,0,0,0.00,0.00,0.00,0.00,50,-8583,81354,5606,14189,9
195,FWD,218997,Ellis,Simms,2645243,1,False,16,0,0,0,0,0,0,0,0,0,0,0,3,0.2,0.3,0.0,0.1,0,0,0,0,0,0.00,0.00,0.00,0.24,50,-10520,72122,2905,13425,9
196,FWD,551262,Jahnoah,Markelo,2645195,0,False,0,0,0,0,0,0,0,0,0,0,0,0,0,0.0,0.0,0.0,0.0,0,0,0,0,0,0.00,0.00,0.00,0.00,50,0,1827,0,0,9
196,FWD,551262,Jahnoah,Markelo,2645208,0,False,0,0,0,0,0,0,0,0,0,0,0,0,0,0.0,0.0,0.0,0.0,0,0,0,0,0,0.00,0.00,0.00,0.00,50,-590,1206,0,590,9
196,FWD,551262,Jahnoah,Markelo,2645222,0,False,0,0,0,0,0,0,0,0,0,0,0,0,0,0.0,0.0,0.0,0.0,0,0,0,0,0,0.00,0.00,0.00,0.00,50,-296,929,0,296,9
196,FWD,551262,Jahnoah,Markelo,2645228,0,False,0,0,0,0,0,0,0,0,0,0,0,0,0,0.0,0.0,0.0,0.0,0,0,0,0,0,0.00,0.00,0.00,0.00,50,-136,803,0,136,9
196,FWD,551262,Jahnoah,Markelo,2645243,0,False,0,0,0,0,0,0,0,0,0,0,0,0,0,0.0,0.0,0.0,0.0,0,0,0,0,0,0.00,0.00,0.00,0.00,50,-105,704,0,105,9
197,FWD,549653,Norman,Bassette,2645195,0,False,0,0,0,0,0,0,0,0,0,0,0,0,0,0.0,0.0,0.0,0.0,0,0,0,0,0,0.00,0.00,0.00,0.00,45,0,4620,0,0,9
197,FWD,549653,Norman,Bassette,2645208,0,False,0,0,0,0,0,0,0,0,0,0,0,0,0,0.0,0.0,0.0,0.0,0,0,0,0,0,0.00,0.00,0.00,0.00,45,-788,3783,0,788,9
197,FWD,549653,Norman,Bassette,2645222,0,False,0,0,0,0,0,0,0,0,0,0,0,0,0,0.0,0.0,0.0,0.0,0,0,0,0,0,0.00,0.00,0.00,0.00,45,-548,3200,0,548,9
197,FWD,549653,Norman,Bassette,2645228,0,False,0,0,0,0,0,0,0,0,0,0,0,0,0,0.0,0.0,0.0,0.0,0,0,0,0,0,0.00,0.00,0.00,0.00,45,-350,2877,0,350,9
197,FWD,549653,Norman,Bassette,2645243,0,False,0,0,0,0,0,0,0,0,0,0,0,0,0,0.0,0.0,0.0,0.0,0,0,0,0,0,0.00,0.00,0.00,0.00,45,-273,2648,0,273,9
492,FWD,210156,Taiwo,Awoniyi,2645195,1,False,20,0,0,0,0,0,0,0,0,0,0,0,4,0.0,1.4,0.0,0.1,0,1,0,1,0,0.00,0.00,0.00,0.29,55,0,76129,0,0,9
492,FWD,210156,Taiwo,Awoniyi,2645208,2,False,90,0,0,0,1,0,0,0,0,0,0,0,6,10.0,23.6,65.0,9.9,1,2,0,3,1,0.93,0.03,0.96,0.72,55,-639,83094,8654,9293,9
492,FWD,210156,Taiwo,Awoniyi,2645222,2,False,70,0,0,0,1,0,0,0,0,0,0,0,6,3.6,10.3,3.0,1.7,2,3,0,5,1,0.31,0.00,0.31,1.17,55,-13314,69494,4842,18156,9
492,FWD,210156,Taiwo,Awoniyi,2645228,-2,False,52,0,0,0,5,0,0,0,0,1,0,0,-5,0.0,10.9,10.0,1.9,0,1,1,2,1,0.06,0.01,0.07,1.37,55,-3108,69089,7191,10299,9
492,FWD,210156,Taiwo,Awoniyi,2645243,0,False,0,0,0,0,0,0,0,0,0,0,0,0,0,0.0,0.0,0.0,0.0,0,0,0,0,0,0.00,0.00,0.00,0.00,55,-21461,46922,586,22047,9
575,MID,661888,Caleb,Yirenkyi,2645195,1,False,61,0,0,0,3,0,0,0,1,0,0,0,2,0.0,3.1,0.0,0.0,0,3,0,3,1,0.00,0.00,0.00,1.56,50,0,23536,0,0,9
575,MID,661888,Caleb,Yirenkyi,2645208,3,False,70,0,0,1,0,0,0,0,0,0,0,0,17,9.4,16.0,7.0,3.2,3,4,0,7,1,0.03,0.13,0.16,0.02,50,-1578,23711,997,2575,9
575,MID,661888,Caleb,Yirenkyi,2645222,1,False,27,0,0,0,0,0,0,0,0,0,0,0,4,1.0,0.3,0.0,0.1,2,4,0,6,0,0.00,0.00,0.00,0.95,50,-3438,20321,778,4216,9
575,MID,661888,Caleb,Yirenkyi,2645228,1,False,17,0,0,0,2,0,0,0,0,0,0,0,3,0.0,10.5,0.0,1.0,0,0,0,0,0,0.00,0.01,0.01,0.64,49,-2489,18325,641,3130,9
575,MID,661888,Caleb,Yirenkyi,2645243,3,False,90,0,0,1,0,0,0,0,0,0,0,0,10,5.0,11.7,0.0,1.7,2,2,1,5,1,0.00,0.01,0.01,1.08,49,-2510,15964,236,2746,9
584,MID,196100,Gustavo,Hamer,2645195,1,False,8,0,0,0,0,0,0,0,0,0,0,0,3,0.4,0.3,0.0,0.1,0,1,0,1,0,0.00,0.00,0.00,0.13,55,0,12932,0,0,9
584,MID,196100,Gustavo,Hamer,2645208,1,False,19,0,0,0,1,0,0,0,0,0,0,0,2,0.2,1.5,0.0,0.2,0,0,0,0,0,0.00,0.02,0.02,0.69,55,-1042,13996,386,1428,9
584,MID,196100,Gustavo,Hamer,2645222,1,False,5,0,0,0,0,0,0,0,0,0,0,0,1,0.0,0.0,0.0,0.0,0,1,1,2,0,0.00,0.00,0.00,0.00,55,-2126,11896,153,2279,9
584,MID,196100,Gustavo,Hamer,2645228,0,False,0,0,0,0,0,0,0,0,0,0,0,0,0,0.0,0.0,0.0,0.0,0,0,0,0,0,0.00,0.00,0.00,0.00,54,-1142,10937,147,1289,9
584,MID,196100,Gustavo,Hamer,2645243,0,False,0,0,0,0,0,0,0,0,0,0,0,0,0,0.0,0.0,0.0,0.0,0,0,0,0,0,0.00,0.00,0.00,0.00,54,-947,10051,64,1011,9
599,FWD,627221,Sidiki,Cherif,2645195,0,False,0,0,0,0,0,0,0,0,0,0,0,0,0,0.0,0.0,0.0,0.0,0,0,0,0,0,0.00,0.00,0.00,0.00,50,0,7348,0,0,9
599,FWD,627221,Sidiki,Cherif,2645208,0,False,0,0,0,0,0,0,0,0,0,0,0,0,0,0.0,0.0,0.0,0.0,0,0,0,0,0,0.00,0.00,0.00,0.00,50,330,9736,1724,1394,9
599,FWD,627221,Sidiki,Cherif,2645222,0,False,0,0,0,0,0,0,0,0,0,0,0,0,0,0.0,0.0,0.0,0.0,0,0,0,0,0,0.00,0.00,0.00,0.00,50,-134,10406,2227,2361,9
599,FWD,627221,Sidiki,Cherif,2645228,1,False,30,0,0,0,3,0,0,0,0,0,0,0,3,1.0,0.2,0.0,0.1,1,0,0,1,0,0.00,0.00,0.00,1.43,50,-281,10369,1323,1604,9
599,FWD,627221,Sidiki,Cherif,2645243,0,False,0,0,0,0,0,0,0,0,0,0,0,0,0,0.0,0.0,0.0,0.0,0,0,0,0,0,0.00,0.00,0.00,0.00,50,173,10975,1653,1480,9
623,GKP,79602,Dan,Bentley,2645208,0,False,0,0,0,0,0,0,0,0,0,0,0,0,0,0.0,0.0,0.0,0.0,0,0,0,0,0,0.00,0.00,0.00,0.00,40,0,0,0,0,9
623,GKP,79602,Dan,Bentley,2645222,0,False,0,0,0,0,0,0,0,0,0,0,0,0,0,0.0,0.0,0.0,0.0,0,0,0,0,0,0.00,0.00,0.00,0.00,40,17253,29804,20080,2827,9
623,GKP,79602,Dan,Bentley,2645228,0,False,0,0,0,0,0,0,0,0,0,0,0,0,0,0.0,0.0,0.0,0.0,0,0,0,0,0,0.00,0.00,0.00,0.00,40,25889,56982,36983,11094,9
623,GKP,79602,Dan,Bentley,2645243,0,False,0,0,0,0,0,0,0,0,0,0,0,0,0,0.0,0.0,0.0,0.0,0,0,0,0,0,0.00,0.00,0.00,0.00,40,10344,66230,13315,2971,9
655,MID,242893,Yann,Gboho,2645228,0,False,0,0,0,0,0,0,0,0,0,0,0,0,0,0.0,0.0,0.0,0.0,0,0,0,0,0,0.00,0.00,0.00,0.00,55,58,72,65,7,9
655,MID,242893,Yann,Gboho,2645243,0,False,0,0,0,0,0,0,0,0,0,0,0,0,0,0.0,0.0,0.0,0.0,0,0,0,0,0,0.00,0.00,0.00,0.00,55,91,195,133,42,9
656,DEF,566213,Stephen,Mfuni,2645228,0,False,0,0,0,0,0,0,0,0,0,0,0,0,0,0.0,0.0,0.0,0.0,0,0,0,0,0,0.00,0.00,0.00,0.00,40,2544,7468,2811,267,9
656,DEF,566213,Stephen,Mfuni,2645243,6,False,90,0,0,1,0,0,0,0,0,0,0,0,27,17.6,0.7,4.0,2.2,7,3,1,8,1,0.00,0.01,0.01,1.10,40,3967,10713,5501,1534,9
42,MID,485337,Evann,Guessand,2645197,1,False,27,0,0,0,0,0,0,0,0,0,0,0,3,3.2,1.8,7.0,1.2,0,0,1,1,0,0.03,0.02,0.05,0.14,55,0,3238,0,0,31
42,MID,485337,Evann,Guessand,2645209,1,False,27,0,0,0,1,0,0,0,0,0,0,0,3,2.2,0.3,0.0,0.3,1,0,0,1,0,0.00,0.01,0.01,0.20,55,-140,4594,483,623,31
42,MID,485337,Evann,Guessand,2645219,0,False,0,0,0,0,0,0,0,0,0,0,0,0,0,0.0,0.0,0.0,0.0,0,0,0,0,0,0.00,0.00,0.00,0.00,55,-422,4367,556,978,31
42,MID,485337,Evann,Guessand,2645229,0,False,0,0,0,0,0,0,0,0,0,0,0,0,0,0.0,0.0,0.0,0.0,0,0,0,0,0,0.00,0.00,0.00,0.00,55,-33,4659,935,968,31
42,MID,485337,Evann,Guessand,2645240,0,False,0,0,0,0,0,0,0,0,0,0,0,0,0,0.0,0.0,0.0,0.0,0,0,0,0,0,0.00,0.00,0.00,0.00,54,-483,4188,319,802,31
153,DEF,220362,Axel,Disasi,2645204,0,False,0,0,0,0,0,0,0,0,0,0,0,0,0,0.0,0.0,0.0,0.0,0,0,0,0,0,0.00,0.00,0.00,0.00,45,0,5243,0,0,31
153,DEF,220362,Axel,Disasi,2645209,1,False,16,0,0,0,1,0,0,0,0,0,0,0,-2,1.2,0.0,0.0,0.1,0,1,1,1,0,0.00,0.00,0.00,0.20,45,-323,6037,525,848,31
153,DEF,220362,Axel,Disasi,2645219,3,False,90,0,0,0,2,0,0,0,0,0,0,0,14,31.4,13.3,2.0,4.7,9,8,4,13,1,0.00,0.04,0.04,3.14,45,503,7480,1511,1008,31
153,DEF,220362,Axel,Disasi,2645229,-3,False,33,0,0,0,3,0,0,0,0,1,0,0,-18,2.2,0.1,0.0,0.2,6,2,0,6,1,0.00,0.00,0.00,0.38,45,4721,14882,7208,2487,31
153,DEF,220362,Axel,Disasi,2645240,0,False,0,0,0,0,0,0,0,0,0,0,0,0,0,0.0,0.0,0.0,0.0,0,0,0,0,0,0.00,0.00,0.00,0.00,45,-5081,7522,157,5238,31
198,GKP,172649,Dean,Henderson,2645197,2,False,90,0,0,0,2,0,0,0,0,0,3,0,14,28.2,0.0,0.0,2.8,3,13,0,0,1,0.00,0.00,0.00,1.12,50,0,171144,0,0,31
198,GKP,172649,Dean,Henderson,2645209,1,False,90,0,0,0,4,0,0,0,0,0,4,0,4,30.2,0.0,0.0,3.0,2,11,0,0,1,0.00,0.00,0.00,2.21,50,-7870,182716,5904,13774,31
198,GKP,172649,Dean,Henderson,2645219,2,False,90,0,0,0,2,0,0,0,0,0,5,0,19,38.4,0.0,0.0,3.8,1,7,0,0,1,0.00,0.00,0.00,3.14,50,-3328,188350,15007,18335,31
198,GKP,172649,Dean,Henderson,2645229,0,False,0,0,0,0,0,0,0,0,0,0,0,0,0,0.0,0.0,0.0,0.0,0,0,0,0,0,0.00,0.00,0.00,0.00,50,17128,234983,34005,16877,31
198,GKP,172649,Dean,Henderson,2645240,0,False,0,0,0,0,0,0,0,0,0,0,0,0,0,0.0,0.0,0.0,0.0,0,0,0,0,0,0.00,0.00,0.00,0.00,50,-59712,148996,210,59922,31
199,GKP,121709,Walter,Benítez,2645197,0,False,0,0,0,0,0,0,0,0,0,0,0,0,0,0.0,0.0,0.0,0.0,0,0,0,0,0,0.00,0.00,0.00,0.00,45,0,10987,0,0,31
199,GKP,121709,Walter,Benítez,2645209,0,False,0,0,0,0,0,0,0,0,0,0,0,0,0,0.0,0.0,0.0,0.0,0,0,0,0,0,0.00,0.00,0.00,0.00,45,-908,11403,468,1376,31
199,GKP,121709,Walter,Benítez,2645219,0,False,0,0,0,0,0,0,0,0,0,0,0,0,0,0.0,0.0,0.0,0.0,0,0,0,0,0,0.00,0.00,0.00,0.00,45,-646,11282,648,1294,31
199,GKP,121709,Walter,Benítez,2645229,2,False,90,0,0,0,3,0,0,0,0,0,3,0,3,18.8,0.0,0.0,1.9,1,7,0,0,1,0.00,0.00,0.00,1.68,45,-389,11338,563,952,31
199,GKP,121709,Walter,Benítez,2645240,6,False,90,0,0,1,0,0,0,0,0,0,2,0,26,18.6,0.0,0.0,1.9,1,4,0,0,1,0.00,0.00,0.00,1.31,45,618,12323,1413,795,31
202,DEF,427623,Chris,Richards,2645197,3,False,90,0,0,0,2,0,0,0,0,0,0,0,13,42.6,0.7,0.0,4.3,14,1,2,16,1,0.00,0.00,0.00,1.12,50,0,66477,0,0,31
202,DEF,427623,Chris,Richards,2645209,0,False,90,0,0,0,4,0,0,0,0,0,0,0,-4,15.0,0.1,17.0,3.2,4,2,2,6,1,0.04,0.00,0.04,2.21,50,-2246,71981,4208,6454,31
202,DEF,427623,Chris,Richards,2645219,1,False,90,0,0,0,2,0,0,0,0,0,0,0,8,28.8,0.5,7.0,3.6,8,4,1,9,1,0.04,0.00,0.04,3.14,50,-5426,68124,5745,11171,31
202,DEF,427623,Chris,Richards,2645229,2,False,90,0,0,0,3,0,0,0,1,0,0,0,2,22.4,5.9,0.0,2.8,12,6,1,13,1,0.00,0.06,0.06,1.68,50,497,74063,9105,8608,31
202,DEF,427623,Chris,Richards,2645240,8,False,90,0,0,1,0,0,0,0,0,0,0,0,29,22.6,0.5,0.0,2.3,8,3,2,10,1,0.00,0.01,0.01,1.31,50,-7644,63648,1854,9498,31
203,DEF,651426,Jaydee,Canvot,2645197,1,False,90,0,0,0,2,0,0,0,0,0,0,0,9,27.4,5.7,5.0,3.8,4,3,4,8,1,0.05,0.01,0.06,1.12,50,0,30748,0,0,31
203,DEF,651426,Jaydee,Canvot,2645209,0,False,90,0,0,0,4,0,0,0,0,0,0,0,-1,22.8,0.5,0.0,2.3,6,1,1,7,1,0.00,0.00,0.00,2.21,50,-3200,29914,821,4021,31
203,DEF,651426,Jaydee,Canvot,2645219,1,False,90,0,0,0,2,0,0,0,0,0,0,0,4,13.0,1.9,0.0,1.5,7,2,2,9,1,0.00,0.00,0.00,3.14,49,-4057,25628,1708,5765,31
203,DEF,651426,Jaydee,Canvot,2645229,0,False,0,0,0,0,0,0,0,0,0,0,0,0,0,0.0,0.0,0.0,0.0,0,0,0,0,0,0.00,0.00,0.00,0.00,49,-1594,25690,2554,4148,31
203,DEF,651426,Jaydee,Canvot,2645240,8,False,90,0,0,1,0,0,0,0,0,0,0,0,26,19.8,17.2,2.0,3.9,9,5,1,10,1,0.00,0.12,0.12,1.31,49,-4457,20646,259,4716,31
204,DEF,244723,Tyrick,Mitchell,2645197,1,False,90,0,0,0,2,0,0,0,0,0,0,0,9,11.6,13.8,2.0,2.7,3,4,2,5,1,0.00,0.01,0.01,1.12,45,0,580791,0,0,31
204,DEF,244723,Tyrick,Mitchell,2645209,0,False,90,0,0,0,4,0,0,0,0,0,0,0,-8,11.6,21.6,7.0,4.0,3,1,2,5,1,0.11,0.16,0.27,2.21,45,-44374,548942,5965,50339,31
204,DEF,244723,Tyrick,Mitchell,2645219,15,False,73,2,0,0,2,0,0,0,0,0,0,2,31,78.0,10.7,47.0,13.6,4,2,2,6,1,0.66,0.01,0.67,2.57,45,-68532,476563,9051,77583,31
204,DEF,244723,Tyrick,Mitchell,2645229,1,False,76,0,0,0,2,0,0,0,0,0,0,0,6,7.8,18.1,0.0,2.6,1,8,0,1,1,0.00,0.06,0.06,1.13,45,212978,768978,259738,46760,31
204,DEF,244723,Tyrick,Mitchell,2645240,7,False,90,0,0,1,0,0,0,0,0,0,0,1,30,19.2,3.7,6.0,2.9,3,8,5,8,1,0.00,0.02,0.02,1.31,45,-51939,647215,21781,73720,31
205,DEF,218364,Borna,Sosa,2645197,0,False,0,0,0,0,0,0,0,0,0,0,0,0,0,0.0,0.0,0.0,0.0,0,0,0,0,0,0.00,0.00,0.00,0.00,45,0,2785,0,0,31
205,DEF,218364,Borna,Sosa,2645209,0,False,0,0,0,0,0,0,0,0,0,0,0,0,0,0.0,0.0,0.0,0.0,0,0,0,0,0,0.00,0.00,0.00,0.00,45,-226,3040,126,352,31
205,DEF,218364,Borna,Sosa,2645219,0,False,0,0,0,0,0,0,0,0,0,0,0,0,0,0.0,0.0,0.0,0.0,0,0,0,0,0,0.00,0.00,0.00,0.00,45,-594,2568,110,704,31
205,DEF,218364,Borna,Sosa,2645229,0,False,0,0,0,0,0,0,0,0,0,0,0,0,0,0.0,0.0,0.0,0.0,0,0,0,0,0,0.00,0.00,0.00,0.00,45,-639,1928,0,639,31
205,DEF,218364,Borna,Sosa,2645240,0,False,0,0,0,0,0,0,0,0,0,0,0,0,0,0.0,0.0,0.0,0.0,0,0,0,0,0,0.00,0.00,0.00,0.00,45,-274,1673,0,274,31
206,DEF,515621,Chadi,Riad Dnanou,2645197,1,False,72,0,0,0,2,0,0,0,0,0,0,0,7,12.6,1.3,0.0,1.4,6,3,1,7,1,0.00,0.01,0.01,0.98,45,0,6521,0,0,31
206,DEF,515621,Chadi,Riad Dnanou,2645209,0,False,0,0,0,0,0,0,0,0,0,0,0,0,0,0.0,0.0,0.0,0.0,0,0,0,0,0,0.00,0.00,0.00,0.00,45,-2523,4410,320,2843,31
206,DEF,515621,Chadi,Riad Dnanou,2645219,0,False,0,0,0,0,0,0,0,0,0,0,0,0,0,0.0,0.0,0.0,0.0,0,0,0,0,0,0.00,0.00,0.00,0.00,44,-1423,3064,193,1616,31
206,DEF,515621,Chadi,Riad Dnanou,2645229,0,False,0,0,0,0,0,0,0,0,0,0,0,0,0,0.0,0.0,0.0,0.0,0,0,0,0,0,0.00,0.00,0.00,0.00,44,-651,2510,58,709,31
206,DEF,515621,Chadi,Riad Dnanou,2645240,0,False,0,0,0,0,0,0,0,0,0,0,0,0,0,0.0,0.0,0.0,0.0,0,0,0,0,0,0.00,0.00,0.00,0.00,44,-330,2215,53,383,31
207,DEF,242313,Oscar,Mingueza,2645197,0,False,0,0,0,0,0,0,0,0,0,0,0,0,0,0.0,0.0,0.0,0.0,0,0,0,0,0,0.00,0.00,0.00,0.00,45,0,7928,0,0,31
207,DEF,242313,Oscar,Mingueza,2645209,1,False,15,0,0,0,1,0,0,0,0,0,0,0,1,2.2,0.1,0.0,0.2,0,0,1,1,0,0.00,0.00,0.00,0.20,45,-1081,7384,199,1280,31
207,DEF,242313,Oscar,Mingueza,2645219,1,False,1,0,0,0,0,0,0,0,0,0,0,0,4,1.0,0.3,0.0,0.1,0,1,1,1,0,0.00,0.00,0.00,0.13,44,-541,7148,770,1311,31
207,DEF,242313,Oscar,Mingueza,2645229,0,False,0,0,0,0,0,0,0,0,0,0,0,0,0,0.0,0.0,0.0,0.0,0,0,0,0,0,0.00,0.00,0.00,0.00,44,-316,7027,691,1007,31
207,DEF,242313,Oscar,Mingueza,2645240,0,False,0,0,0,0,0,0,0,0,0,0,0,0,0,0.0,0.0,0.0,0.0,0,0,0,0,0,0.00,0.00,0.00,0.00,44,-708,6288,250,958,31
208,MID,232185,Ismaïla,Sarr,2645197,0,False,0,0,0,0,0,0,0,0,0,0,0,0,0,0.0,0.0,0.0,0.0,0,0,0,0,0,0.00,0.00,0.00,0.00,65,0,424225,0,0,31
208,MID,232185,Ismaïla,Sarr,2645209,0,False,0,0,0,0,0,0,0,0,0,0,0,0,0,0.0,0.0,0.0,0.0,0,0,0,0,0,0.00,0.00,0.00,0.00,64,-204476,227391,2102,206578,31
208,MID,232185,Ismaïla,Sarr,2645219,0,False,0,0,0,0,0,0,0,0,0,0,0,0,0,0.0,0.0,0.0,0.0,0,0,0,0,0,0.00,0.00,0.00,0.00,63,-118099,109790,330,118429,31
208,MID,232185,Ismaïla,Sarr,2645229,0,False,0,0,0,0,0,0,0,0,0,0,0,0,0,0.0,0.0,0.0,0.0,0,0,0,0,0,0.00,0.00,0.00,0.00,63,-36877,77747,179,37056,31
208,MID,232185,Ismaïla,Sarr,2645240,1,False,8,0,0,0,0,0,0,0,0,0,0,0,3,0.0,0.5,0.0,0.1,0,0,0,0,0,0.00,0.01,0.01,0.06,62,-10945,67923,1443,12388,31
210,MID,496221,Adam,Wharton,2645197,4,False,90,0,0,0,2,0,0,0,0,0,0,0,20,16.8,30.9,0.0,4.8,4,8,2,14,1,0.00,0.24,0.24,1.12,55,0,75177,0,0,31
210,MID,496221,Adam,Wharton,2645209,2,False,90,0,0,0,4,0,0,0,0,0,0,0,21,16.2,24.7,0.0,4.1,0,3,4,7,1,0.00,0.07,0.07,2.21,55,-1090,88998,6710,7800,31
210,MID,496221,Adam,Wharton,2645219,2,False,90,0,0,0,2,0,0,0,0,0,0,0,10,14.8,2.8,2.0,2.0,7,0,1,8,1,0.00,0.01,0.01,3.14,55,-3644,89835,10076,13720,31
210,MID,496221,Adam,Wharton,2645229,2,False,76,0,0,0,2,0,0,0,0,0,0,0,13,5.2,11.8,3.0,2.0,1,3,1,5,1,0.08,0.04,0.12,1.13,55,-1801,91297,8794,10595,31
210,MID,496221,Adam,Wharton,2645240,2,False,90,0,0,1,0,0,0,0,1,0,0,0,13,20.0,26.8,13.0,6.0,4,1,2,7,1,0.07,0.22,0.29,1.31,55,-9048,82270,2827,11875,31
211,MID,488024,Yéremy,Pino Santos,2645197,1,False,35,0,0,0,0,0,0,0,0,0,0,0,4,2.0,6.3,6.0,1.4,0,3,2,5,0,0.06,0.02,0.08,0.27,55,0,18106,0,0,31
211,MID,488024,Yéremy,Pino Santos,2645209,5,False,67,0,1,0,3,0,0,0,0,0,0,0,27,10.8,34.2,9.0,5.4,2,6,2,10,1,0.05,0.07,0.12,2.01,55,-2144,18326,314,2458,31
211,MID,488024,Yéremy,Pino Santos,2645219,5,False,88,0,1,0,2,0,0,0,0,0,0,0,25,8.0,42.6,6.0,5.7,1,3,1,5,1,0.25,0.30,0.55,3.01,55,2869,22762,5451,2582,31
211,MID,488024,Yéremy,Pino Santos,2645229,1,False,36,0,0,0,1,0,0,0,0,0,0,0,4,0.0,2.7,2.0,0.5,0,1,0,1,1,0.00,0.01,0.01,0.38,55,27655,63756,36851,9196,31
211,MID,488024,Yéremy,Pino Santos,2645240,2,False,81,0,0,1,0,0,0,0,1,0,0,0,10,9.4,8.3,10.0,2.8,2,3,0,5,1,0.16,0.15,0.31,1.26,55,-12233,38017,1928,14161,31
212,MID,108413,Will,Hughes,2645197,0,False,0,0,0,0,0,0,0,0,0,0,0,0,0,0.0,0.0,0.0,0.0,0,0,0,0,0,0.00,0.00,0.00,0.00,45,0,1093674,0,0,31
212,MID,108413,Will,Hughes,2645209,0,False,0,0,0,0,0,0,0,0,0,0,0,0,0,0.0,0.0,0.0,0.0,0,0,0,0,0,0.00,0.00,0.00,0.00,45,-69998,1064673,20182,90180,31
212,MID,108413,Will,Hughes,2645219,1,False,16,0,0,0,0,0,0,0,0,0,0,0,3,2.4,0.3,0.0,0.3,2,1,0,3,0,0.00,0.00,0.00,0.57,45,-96023,969611,37588,133611,31
212,MID,108413,Will,Hughes,2645229,1,False,13,0,0,0,1,0,0,0,0,0,0,0,6,5.6,15.0,0.0,2.1,1,2,1,4,0,0.00,0.04,0.04,0.55,45,-87271,888879,26618,113889,31
212,MID,108413,Will,Hughes,2645240,0,False,0,0,0,0,0,0,0,0,0,0,0,0,0,0.0,0.0,0.0,0.0,0,0,0,0,0,0.00,0.00,0.00,0.00,44,-71924,838201,29011,100935,31
213,MID,152551,Jefferson,Lerma Solís,2645197,0,False,0,0,0,0,0,0,0,0,0,0,0,0,0,0.0,0.0,0.0,0.0,0,0,0,0,0,0.00,0.00,0.00,0.00,50,0,10665,0,0,31
213,MID,152551,Jefferson,Lerma Solís,2645209,0,False,0,0,0,0,0,0,0,0,0,0,0,0,0,0.0,0.0,0.0,0.0,0,0,0,0,0,0.00,0.00,0.00,0.00,50,-1246,10302,204,1450,31
213,MID,152551,Jefferson,Lerma Solís,2645219,0,False,0,0,0,0,0,0,0,0,0,0,0,0,0,0.0,0.0,0.0,0.0,0,0,0,0,0,0.00,0.00,0.00,0.00,49,-1246,9259,496,1742,31
213,MID,152551,Jefferson,Lerma Solís,2645229,1,False,6,0,0,0,1,0,0,0,0,0,0,0,3,2.2,0.3,0.0,0.3,1,0,0,1,0,0.00,0.00,0.00,0.48,49,-806,8598,327,1133,31
213,MID,152551,Jefferson,Lerma Solís,2645240,0,False,45,0,0,0,0,0,0,0,1,0,0,0,3,15.4,0.5,11.0,2.7,6,3,2,11,0,0.26,0.00,0.26,0.77,49,-677,7985,179,856,31
214,MID,209400,Daichi,Kamada,2645197,3,False,90,0,0,0,2,0,0,0,1,0,0,0,25,20.4,29.3,0.0,5.0,3,8,3,14,1,0.00,0.27,0.27,1.12,50,0,24728,0,0,31
214,MID,209400,Daichi,Kamada,2645209,2,False,90,0,0,0,4,0,0,0,0,0,0,0,21,17.6,2.8,7.0,2.7,1,2,6,9,1,0.05,0.02,0.07,2.21,50,-1150,27191,1944,3094,31
214,MID,209400,Daichi,Kamada,2645219,5,False,88,0,1,0,2,0,0,0,0,0,0,0,21,19.6,23.2,6.0,4.9,0,4,0,4,1,0.00,0.01,0.01,3.01,50,-259,28293,4293,4552,31
214,MID,209400,Daichi,Kamada,2645229,8,False,83,0,2,0,2,0,0,0,0,0,0,0,30,36.2,21.9,2.0,6.0,0,0,1,1,1,0.00,0.05,0.05,1.20,50,11985,44888,18109,6124,31
214,MID,209400,Daichi,Kamada,2645240,3,False,90,0,0,1,0,0,0,0,0,0,0,0,12,1.8,4.0,27.0,3.3,0,9,1,10,1,0.42,0.03,0.45,1.31,50,14554,59125,22401,7847,31
215,MID,489706,Justin,Devenny,2645197,0,False,0,0,0,0,0,0,0,0,0,0,0,0,0,0.0,0.0,0.0,0.0,0,0,0,0,0,0.00,0.00,0.00,0.00,50,0,1134,0,0,31
215,MID,489706,Justin,Devenny,2645209,0,False,0,0,0,0,0,0,0,0,0,0,0,0,0,0.0,0.0,0.0,0.0,0,0,0,0,0,0.00,0.00,0.00,0.00,50,-107,1141,69,176,31
215,MID,489706,Justin,Devenny,2645219,0,False,0,0,0,0,0,0,0,0,0,0,0,0,0,0.0,0.0,0.0,0.0,0,0,0,0,0,0.00,0.00,0.00,0.00,50,-275,914,63,338,31
215,MID,489706,Justin,Devenny,2645229,0,False,0,0,0,0,0,0,0,0,0,0,0,0,0,0.0,0.0,0.0,0.0,0,0,0,0,0,0.00,0.00,0.00,0.00,50,-276,646,0,276,31
215,MID,489706,Justin,Devenny,2645240,0,False,0,0,0,0,0,0,0,0,0,0,0,0,0,0.0,0.0,0.0,0.0,0,0,0,0,0,0.00,0.00,0.00,0.00,50,-124,537,0,124,31
216,MID,606921,Romain,Esse,2645197,0,False,0,0,0,0,0,0,0,0,0,0,0,0,0,0.0,0.0,0.0,0.0,0,0,0,0,0,0.00,0.00,0.00,0.00,50,0,3728,0,0,31
216,MID,606921,Romain,Esse,2645209,0,False,0,0,0,0,0,0,0,0,0,0,0,0,0,0.0,0.0,0.0,0.0,0,0,0,0,0,0.00,0.00,0.00,0.00,50,-379,3956,211,590,31
216,MID,606921,Romain,Esse,2645219,0,False,0,0,0,0,0,0,0,0,0,0,0,0,0,0.0,0.0,0.0,0.0,0,0,0,0,0,0.00,0.00,0.00,0.00,50,-965,3105,188,1153,31
216,MID,606921,Romain,Esse,2645229,0,False,0,0,0,0,0,0,0,0,0,0,0,0,0,0.0,0.0,0.0,0.0,0,0,0,0,0,0.00,0.00,0.00,0.00,50,-963,2168,0,963,31
216,MID,606921,Romain,Esse,2645240,0,False,0,0,0,0,0,0,0,0,0,0,0,0,0,0.0,0.0,0.0,0.0,0,0,0,0,0,0.00,0.00,0.00,0.00,50,-405,1807,0,405,31
217,MID,536694,Matheus,França de Oliveira,2645197,0,False,0,0,0,0,0,0,0,0,0,0,0,0,0,0.0,0.0,0.0,0.0,0,0,0,0,0,0.00,0.00,0.00,0.00,50,0,3157,0,0,31
217,MID,536694,Matheus,França de Oliveira,2645209,0,False,0,0,0,0,0,0,0,0,0,0,0,0,0,0.0,0.0,0.0,0.0,0,0,0,0,0,0.00,0.00,0.00,0.00,50,-697,2546,17,714,31
217,MID,536694,Matheus,França de Oliveira,2645219,0,False,0,0,0,0,0,0,0,0,0,0,0,0,0,0.0,0.0,0.0,0.0,0,0,0,0,0,0.00,0.00,0.00,0.00,49,-173,2633,933,1106,31
217,MID,536694,Matheus,França de Oliveira,2645229,0,False,0,0,0,0,0,0,0,0,0,0,0,0,0,0.0,0.0,0.0,0.0,0,0,0,0,0,0.00,0.00,0.00,0.00,49,-730,1885,57,787,31
217,MID,536694,Matheus,França de Oliveira,2645240,0,False,0,0,0,0,0,0,0,0,0,0,0,0,0,0.0,0.0,0.0,0.0,0,0,0,0,0,0.00,0.00,0.00,0.00,49,-675,1249,0,675,31
218,MID,438464,Cheick,Doucouré,2645197,0,False,0,0,0,0,0,0,0,0,0,0,0,0,0,0.0,0.0,0.0,0.0,0,0,0,0,0,0.00,0.00,0.00,0.00,50,0,6199,0,0,31
218,MID,438464,Cheick,Doucouré,2645209,0,False,0,0,0,0,0,0,0,0,0,0,0,0,0,0.0,0.0,0.0,0.0,0,0,0,0,0,0.00,0.00,0.00,0.00,50,-811,6115,248,1059,31
218,MID,438464,Cheick,Doucouré,2645219,0,False,0,0,0,0,0,0,0,0,0,0,0,0,0,0.0,0.0,0.0,0.0,0,0,0,0,0,0.00,0.00,0.00,0.00,49,-336,6155,984,1320,31
218,MID,438464,Cheick,Doucouré,2645229,0,False,0,0,0,0,0,0,0,0,0,0,0,0,0,0.0,0.0,0.0,0.0,0,0,0,0,0,0.00,0.00,0.00,0.00,49,-468,5759,470,938,31
218,MID,438464,Cheick,Doucouré,2645240,0,False,0,0,0,0,0,0,0,0,0,0,0,0,0,0.0,0.0,0.0,0.0,0,0,0,0,0,0.00,0.00,0.00,0.00,49,-576,5232,272,848,31
219,MID,450542,Jesurun,Rak-Sakyi,2645197,0,False,0,0,0,0,0,0,0,0,0,0,0,0,0,0.0,0.0,0.0,0.0,0,0,0,0,0,0.00,0.00,0.00,0.00,50,0,550,0,0,31
219,MID,450542,Jesurun,Rak-Sakyi,2645209,0,False,0,0,0,0,0,0,0,0,0,0,0,0,0,0.0,0.0,0.0,0.0,0,0,0,0,0,0.00,0.00,0.00,0.00,50,-51,578,39,90,31
219,MID,450542,Jesurun,Rak-Sakyi,2645219,0,False,0,0,0,0,0,0,0,0,0,0,0,0,0,0.0,0.0,0.0,0.0,0,0,0,0,0,0.00,0.00,0.00,0.00,50,-60,553,51,111,31
219,MID,450542,Jesurun,Rak-Sakyi,2645229,0,False,0,0,0,0,0,0,0,0,0,0,0,0,0,0.0,0.0,0.0,0.0,0,0,0,0,0,0.00,0.00,0.00,0.00,49,-85,492,55,140,31
219,MID,450542,Jesurun,Rak-Sakyi,2645240,0,False,0,0,0,0,0,0,0,0,0,0,0,0,0,0.0,0.0,0.0,0.0,0,0,0,0,0,0.00,0.00,0.00,0.00,49,-101,390,0,101,31
220,DEF,590014,Rio,Cardines,2645197,0,False,0,0,0,0,0,0,0,0,0,0,0,0,0,0.0,0.0,0.0,0.0,0,0,0,0,0,0.00,0.00,0.00,0.00,45,0,255,0,0,31
220,DEF,590014,Rio,Cardines,2645209,0,False,0,0,0,0,0,0,0,0,0,0,0,0,0,0.0,0.0,0.0,0.0,0,0,0,0,0,0.00,0.00,0.00,0.00,45,-65,187,0,65,31
220,DEF,590014,Rio,Cardines,2645219,0,False,0,0,0,0,0,0,0,0,0,0,0,0,0,0.0,0.0,0.0,0.0,0,0,0,0,0,0.00,0.00,0.00,0.00,45,-39,151,0,39,31
220,DEF,590014,Rio,Cardines,2645229,0,False,0,0,0,0,0,0,0,0,0,0,0,0,0,0.0,0.0,0.0,0.0,0,0,0,0,0,0.00,0.00,0.00,0.00,45,-13,138,0,13,31
220,DEF,590014,Rio,Cardines,2645240,0,False,0,0,0,0,0,0,0,0,0,0,0,0,0,0.0,0.0,0.0,0.0,0,0,0,0,0,0.00,0.00,0.00,0.00,45,-8,132,0,8,31
221,MID,672492,Joél,Drakes-Thomas,2645197,0,False,0,0,0,0,0,0,0,0,0,0,0,0,0,0.0,0.0,0.0,0.0,0,0,0,0,0,0.00,0.00,0.00,0.00,45,0,8076,0,0,31
221,MID,672492,Joél,Drakes-Thomas,2645209,0,False,0,0,0,0,0,0,0,0,0,0,0,0,0,0.0,0.0,0.0,0.0,0,0,0,0,0,0.00,0.00,0.00,0.00,45,-589,8204,399,988,31
221,MID,672492,Joél,Drakes-Thomas,2645219,0,False,0,0,0,0,0,0,0,0,0,0,0,0,0,0.0,0.0,0.0,0.0,0,0,0,0,0,0.00,0.00,0.00,0.00,45,-252,8457,939,1191,31
221,MID,672492,Joél,Drakes-Thomas,2645229,0,False,0,0,0,0,0,0,0,0,0,0,0,0,0,0.0,0.0,0.0,0.0,0,0,0,0,0,0.00,0.00,0.00,0.00,45,-226,8428,850,1076,31
221,MID,672492,Joél,Drakes-Thomas,2645240,0,False,0,0,0,0,0,0,0,0,0,0,0,0,0,0.0,0.0,0.0,0.0,0,0,0,0,0,0.00,0.00,0.00,0.00,45,-630,7788,360,990,31
222,FWD,247412,Jørgen,Strand Larsen,2645197,1,False,27,0,0,0,0,0,0,0,0,0,0,0,3,1.0,3.5,17.0,2.2,0,0,0,0,0,0.25,0.01,0.26,0.14,60,0,50940,0,0,31
222,FWD,247412,Jørgen,Strand Larsen,2645209,2,False,62,0,0,0,3,0,0,0,0,0,0,0,13,5.2,0.3,4.0,1.0,2,1,1,4,1,0.05,0.00,0.05,2.01,60,-6261,50504,1510,7771,31
222,FWD,247412,Jørgen,Strand Larsen,2645219,1,False,45,0,0,0,0,0,0,0,0,0,0,0,4,2.4,0.8,0.0,0.3,1,3,0,4,0,0.00,0.00,0.00,1.54,60,-981,51335,7524,8505,31
222,FWD,247412,Jørgen,Strand Larsen,2645229,8,False,83,1,0,0,2,0,0,0,0,0,0,2,39,40.8,12.8,31.0,8.5,0,1,1,2,1,0.09,0.02,0.11,1.20,60,11360,71789,21000,9640,31
222,FWD,247412,Jørgen,Strand Larsen,2645240,2,False,81,0,0,1,0,0,0,0,0,0,0,0,10,13.2,15.1,13.0,4.1,3,0,0,3,1,0.04,0.17,0.21,1.26,60,4053,69381,15191,11138,31
223,FWD,231747,Jean-Philippe,Mateta,2645197,2,False,62,0,0,0,2,0,0,0,0,0,0,0,-3,1.4,12.3,11.0,2.5,1,2,2,5,1,0.70,0.02,0.72,0.98,65,0,504100,0,0,31
223,FWD,231747,Jean-Philippe,Mateta,2645209,0,False,0,0,0,0,0,0,0,0,0,0,0,0,0,0.0,0.0,0.0,0.0,0,0,0,0,0,0.00,0.00,0.00,0.00,65,-48482,510630,23951,72433,31
223,FWD,231747,Jean-Philippe,Mateta,2645219,0,False,0,0,0,0,0,0,0,0,0,0,0,0,0,0.0,0.0,0.0,0.0,0,0,0,0,0,0.00,0.00,0.00,0.00,64,-269301,236661,1227,270528,31
223,FWD,231747,Jean-Philippe,Mateta,2645229,0,False,0,0,0,0,0,0,0,0,0,0,0,0,0,0.0,0.0,0.0,0.0,0,0,0,0,0,0.00,0.00,0.00,0.00,64,-72649,175573,343,72992,31
223,FWD,231747,Jean-Philippe,Mateta,2645240,0,False,0,0,0,0,0,0,0,0,0,0,0,0,0,0.0,0.0,0.0,0.0,0,0,0,0,0,0.00,0.00,0.00,0.00,63,-29302,148086,232,29534,31
224,FWD,205533,Eddie,Nketiah,2645197,1,False,55,0,0,0,2,0,0,0,0,0,0,0,12,10.4,24.5,23.0,5.8,1,1,1,3,1,0.60,0.58,1.18,0.84,55,0,43148,0,0,31
224,FWD,205533,Eddie,Nketiah,2645209,2,False,67,0,0,0,3,0,0,0,0,0,0,0,8,2.6,10.6,8.0,2.1,1,3,2,6,1,0.36,0.00,0.36,2.01,55,-2517,47953,3263,5780,31
224,FWD,205533,Eddie,Nketiah,2645219,4,False,45,0,1,0,2,0,0,0,0,0,0,0,16,21.2,10.7,19.0,5.1,0,1,1,2,1,0.14,0.00,0.14,1.60,55,3590,55843,11874,8284,31
224,FWD,205533,Eddie,Nketiah,2645229,0,False,0,0,0,0,0,0,0,0,0,0,0,0,0,0.0,0.0,0.0,0.0,0,0,0,0,0,0.00,0.00,0.00,0.00,55,20214,81943,29818,9604,31
224,FWD,205533,Eddie,Nketiah,2645240,1,False,8,0,0,0,0,0,0,0,0,0,0,0,2,0.0,0.6,0.0,0.0,0,1,0,1,0,0.00,0.02,0.02,0.06,55,-21953,55856,1026,22979,31
225,FWD,660392,Christantus,Uche,2645197,0,False,0,0,0,0,0,0,0,0,0,0,0,0,0,0.0,0.0,0.0,0.0,0,0,0,0,0,0.00,0.00,0.00,0.00,50,0,0,0,0,31
225,FWD,660392,Christantus,Uche,2645209,0,False,0,0,0,0,0,0,0,0,0,0,0,0,0,0.0,0.0,0.0,0.0,0,0,0,0,0,0.00,0.00,0.00,0.00,50,0,0,0,0,31
225,FWD,660392,Christantus,Uche,2645219,0,False,0,0,0,0,0,0,0,0,0,0,0,0,0,0.0,0.0,0.0,0.0,0,0,0,0,0,0.00,0.00,0.00,0.00,50,0,0,0,0,31
225,FWD,660392,Christantus,Uche,2645229,0,False,0,0,0,0,0,0,0,0,0,0,0,0,0,0.0,0.0,0.0,0.0,0,0,0,0,0,0.00,0.00,0.00,0.00,50,0,0,0,0,31
225,FWD,660392,Christantus,Uche,2645240,0,False,0,0,0,0,0,0,0,0,0,0,0,0,0,0.0,0.0,0.0,0.0,0,0,0,0,0,0.00,0.00,0.00,0.00,50,0,0,0,0,31
241,MID,433154,Dwight,McNeil,2645197,2,False,62,0,0,0,2,0,0,0,0,0,0,0,11,9.6,4.7,2.0,1.6,3,2,0,5,1,0.05,0.02,0.07,0.98,55,0,15735,0,0,31
241,MID,433154,Dwight,McNeil,2645209,1,False,22,0,0,0,1,0,0,0,0,0,0,0,2,0.4,0.3,0.0,0.1,1,1,0,2,0,0.00,0.00,0.00,0.20,55,-1356,16698,472,1828,31
241,MID,433154,Dwight,McNeil,2645219,0,False,0,0,0,0,0,0,0,0,0,0,0,0,0,0.0,0.0,0.0,0.0,0,0,0,0,0,0.00,0.00,0.00,0.00,55,-1942,14863,540,2482,31
241,MID,433154,Dwight,McNeil,2645229,0,False,0,0,0,0,0,0,0,0,0,0,0,0,0,0.0,0.0,0.0,0.0,0,0,0,0,0,0.00,0.00,0.00,0.00,54,-1350,13782,510,1860,31
241,MID,433154,Dwight,McNeil,2645240,0,False,0,0,0,0,0,0,0,0,0,0,0,0,0,0.0,0.0,0.0,0.0,0,0,0,0,0,0.00,0.00,0.00,0.00,54,-1374,12442,185,1559,31
555,GKP,169593,Remi,Matthews,2645197,0,False,0,0,0,0,0,0,0,0,0,0,0,0,0,0.0,0.0,0.0,0.0,0,0,0,0,0,0.00,0.00,0.00,0.00,40,0,156141,0,0,31
555,GKP,169593,Remi,Matthews,2645209,0,False,0,0,0,0,0,0,0,0,0,0,0,0,0,0.0,0.0,0.0,0.0,0,0,0,0,0,0.00,0.00,0.00,0.00,40,-290,183203,5945,6235,31
555,GKP,169593,Remi,Matthews,2645219,0,False,0,0,0,0,0,0,0,0,0,0,0,0,0,0.0,0.0,0.0,0.0,0,0,0,0,0,0.00,0.00,0.00,0.00,40,-1097,188559,7566,8663,31
555,GKP,169593,Remi,Matthews,2645229,0,False,0,0,0,0,0,0,0,0,0,0,0,0,0,0.0,0.0,0.0,0.0,0,0,0,0,0,0.00,0.00,0.00,0.00,40,-2537,187175,5212,7749,31
555,GKP,169593,Remi,Matthews,2645240,0,False,0,0,0,0,0,0,0,0,0,0,0,0,0,0.0,0.0,0.0,0.0,0,0,0,0,0,0.00,0.00,0.00,0.00,40,-2332,185661,3461,5793,31
577,DEF,223723,Takehiro,Tomiyasu,2645197,1,False,18,0,0,0,0,0,0,0,0,0,0,0,3,2.4,2.4,0.0,0.5,1,1,0,1,0,0.00,0.01,0.01,0.14,45,0,31543,0,0,31
577,DEF,223723,Takehiro,Tomiyasu,2645209,1,False,73,0,0,0,3,0,0,0,0,0,0,0,-3,12.6,1.3,2.0,1.6,7,3,1,8,1,0.00,0.00,0.00,2.01,45,-1838,34647,829,2667,31
577,DEF,223723,Takehiro,Tomiyasu,2645219,0,False,0,0,0,0,0,0,0,0,0,0,0,0,0,0.0,0.0,0.0,0.0,0,0,0,0,0,0.00,0.00,0.00,0.00,45,-2052,33461,1378,3430,31
577,DEF,223723,Takehiro,Tomiyasu,2645229,0,False,53,0,0,0,2,0,0,0,0,0,0,0,6,10.2,1.3,4.0,1.6,4,3,1,5,0,0.00,0.01,0.01,1.29,45,-2574,31339,625,3199,31
577,DEF,223723,Takehiro,Tomiyasu,2645240,1,False,45,0,0,0,0,0,0,0,0,0,0,0,4,10.6,10.6,2.0,2.3,3,0,0,3,1,0.00,0.01,0.01,0.54,44,-2327,29233,497,2824,31
588,DEF,570794,Anan,Khalaili,2645197,1,False,35,0,0,0,0,0,0,0,0,0,0,0,12,24.0,26.5,4.0,5.5,5,3,4,9,0,0.00,0.16,0.16,0.27,50,0,8418,0,0,31
588,DEF,570794,Anan,Khalaili,2645209,2,False,74,0,0,0,3,0,0,0,1,0,0,0,9,26.4,1.5,3.0,3.1,4,5,10,14,1,0.02,0.00,0.02,2.01,50,-365,10199,462,827,31
588,DEF,570794,Anan,Khalaili,2645219,3,False,90,0,0,0,2,0,0,0,0,0,0,0,6,21.6,2.3,8.0,3.2,7,3,3,10,1,0.72,0.01,0.73,3.14,50,2499,13924,4048,1549,31
588,DEF,570794,Anan,Khalaili,2645229,7,False,90,1,0,0,3,0,0,0,0,0,0,0,4,40.4,16.0,31.0,8.7,3,4,2,5,1,0.22,0.14,0.36,1.68,50,17022,41054,22369,5347,31
588,DEF,570794,Anan,Khalaili,2645240,6,False,90,0,0,1,0,0,0,0,0,0,0,0,23,15.8,2.5,2.0,2.0,4,11,2,6,1,0.00,0.02,0.02,1.31,50,-717,31883,5814,6531,31
595,MID,559152,Zavier,Gozo,2645197,0,False,0,0,0,0,0,0,0,0,0,0,0,0,0,0.0,0.0,0.0,0.0,0,0,0,0,0,0.00,0.00,0.00,0.00,50,0,1214,0,0,31
595,MID,559152,Zavier,Gozo,2645209,1,False,22,0,0,0,1,0,0,0,0,0,0,0,3,1.4,1.3,0.0,0.3,0,0,1,1,0,0.00,0.00,0.00,0.20,50,-72,1414,101,173,31
595,MID,559152,Zavier,Gozo,2645219,0,False,0,0,0,0,0,0,0,0,0,0,0,0,0,0.0,0.0,0.0,0.0,0,0,0,0,0,0.00,0.00,0.00,0.00,50,-66,1444,158,224,31
595,MID,559152,Zavier,Gozo,2645229,1,False,6,0,0,0,1,0,0,0,0,0,0,0,3,0.0,0.3,0.0,0.0,0,0,0,0,0,0.00,0.00,0.00,0.48,50,-88,1406,110,198,31
595,MID,559152,Zavier,Gozo,2645240,0,False,0,0,0,0,0,0,0,0,0,0,0,0,0,0.0,0.0,0.0,0.0,0,0,0,0,0,0.00,0.00,0.00,0.00,50,-117,1330,81,198,31
633,DEF,605972,Honest,Ahanor,2645219,0,False,0,0,0,0,0,0,0,0,0,0,0,0,0,0.0,0.0,0.0,0.0,0,0,0,0,0,0.00,0.00,0.00,0.00,45,185,296,217,32,31
633,DEF,605972,Honest,Ahanor,2645229,3,False,90,0,0,0,3,0,0,0,0,0,0,0,10,24.6,11.9,4.0,4.1,9,4,2,11,1,0.00,0.01,0.01,1.68,45,668,1153,848,180,31
633,DEF,605972,Honest,Ahanor,2645240,0,False,0,0,0,0,0,0,0,0,0,0,0,0,0,0.0,0.0,0.0,0.0,0,0,0,0,0,0.00,0.00,0.00,0.00,45,470,1692,710,240,31
643,DEF,172850,Ben,Chilwell,2645219,7,False,16,1,0,0,0,0,0,0,0,0,0,0,20,33.2,0.7,17.0,5.1,0,0,0,0,0,0.15,0.00,0.15,0.57,45,679,984,763,84,31
643,DEF,172850,Ben,Chilwell,2645229,1,False,13,0,0,0,1,0,0,0,0,0,0,0,1,0.2,3.5,4.0,0.8,1,0,0,1,0,0.12,0.01,0.13,0.55,45,32853,62478,38522,5669,31
643,DEF,172850,Ben,Chilwell,2645240,0,False,0,0,0,0,0,0,0,0,0,0,0,0,0,0.0,0.0,0.0,0.0,0,0,0,0,0,0.00,0.00,0.00,0.00,45,-6188,50011,3269,9457,31
644,MID,450063,Quinten,Timber,2645219,2,False,73,0,0,0,2,0,0,0,0,0,0,0,8,4.2,0.2,1.0,0.5,2,3,1,6,1,0.02,0.00,0.02,2.57,50,556,782,656,100,31
644,MID,450063,Quinten,Timber,2645229,4,False,90,0,0,0,3,0,0,0,0,0,0,0,24,25.2,4.9,27.0,5.7,2,6,8,16,1,0.10,0.03,0.13,1.68,50,1293,2570,1757,464,31
644,MID,450063,Quinten,Timber,2645240,3,False,90,0,0,1,0,0,0,0,0,0,0,0,13,8.4,24.0,6.0,3.8,2,1,2,5,1,0.12,0.03,0.15,1.31,50,782,3505,1410,628,31
647,MID,533646,Darío,Osorio,2645219,1,False,1,0,0,0,0,0,0,0,0,0,0,0,2,2.0,0.3,0.0,0.2,0,0,1,1,0,0.00,0.00,0.00,0.13,55,411,535,461,50,31
647,MID,533646,Darío,Osorio,2645229,0,False,0,0,0,0,0,0,0,0,0,0,0,0,0,0.0,0.0,0.0,0.0,0,0,0,0,0,0.00,0.00,0.00,0.00,55,263,903,378,115,31
647,MID,533646,Darío,Osorio,2645240,0,False,0,0,0,0,0,0,0,0,0,0,0,0,0,0.0,0.0,0.0,0.0,0,0,0,0,0,0.00,0.00,0.00,0.00,55,-91,833,80,171,31
21,MID,128295,Christian,Nørgaard,2645197,0,False,0,0,0,0,0,0,0,0,0,0,0,0,0,0.0,0.0,0.0,0.0,0,0,0,0,0,0.00,0.00,0.00,0.00,50,0,10920,0,0,11
21,MID,128295,Christian,Nørgaard,2645205,0,False,0,0,0,0,0,0,0,0,0,0,0,0,0,0.0,0.0,0.0,0.0,0,0,0,0,0,0.00,0.00,0.00,0.00,50,-2764,8315,102,2866,11
21,MID,128295,Christian,Nørgaard,2645218,0,False,0,0,0,0,0,0,0,0,0,0,0,0,0,0.0,0.0,0.0,0.0,0,0,0,0,0,0.00,0.00,0.00,0.00,49,-1962,6444,209,2171,11
21,MID,128295,Christian,Nørgaard,2645234,0,False,0,0,0,0,0,0,0,0,0,0,0,0,0,0.0,0.0,0.0,0.0,0,0,0,0,0,0.00,0.00,0.00,0.00,49,-1199,5295,83,1282,11
21,MID,128295,Christian,Nørgaard,2645238,0,False,0,0,0,0,0,0,0,0,0,0,0,0,0,0.0,0.0,0.0,0.0,0,0,0,0,0,0.00,0.00,0.00,0.00,49,-737,4666,46,783,11
209,MID,242898,Brennan,Johnson,2645197,1,False,6,0,0,0,0,0,0,0,0,0,0,0,3,4.0,0.3,0.0,0.4,2,0,0,2,0,0.00,0.00,0.00,0.29,60,0,15299,0,0,11
209,MID,242898,Brennan,Johnson,2645205,1,False,28,0,0,0,0,0,0,0,0,0,0,0,1,1.2,0.0,0.0,0.1,0,1,1,2,0,0.00,0.00,0.00,1.58,60,-1848,15402,732,2580,11
209,MID,242898,Brennan,Johnson,2645218,1,False,65,0,0,0,1,0,0,0,1,0,0,0,3,6.6,22.9,9.0,3.9,3,4,1,8,1,0.05,0.04,0.09,0.37,59,-2691,13119,786,3477,11
209,MID,242898,Brennan,Johnson,2645234,3,False,74,0,0,1,0,0,0,0,0,0,0,0,13,11.2,29.0,6.0,4.6,2,2,2,6,1,0.16,0.18,0.34,0.43,59,-1128,12460,1069,2197,11
209,MID,242898,Brennan,Johnson,2645238,3,False,65,0,0,1,0,0,0,0,0,0,0,0,6,0.0,0.6,10.0,1.0,1,4,3,8,1,0.82,0.00,0.82,1.06,59,847,13882,2308,1461,11
226,GKP,111234,Jordan,Pickford,2645197,7,False,90,0,0,1,0,0,0,0,0,0,4,0,34,31.8,0.0,0.0,3.2,0,12,0,0,1,0.00,0.02,0.02,1.96,55,0,698199,0,0,11
226,GKP,111234,Jordan,Pickford,2645205,3,False,90,0,0,0,1,0,0,0,0,0,4,0,22,31.6,0.0,0.0,3.2,4,11,0,0,1,0.00,0.00,0.00,2.16,55,35349,878157,63539,28190,11
226,GKP,111234,Jordan,Pickford,2645218,1,False,90,0,0,0,2,0,0,0,0,0,1,0,6,9.2,0.0,0.0,0.9,0,12,0,0,1,0.00,0.00,0.00,0.69,55,-25446,890933,56478,81924,11
226,GKP,111234,Jordan,Pickford,2645234,6,False,90,0,0,1,0,0,0,0,0,0,2,0,25,11.6,0.0,0.0,1.2,2,11,0,0,1,0.00,0.00,0.00,0.69,55,792,922558,69771,68979,11
226,GKP,111234,Jordan,Pickford,2645238,8,False,90,0,0,1,0,0,0,0,0,0,4,1,34,35.0,0.0,0.0,3.5,1,7,0,0,1,0.00,0.00,0.00,1.44,55,36703,1016911,77729,41026,11
227,GKP,229600,Mark,Travers,2645197,0,False,0,0,0,0,0,0,0,0,0,0,0,0,0,0.0,0.0,0.0,0.0,0,0,0,0,0,0.00,0.00,0.00,0.00,50,0,3019,0,0,11
227,GKP,229600,Mark,Travers,2645205,0,False,0,0,0,0,0,0,0,0,0,0,0,0,0,0.0,0.0,0.0,0.0,0,0,0,0,0,0.00,0.00,0.00,0.00,50,-113,3593,290,403,11
227,GKP,229600,Mark,Travers,2645218,0,False,0,0,0,0,0,0,0,0,0,0,0,0,0,0.0,0.0,0.0,0.0,0,0,0,0,0,0.00,0.00,0.00,0.00,50,-276,3563,282,558,11
227,GKP,229600,Mark,Travers,2645234,0,False,0,0,0,0,0,0,0,0,0,0,0,0,0,0.0,0.0,0.0,0.0,0,0,0,0,0,0.00,0.00,0.00,0.00,50,-29,3798,410,439,11
227,GKP,229600,Mark,Travers,2645238,0,False,0,0,0,0,0,0,0,0,0,0,0,0,0,0.0,0.0,0.0,0.0,0,0,0,0,0,0.00,0.00,0.00,0.00,50,114,4152,576,462,11
228,GKP,138001,Tom,King,2645197,0,False,0,0,0,0,0,0,0,0,0,0,0,0,0,0.0,0.0,0.0,0.0,0,0,0,0,0,0.00,0.00,0.00,0.00,45,0,3498,0,0,11
228,GKP,138001,Tom,King,2645205,0,False,0,0,0,0,0,0,0,0,0,0,0,0,0,0.0,0.0,0.0,0.0,0,0,0,0,0,0.00,0.00,0.00,0.00,45,-136,4235,243,379,11
228,GKP,138001,Tom,King,2645218,0,False,0,0,0,0,0,0,0,0,0,0,0,0,0,0.0,0.0,0.0,0.0,0,0,0,0,0,0.00,0.00,0.00,0.00,45,-211,4408,303,514,11
228,GKP,138001,Tom,King,2645234,0,False,0,0,0,0,0,0,0,0,0,0,0,0,0,0.0,0.0,0.0,0.0,0,0,0,0,0,0.00,0.00,0.00,0.00,45,-100,4562,278,378,11
228,GKP,138001,Tom,King,2645238,0,False,0,0,0,0,0,0,0,0,0,0,0,0,0,0.0,0.0,0.0,0.0,0,0,0,0,0,0.00,0.00,0.00,0.00,45,-53,4710,243,296,11
229,DEF,17761,James,Tarkowski,2645197,6,False,90,0,0,1,0,0,0,0,0,0,0,0,25,15.2,0.8,4.0,2.0,8,4,1,9,1,0.05,0.00,0.05,1.96,60,0,765229,0,0,11
229,DEF,17761,James,Tarkowski,2645205,12,False,90,1,0,0,1,0,0,0,0,0,0,2,27,54.8,11.3,19.0,8.5,9,3,1,10,1,0.10,0.01,0.11,2.16,60,5670,861719,42736,37066,11
229,DEF,17761,James,Tarkowski,2645218,3,False,90,0,0,0,2,0,0,0,0,0,0,0,11,24.4,1.0,6.0,3.1,9,3,3,12,1,0.02,0.01,0.03,0.69,60,126081,1115834,211638,85557,11
229,DEF,17761,James,Tarkowski,2645234,8,False,90,0,0,1,0,0,0,0,0,0,0,2,32,19.2,1.8,0.0,2.1,3,3,5,8,1,0.00,0.01,0.01,0.69,60,71807,1237976,163569,91762,11
229,DEF,17761,James,Tarkowski,2645238,14,False,90,0,1,1,0,0,0,0,0,0,0,3,43,36.0,10.7,1.0,4.8,11,5,1,12,1,0.01,0.01,0.02,1.44,61,243664,1610335,292865,49201,11
230,DEF,480455,Jarrad,Branthwaite,2645197,6,False,90,0,0,1,0,0,0,0,0,0,0,0,27,18.6,0.8,6.0,2.5,6,2,2,8,1,0.00,0.01,0.01,1.96,55,0,141420,0,0,11
230,DEF,480455,Jarrad,Branthwaite,2645205,4,False,90,0,0,0,1,0,0,0,0,0,0,0,6,22.6,1.5,33.0,5.7,11,3,1,12,1,0.09,0.01,0.10,2.16,55,10185,183710,19103,8918,11
230,DEF,480455,Jarrad,Branthwaite,2645218,3,False,90,0,0,0,2,0,0,0,0,0,0,0,10,41.6,0.6,34.0,7.6,10,4,1,11,1,0.08,0.00,0.08,0.69,55,-5884,182675,15501,21385,11
230,DEF,480455,Jarrad,Branthwaite,2645234,6,False,90,0,0,1,0,0,0,0,0,0,0,0,27,30.0,3.4,0.0,3.3,8,2,1,9,1,0.00,0.00,0.00,0.69,55,14503,206240,35472,20969,11
230,DEF,480455,Jarrad,Branthwaite,2645238,8,False,90,0,0,1,0,0,0,0,0,0,0,0,27,32.6,0.9,0.0,3.4,14,3,0,14,1,0.00,0.00,0.00,1.44,55,36903,255437,50096,13193,11
231,DEF,106611,Michael,Keane,2645197,0,False,0,0,0,0,0,0,0,0,0,0,0,0,0,0.0,0.0,0.0,0.0,0,0,0,0,0,0.00,0.00,0.00,0.00,50,0,151116,0,0,11
231,DEF,106611,Michael,Keane,2645205,0,False,0,0,0,0,0,0,0,0,0,0,0,0,0,0.0,0.0,0.0,0.0,0,0,0,0,0,0.00,0.00,0.00,0.00,50,-21625,136213,3260,24885,11
231,DEF,106611,Michael,Keane,2645218,0,False,0,0,0,0,0,0,0,0,0,0,0,0,0,0.0,0.0,0.0,0.0,0,0,0,0,0,0.00,0.00,0.00,0.00,49,-30710,105416,2294,33004,11
231,DEF,106611,Michael,Keane,2645234,0,False,0,0,0,0,0,0,0,0,0,0,0,0,0,0.0,0.0,0.0,0.0,0,0,0,0,0,0.00,0.00,0.00,0.00,49,-15433,92288,1268,16701,11
231,DEF,106611,Michael,Keane,2645238,0,False,0,0,0,0,0,0,0,0,0,0,0,0,0,0.0,0.0,0.0,0.0,0,0,0,0,0,0.00,0.00,0.00,0.00,48,-10126,83228,2083,12209,11
232,DEF,512462,Jake,O'Brien,2645197,0,False,0,0,0,0,0,0,0,0,0,0,0,0,0,0.0,0.0,0.0,0.0,0,0,0,0,0,0.00,0.00,0.00,0.00,50,0,44689,0,0,11
232,DEF,512462,Jake,O'Brien,2645205,0,False,0,0,0,0,0,0,0,0,0,0,0,0,0,0.0,0.0,0.0,0.0,0,0,0,0,0,0.00,0.00,0.00,0.00,50,-6326,42208,1403,7729,11
232,DEF,512462,Jake,O'Brien,2645218,0,False,0,0,0,0,0,0,0,0,0,0,0,0,0,0.0,0.0,0.0,0.0,0,0,0,0,0,0.00,0.00,0.00,0.00,49,-7511,35192,929,8440,11
232,DEF,512462,Jake,O'Brien,2645234,1,False,15,0,0,0,0,0,0,0,0,0,0,0,2,1.0,0.0,0.0,0.1,1,1,0,1,0,0.00,0.00,0.00,0.26,49,-3863,31964,666,4529,11
232,DEF,512462,Jake,O'Brien,2645238,1,False,1,0,0,0,0,0,0,0,0,0,0,0,3,2.0,0.0,0.0,0.2,1,1,0,1,0,0.00,0.00,0.00,0.16,49,-1516,31104,1257,2773,11
233,DEF,224967,Vitalii,Mykolenko,2645197,6,False,90,0,0,1,0,0,0,0,0,0,0,0,27,12.8,13.8,2.0,2.9,4,4,0,4,1,0.00,0.05,0.05,1.96,45,0,134687,0,0,11
233,DEF,224967,Vitalii,Mykolenko,2645205,4,False,90,0,0,0,1,0,0,0,0,0,0,0,7,36.8,1.0,0.0,3.8,11,7,1,12,1,0.00,0.01,0.01,2.16,45,12714,164056,21784,9070,11
233,DEF,224967,Vitalii,Mykolenko,2645218,1,False,90,0,0,0,2,0,0,0,0,0,0,0,8,12.8,2.5,0.0,1.5,3,4,3,6,1,0.00,0.01,0.01,0.69,45,13864,178705,40120,26256,11
233,DEF,224967,Vitalii,Mykolenko,2645234,11,False,90,0,0,1,0,0,0,0,0,0,0,3,38,24.4,11.3,4.0,4.0,4,4,7,11,1,0.00,0.07,0.07,0.69,45,33677,216365,70682,37005,11
233,DEF,224967,Vitalii,Mykolenko,2645238,5,False,90,0,0,1,0,0,0,0,1,0,0,0,29,18.8,7.1,7.0,3.3,3,11,3,6,1,0.04,0.02,0.06,1.44,45,214484,463207,238606,24122,11
234,DEF,243571,Nathan,Patterson,2645197,0,False,0,0,0,0,0,0,0,0,0,0,0,0,0,0.0,0.0,0.0,0.0,0,0,0,0,0,0.00,0.00,0.00,0.00,45,0,2948,0,0,11
234,DEF,243571,Nathan,Patterson,2645205,0,False,0,0,0,0,0,0,0,0,0,0,0,0,0,0.0,0.0,0.0,0.0,0,0,0,0,0,0.00,0.00,0.00,0.00,45,-162,3302,207,369,11
234,DEF,243571,Nathan,Patterson,2645218,0,False,0,0,0,0,0,0,0,0,0,0,0,0,0,0.0,0.0,0.0,0.0,0,0,0,0,0,0.00,0.00,0.00,0.00,45,-715,2692,164,879,11
234,DEF,243571,Nathan,Patterson,2645234,0,False,0,0,0,0,0,0,0,0,0,0,0,0,0,0.0,0.0,0.0,0.0,0,0,0,0,0,0.00,0.00,0.00,0.00,45,-744,1949,0,744,11
234,DEF,243571,Nathan,Patterson,2645238,0,False,0,0,0,0,0,0,0,0,0,0,0,0,0,0.0,0.0,0.0,0.0,0,0,0,0,0,0.00,0.00,0.00,0.00,45,-321,1666,0,321,11
235,DEF,499300,Adam,Aznou,2645197,0,False,0,0,0,0,0,0,0,0,0,0,0,0,0,0.0,0.0,0.0,0.0,0,0,0,0,0,0.00,0.00,0.00,0.00,40,0,16732,0,0,11
235,DEF,499300,Adam,Aznou,2645205,0,False,0,0,0,0,0,0,0,0,0,0,0,0,0,0.0,0.0,0.0,0.0,0,0,0,0,0,0.00,0.00,0.00,0.00,40,-679,18113,1009,1688,11
235,DEF,499300,Adam,Aznou,2645218,0,False,0,0,0,0,0,0,0,0,0,0,0,0,0,0.0,0.0,0.0,0.0,0,0,0,0,0,0.00,0.00,0.00,0.00,40,-3462,14764,719,4181,11
235,DEF,499300,Adam,Aznou,2645234,0,False,0,0,0,0,0,0,0,0,0,0,0,0,0,0.0,0.0,0.0,0.0,0,0,0,0,0,0.00,0.00,0.00,0.00,40,-3078,11804,0,3078,11
235,DEF,499300,Adam,Aznou,2645238,0,False,0,0,0,0,0,0,0,0,0,0,0,0,0,0.0,0.0,0.0,0.0,0,0,0,0,0,0.00,0.00,0.00,0.00,40,-1647,10301,0,1647,11
236,MID,215413,Kiernan,Dewsbury-Hall,2645197,11,False,90,1,0,1,0,0,0,0,0,0,0,3,40,42.8,28.3,27.0,9.8,1,5,2,8,1,0.12,0.17,0.29,1.92,65,0,288693,0,0,11
236,MID,215413,Kiernan,Dewsbury-Hall,2645205,2,False,90,0,0,0,1,0,0,0,0,0,0,0,24,19.4,52.3,9.0,8.1,0,7,3,10,1,0.06,0.16,0.22,2.16,65,105696,473030,132647,26951,11
236,MID,215413,Kiernan,Dewsbury-Hall,2645218,2,False,90,0,0,0,2,0,0,0,0,0,0,0,20,24.0,30.0,33.0,8.7,2,5,4,11,1,0.27,0.07,0.34,0.69,65,-32072,440536,60861,92933,11
236,MID,215413,Kiernan,Dewsbury-Hall,2645234,2,False,90,0,0,1,0,0,0,0,1,0,0,0,16,15.0,19.0,28.0,6.2,2,4,0,6,1,0.17,0.09,0.26,0.69,65,41220,497656,141140,99920,11
236,MID,215413,Kiernan,Dewsbury-Hall,2645238,3,False,90,0,0,1,0,0,0,0,0,0,0,0,10,1.6,31.2,28.0,6.1,0,5,2,7,1,0.37,0.34,0.71,1.28,65,156556,731679,216116,59560,11
238,MID,114283,Jack,Grealish,2645202,1,False,8,0,0,0,0,0,0,0,0,0,0,0,2,1.0,0.6,0.0,0.2,0,0,1,1,0,0.00,0.00,0.00,0.00,65,0,16005,0,0,11
238,MID,114283,Jack,Grealish,2645209,0,False,0,0,0,0,0,0,0,0,0,0,0,0,0,0.0,0.0,0.0,0.0,0,0,0,0,0,0.00,0.00,0.00,0.00,65,-1201,21085,1202,2403,11
238,MID,114283,Jack,Grealish,2645218,1,False,24,0,0,0,1,0,0,0,0,0,0,0,8,6.0,12.3,10.0,2.8,0,0,1,1,0,0.02,0.13,0.15,0.31,65,3989,28839,9521,5532,11
238,MID,114283,Jack,Grealish,2645234,1,False,25,0,0,0,0,0,0,0,0,0,0,0,4,3.4,1.2,2.0,0.7,2,1,1,4,0,0.00,0.01,0.01,0.30,65,9697,42527,16008,6311,11
238,MID,114283,Jack,Grealish,2645238,3,False,78,0,0,1,0,0,0,0,0,0,0,0,22,11.2,57.6,8.0,7.7,0,7,0,7,1,0.00,0.30,0.30,1.06,65,4275,48806,10313,6038,11
239,MID,232928,James,Garner,2645197,1,False,11,0,0,0,0,0,0,0,0,0,0,0,6,4.8,11.8,2.0,1.9,0,0,1,1,0,0.00,0.03,0.03,0.34,60,0,11659,0,0,11
239,MID,232928,James,Garner,2645205,1,False,61,0,0,0,1,0,0,0,1,0,0,0,9,3.4,1.1,0.0,0.5,0,7,3,10,1,0.00,0.00,0.00,0.58,60,-116,13621,1533,1649,11
239,MID,232928,James,Garner,2645218,2,False,76,0,0,0,1,0,0,0,0,0,0,0,19,9.6,31.1,0.0,4.1,2,5,1,8,1,0.00,0.08,0.08,0.40,60,-336,14095,2988,3324,11
239,MID,232928,James,Garner,2645234,4,False,90,0,0,1,0,0,0,0,1,0,0,0,23,23.6,5.1,7.0,3.6,3,8,6,17,1,0.04,0.02,0.06,0.69,60,-1024,13037,2679,3703,11
239,MID,232928,James,Garner,2645238,3,False,90,0,0,1,0,0,0,0,0,0,0,0,14,10.0,19.2,4.0,3.3,4,5,0,9,1,0.16,0.04,0.20,1.44,60,9028,25087,12252,3224,11
242,MID,550615,Tyrique,George,2645197,3,False,83,0,0,1,0,0,0,0,0,0,0,0,13,7.0,23.4,25.0,5.5,3,4,0,7,1,0.18,0.08,0.26,1.67,55,0,24527,0,0,11
242,MID,550615,Tyrique,George,2645205,2,False,61,0,0,0,1,0,0,0,0,0,0,0,12,6.0,12.2,16.0,3.4,0,1,1,2,1,0.05,0.01,0.06,0.58,55,-209,28043,2273,2482,11
242,MID,550615,Tyrique,George,2645218,10,False,90,1,0,0,2,0,0,0,0,0,0,3,35,44.2,34.4,25.0,10.4,1,3,0,4,1,0.04,0.07,0.11,0.69,55,-3040,25310,1760,4800,11
242,MID,550615,Tyrique,George,2645234,3,False,64,0,0,1,0,0,0,0,0,0,0,0,13,6.4,15.4,5.0,2.7,1,2,0,3,1,0.05,0.15,0.20,0.39,55,36647,67366,50072,13425,11
242,MID,550615,Tyrique,George,2645238,1,False,11,0,0,0,0,0,0,0,0,0,0,0,4,0.4,0.8,4.0,0.5,0,2,0,2,0,0.03,0.01,0.04,0.38,55,39603,111866,50560,10957,11
243,MID,502697,Carlos,Alcaraz Durán,2645197,1,False,1,0,0,0,0,0,0,0,0,0,0,0,7,5.0,0.3,17.0,2.2,0,2,1,3,0,0.02,0.00,0.02,0.04,50,0,8329,0,0,11
243,MID,502697,Carlos,Alcaraz Durán,2645205,0,False,4,0,0,0,0,0,0,0,1,0,0,0,-2,0.0,0.5,8.0,0.5,0,0,0,0,0,0.03,0.02,0.05,0.00,50,-385,9333,753,1138,11
243,MID,502697,Carlos,Alcaraz Durán,2645218,0,False,0,0,0,0,0,0,0,0,0,0,0,0,0,0.0,0.0,0.0,0.0,0,0,0,0,0,0.00,0.00,0.00,0.00,50,-1124,8638,815,1939,11
243,MID,502697,Carlos,Alcaraz Durán,2645234,0,False,0,0,0,0,0,0,0,0,0,0,0,0,0,0.0,0.0,0.0,0.0,0,0,0,0,0,0.00,0.00,0.00,0.00,49,-731,8215,594,1325,11
243,MID,502697,Carlos,Alcaraz Durán,2645238,0,False,0,0,0,0,0,0,0,0,0,0,0,0,0,0.0,0.0,0.0,0.0,0,0,0,0,0,0.00,0.00,0.00,0.00,49,-492,7950,539,1031,11
244,MID,609873,Harrison,Armstrong,2645197,8,False,90,0,1,1,0,0,0,0,0,0,0,0,25,28.8,14.7,4.0,4.8,3,11,2,16,1,0.00,0.04,0.04,1.96,50,0,6793,0,0,11
244,MID,609873,Harrison,Armstrong,2645205,2,False,86,0,0,0,1,0,0,0,0,0,0,0,12,11.2,12.3,0.0,2.4,3,3,3,9,1,0.00,0.03,0.03,2.16,50,10319,24656,12786,2467,11
244,MID,609873,Harrison,Armstrong,2645218,1,False,90,0,0,0,2,0,0,0,1,0,0,0,5,5.2,6.7,9.0,2.1,3,1,1,5,1,0.09,0.03,0.12,0.69,50,12190,41659,21368,9178,11
244,MID,609873,Harrison,Armstrong,2645234,3,False,90,0,0,1,0,0,0,0,0,0,0,0,6,12.4,4.5,2.0,1.9,3,2,0,5,1,0.00,0.02,0.02,0.69,50,4105,46365,12956,8851,11
244,MID,609873,Harrison,Armstrong,2645238,2,False,90,0,0,1,0,0,0,0,1,0,0,0,13,5.0,26.3,4.0,3.5,1,2,2,5,1,0.12,0.37,0.49,1.44,50,-2908,43182,5950,8858,11
245,MID,496661,Tyler,Dibling,2645197,0,False,0,0,0,0,0,0,0,0,0,0,0,0,0,0.0,0.0,0.0,0.0,0,0,0,0,0,0.00,0.00,0.00,0.00,55,0,3592,0,0,11
245,MID,496661,Tyler,Dibling,2645205,0,False,0,0,0,0,0,0,0,0,0,0,0,0,0,0.0,0.0,0.0,0.0,0,0,0,0,0,0.00,0.00,0.00,0.00,55,-550,3529,201,751,11
245,MID,496661,Tyler,Dibling,2645218,0,False,0,0,0,0,0,0,0,0,0,0,0,0,0,0.0,0.0,0.0,0.0,0,0,0,0,0,0.00,0.00,0.00,0.00,54,-512,3219,356,868,11
245,MID,496661,Tyler,Dibling,2645234,0,False,0,0,0,0,0,0,0,0,0,0,0,0,0,0.0,0.0,0.0,0.0,0,0,0,0,0,0.00,0.00,0.00,0.00,54,-295,3002,210,505,11
245,MID,496661,Tyler,Dibling,2645238,1,False,24,0,0,0,0,0,0,0,0,0,0,0,10,7.2,24.4,26.0,5.8,0,0,0,0,0,0.17,0.16,0.33,0.38,54,-87,3032,288,375,11
246,MID,513466,Merlin,Röhl,2645197,3,False,90,0,0,1,0,0,0,0,0,0,0,0,12,13.8,13.0,2.0,2.9,2,5,2,9,1,0.00,0.06,0.06,1.96,50,0,5179,0,0,11
246,MID,513466,Merlin,Röhl,2645205,2,False,85,0,0,0,1,0,0,0,0,0,0,0,13,8.4,2.3,0.0,1.1,2,4,3,9,1,0.00,0.01,0.01,2.16,50,-118,5759,518,636,11
246,MID,513466,Merlin,Röhl,2645218,1,False,74,0,0,0,1,0,0,0,1,0,0,0,10,4.4,16.8,0.0,2.1,2,4,0,6,1,0.00,0.13,0.13,0.40,50,-587,5345,580,1167,11
246,MID,513466,Merlin,Röhl,2645234,0,False,0,0,0,0,0,0,0,0,0,0,0,0,0,0.0,0.0,0.0,0.0,0,0,0,0,0,0.00,0.00,0.00,0.00,50,-469,5016,572,1041,11
246,MID,513466,Merlin,Röhl,2645238,0,False,0,0,0,0,0,0,0,0,0,0,0,0,0,0.0,0.0,0.0,0.0,0,0,0,0,0,0.00,0.00,0.00,0.00,49,-971,4100,285,1256,11
247,MID,244860,Hayden,Hackney,2645197,3,False,78,0,0,1,0,0,0,0,0,0,0,0,16,8.6,12.2,5.0,2.6,1,4,2,7,1,0.01,0.01,0.02,1.62,55,0,24410,0,0,11
247,MID,244860,Hayden,Hackney,2645205,1,False,28,0,0,0,0,0,0,0,0,0,0,0,3,7.8,1.4,2.0,1.1,2,1,0,3,0,0.00,0.01,0.01,1.58,55,-2358,24628,844,3202,11
247,MID,244860,Hayden,Hackney,2645218,4,False,15,0,1,0,1,0,0,0,0,0,0,0,14,20.6,25.5,10.0,5.6,0,0,1,1,0,0.04,0.09,0.13,0.29,55,-3215,21598,499,3714,11
247,MID,244860,Hayden,Hackney,2645234,1,False,15,0,0,0,0,0,0,0,0,0,0,0,3,3.2,10.8,4.0,1.8,1,0,0,1,0,0.00,0.02,0.02,0.26,55,-480,21723,1482,1962,11
247,MID,244860,Hayden,Hackney,2645238,1,False,1,0,0,0,0,0,0,0,0,0,0,0,3,0.2,0.1,0.0,0.0,0,0,0,0,0,0.00,0.00,0.00,0.16,55,-1236,20687,726,1962,11
248,FWD,486385,Norberto Bercique,Gomes Betuncal,2645197,1,False,11,0,0,0,0,0,0,0,0,0,0,0,3,0.0,0.0,2.0,0.2,0,0,0,0,0,0.05,0.00,0.05,0.34,55,0,249740,0,0,11
248,FWD,486385,Norberto Bercique,Gomes Betuncal,2645205,1,False,20,0,0,0,0,0,0,0,0,0,0,0,2,3.0,0.3,3.0,0.6,1,0,0,1,0,0.04,0.00,0.04,1.58,55,-35102,227543,7709,42811,11
248,FWD,486385,Norberto Bercique,Gomes Betuncal,2645218,0,False,0,0,0,0,0,0,0,0,0,0,0,0,0,0.0,0.0,0.0,0.0,0,0,0,0,0,0.00,0.00,0.00,0.00,54,-73618,153951,8513,82131,11
248,FWD,486385,Norberto Bercique,Gomes Betuncal,2645234,0,False,0,0,0,0,0,0,0,0,0,0,0,0,0,0.0,0.0,0.0,0.0,0,0,0,0,0,0.00,0.00,0.00,0.00,54,-62064,94922,0,62064,11
248,FWD,486385,Norberto Bercique,Gomes Betuncal,2645238,0,False,0,0,0,0,0,0,0,0,0,0,0,0,0,0.0,0.0,0.0,0.0,0,0,0,0,0,0.00,0.00,0.00,0.00,54,-25316,72058,0,25316,11
249,FWD,586309,Thierno,Barry,2645197,8,False,78,1,0,1,0,0,0,0,0,0,0,2,37,38.0,19.0,41.0,9.8,0,2,1,3,1,0.45,0.09,0.54,1.62,55,0,117327,0,0,11
249,FWD,586309,Thierno,Barry,2645205,2,False,69,0,0,0,1,0,0,0,0,0,0,0,6,10.0,11.7,58.0,8.0,2,1,0,3,1,1.48,0.00,1.48,0.58,55,127837,352239,150265,22428,11
249,FWD,586309,Thierno,Barry,2645218,2,False,90,0,0,0,2,0,0,0,0,0,0,0,7,0.2,15.0,24.0,3.9,0,4,0,4,1,0.38,0.02,0.40,0.69,55,104566,501671,195909,91343,11
249,FWD,586309,Thierno,Barry,2645234,2,False,90,0,0,1,0,0,0,0,0,0,0,0,5,3.2,14.0,57.0,7.4,1,1,0,2,1,0.67,0.03,0.70,0.69,56,153695,666569,273770,120075,11
249,FWD,586309,Thierno,Barry,2645238,6,False,90,1,0,1,0,0,0,0,0,0,0,0,28,34.4,12.3,27.0,7.4,2,3,0,5,1,0.52,0.01,0.53,1.44,56,177881,908127,262211,84330,11
649,DEF,154043,Ainsley,Maitland-Niles,2645218,7,False,13,1,0,0,1,0,0,0,0,0,0,0,13,33.4,0.8,7.0,4.1,0,0,0,0,0,0.03,0.00,0.03,0.29,45,431,569,559,128,11
649,DEF,154043,Ainsley,Maitland-Niles,2645234,6,False,74,0,0,1,0,0,0,0,0,0,0,0,23,10.0,12.0,1.0,2.3,3,4,2,5,1,0.03,0.14,0.17,0.43,45,14703,30581,18405,3702,11
649,DEF,154043,Ainsley,Maitland-Niles,2645238,8,False,90,0,0,1,0,0,0,0,0,0,0,2,39,23.8,26.0,0.0,5.0,5,3,3,8,1,0.00,0.11,0.11,1.28,45,48006,111542,54068,6062,11
654,MID,629068,Braiden,Graham,2645218,0,False,0,0,0,0,0,0,0,0,0,0,0,0,0,0.0,0.0,0.0,0.0,0,0,0,0,0,0.00,0.00,0.00,0.00,45,0,0,0,0,11
654,MID,629068,Braiden,Graham,2645234,0,False,0,0,0,0,0,0,0,0,0,0,0,0,0,0.0,0.0,0.0,0.0,0,0,0,0,0,0.00,0.00,0.00,0.00,45,7400,17369,9461,2061,11
654,MID,629068,Braiden,Graham,2645238,0,False,0,0,0,0,0,0,0,0,0,0,0,0,0,0.0,0.0,0.0,0.0,0,0,0,0,0,0.00,0.00,0.00,0.00,45,-659,11586,1585,2244,11
250,GKP,80201,Bernd,Leno,2645204,2,False,90,0,0,0,3,0,0,0,0,0,3,0,11,29.6,0.0,0.0,3.0,1,9,0,0,1,0.00,0.00,0.00,2.24,45,0,272035,0,0,54
250,GKP,80201,Bernd,Leno,2645213,3,False,90,0,0,0,1,0,0,0,0,0,3,0,11,19.2,0.0,0.0,1.9,2,8,0,0,1,0.00,0.00,0.00,2.02,45,645,300981,12174,11529,54
250,GKP,80201,Bernd,Leno,2645219,1,False,90,0,0,0,3,0,0,0,0,0,2,0,8,18.8,0.0,0.0,1.9,0,8,0,0,1,0.00,0.00,0.00,1.97,45,14483,339301,41560,27077,54
250,GKP,80201,Bernd,Leno,2645231,9,False,90,0,0,1,0,0,0,0,0,0,3,2,29,25.4,0.0,0.0,2.5,1,8,0,0,1,0.00,0.00,0.00,1.28,45,-15234,308412,19790,35024,54
250,GKP,80201,Bernd,Leno,2645239,3,False,90,0,0,0,1,0,0,0,0,0,5,0,18,34.6,0.0,0.0,3.5,2,8,0,0,1,0.00,0.00,0.00,1.60,45,19961,335875,37373,17412,54
251,GKP,86873,Benjamin,Lecomte,2645204,0,False,0,0,0,0,0,0,0,0,0,0,0,0,0,0.0,0.0,0.0,0.0,0,0,0,0,0,0.00,0.00,0.00,0.00,40,0,107540,0,0,54
251,GKP,86873,Benjamin,Lecomte,2645213,0,False,0,0,0,0,0,0,0,0,0,0,0,0,0,0.0,0.0,0.0,0.0,0,0,0,0,0,0.00,0.00,0.00,0.00,40,-2636,117798,1492,4128,54
251,GKP,86873,Benjamin,Lecomte,2645219,0,False,0,0,0,0,0,0,0,0,0,0,0,0,0,0.0,0.0,0.0,0.0,0,0,0,0,0,0.00,0.00,0.00,0.00,40,1599,123475,9450,7851,54
251,GKP,86873,Benjamin,Lecomte,2645231,0,False,0,0,0,0,0,0,0,0,0,0,0,0,0,0.0,0.0,0.0,0.0,0,0,0,0,0,0.00,0.00,0.00,0.00,40,981,123844,8151,7170,54
251,GKP,86873,Benjamin,Lecomte,2645239,0,False,0,0,0,0,0,0,0,0,0,0,0,0,0,0.0,0.0,0.0,0.0,0,0,0,0,0,0.00,0.00,0.00,0.00,40,-651,123460,3635,4286,54
252,GKP,505079,Alfie,McNally,2645204,0,False,0,0,0,0,0,0,0,0,0,0,0,0,0,0.0,0.0,0.0,0.0,0,0,0,0,0,0.00,0.00,0.00,0.00,40,0,13569,0,0,54
252,GKP,505079,Alfie,McNally,2645213,0,False,0,0,0,0,0,0,0,0,0,0,0,0,0,0.0,0.0,0.0,0.0,0,0,0,0,0,0.00,0.00,0.00,0.00,40,185,15794,805,620,54
252,GKP,505079,Alfie,McNally,2645219,0,False,0,0,0,0,0,0,0,0,0,0,0,0,0,0.0,0.0,0.0,0.0,0,0,0,0,0,0.00,0.00,0.00,0.00,40,-805,15288,1784,2589,54
252,GKP,505079,Alfie,McNally,2645231,0,False,0,0,0,0,0,0,0,0,0,0,0,0,0,0.0,0.0,0.0,0.0,0,0,0,0,0,0.00,0.00,0.00,0.00,40,-1879,13370,0,1879,54
252,GKP,505079,Alfie,McNally,2645239,0,False,0,0,0,0,0,0,0,0,0,0,0,0,0,0.0,0.0,0.0,0.0,0,0,0,0,0,0.00,0.00,0.00,0.00,40,-908,12542,0,908,54
253,DEF,174874,Joachim,Andersen,2645204,0,False,0,0,0,0,0,0,0,0,0,0,0,0,0,0.0,0.0,0.0,0.0,0,0,0,0,0,0.00,0.00,0.00,0.00,50,0,3342,0,0,54
253,DEF,174874,Joachim,Andersen,2645213,1,False,90,0,0,0,1,0,0,0,1,0,0,0,4,17.8,12.9,2.0,3.3,8,2,0,8,1,0.00,0.04,0.04,2.02,50,1684,7735,2314,630,54
253,DEF,174874,Joachim,Andersen,2645219,1,False,90,0,0,0,3,0,0,0,0,0,0,0,8,24.4,22.9,6.0,5.3,5,7,2,7,1,0.00,0.06,0.06,1.97,50,3704,15474,5842,2138,54
253,DEF,174874,Joachim,Andersen,2645231,0,False,0,0,0,0,0,0,0,0,0,0,0,0,0,0.0,0.0,0.0,0.0,0,0,0,0,0,0.00,0.00,0.00,0.00,50,-1378,13284,1887,3265,54
253,DEF,174874,Joachim,Andersen,2645239,1,False,10,0,0,0,1,0,0,0,0,0,0,0,0,10.0,0.0,0.0,1.0,5,0,0,5,0,0.00,0.00,0.00,0.36,50,-246,14092,1831,2077,54
254,DEF,169528,Antonee,Robinson,2645204,1,False,81,0,0,0,3,0,0,0,0,0,0,0,4,21.6,25.2,3.0,5.0,4,5,3,7,1,0.13,0.04,0.17,2.21,45,0,148513,0,0,54
254,DEF,169528,Antonee,Robinson,2645213,2,False,90,0,0,0,1,0,0,0,0,0,0,0,10,9.8,4.6,0.0,1.4,0,2,3,3,1,0.00,0.02,0.02,2.02,45,1752,165662,11181,9429,54
254,DEF,169528,Antonee,Robinson,2645219,1,False,78,0,0,0,3,0,0,0,0,0,0,0,7,14.6,24.8,9.0,4.8,3,5,2,5,1,0.08,0.10,0.18,1.97,45,-2176,173615,15006,17182,54
254,DEF,169528,Antonee,Robinson,2645231,6,False,90,0,0,1,0,0,0,0,0,0,0,0,25,17.6,22.1,6.0,4.6,7,4,2,9,1,0.05,0.05,0.10,1.28,45,-21356,143996,4729,26085,54
254,DEF,169528,Antonee,Robinson,2645239,2,False,90,0,0,0,1,0,0,0,0,0,0,0,19,30.0,30.0,0.0,6.0,4,4,3,7,1,0.00,0.09,0.09,1.60,45,290,147666,11569,11279,54
255,DEF,246301,Jorge,Cuenca Barreno,2645204,3,False,90,0,0,0,3,0,0,0,0,0,0,0,7,32.8,21.3,0.0,5.4,9,3,1,10,1,0.00,0.03,0.03,2.24,45,0,1787,0,0,54
255,DEF,246301,Jorge,Cuenca Barreno,2645213,0,False,0,0,0,0,0,0,0,0,0,0,0,0,0,0.0,0.0,0.0,0.0,0,0,0,0,0,0.00,0.00,0.00,0.00,45,522,3423,781,259,54
255,DEF,246301,Jorge,Cuenca Barreno,2645219,0,False,0,0,0,0,0,0,0,0,0,0,0,0,0,0.0,0.0,0.0,0.0,0,0,0,0,0,0.00,0.00,0.00,0.00,45,-183,3459,506,689,54
255,DEF,246301,Jorge,Cuenca Barreno,2645231,0,False,0,0,0,0,0,0,0,0,0,0,0,0,0,0.0,0.0,0.0,0.0,0,0,0,0,0,0.00,0.00,0.00,0.00,45,-509,3009,104,613,54
255,DEF,246301,Jorge,Cuenca Barreno,2645239,0,False,0,0,0,0,0,0,0,0,0,0,0,0,0,0.0,0.0,0.0,0.0,0,0,0,0,0,0.00,0.00,0.00,0.00,45,-243,2849,89,332,54
256,DEF,167074,Kenny,Tete,2645204,0,False,0,0,0,0,0,0,0,0,0,0,0,0,0,0.0,0.0,0.0,0.0,0,0,0,0,0,0.00,0.00,0.00,0.00,45,0,24681,0,0,54
256,DEF,167074,Kenny,Tete,2645213,0,False,0,0,0,0,0,0,0,0,0,0,0,0,0,0.0,0.0,0.0,0.0,0,0,0,0,0,0.00,0.00,0.00,0.00,45,-1723,25956,338,2061,54
256,DEF,167074,Kenny,Tete,2645219,0,False,0,0,0,0,0,0,0,0,0,0,0,0,0,0.0,0.0,0.0,0.0,0,0,0,0,0,0.00,0.00,0.00,0.00,45,-2586,23617,430,3016,54
256,DEF,167074,Kenny,Tete,2645231,0,False,27,0,0,0,0,0,0,0,1,0,0,0,-1,1.6,0.3,2.0,0.4,3,0,0,3,0,0.00,0.00,0.00,0.65,44,-2058,21818,237,2295,54
256,DEF,167074,Kenny,Tete,2645239,0,False,0,0,0,0,0,0,0,0,0,0,0,0,0,0.0,0.0,0.0,0.0,0,0,0,0,0,0.00,0.00,0.00,0.00,44,-1747,20252,326,2073,54
257,DEF,232892,Calvin,Bassey,2645204,0,False,90,0,0,0,3,0,0,0,1,0,0,0,1,13.8,3.8,2.0,2.0,3,4,1,4,1,0.02,0.02,0.04,2.24,45,0,64737,0,0,54
257,DEF,232892,Calvin,Bassey,2645213,2,False,90,0,0,0,1,0,0,0,0,0,0,0,13,19.4,2.6,0.0,2.2,6,6,1,7,1,0.00,0.01,0.01,2.02,45,821,75885,6863,6042,54
257,DEF,232892,Calvin,Bassey,2645219,1,False,90,0,0,0,3,0,0,0,0,0,0,0,2,13.8,6.4,0.0,2.0,1,2,1,2,1,0.00,0.04,0.04,1.97,45,224,79648,8199,7975,54
257,DEF,232892,Calvin,Bassey,2645231,6,False,90,0,0,1,0,0,0,0,0,0,0,0,27,23.4,0.7,21.0,4.5,7,3,1,8,1,0.05,0.00,0.05,1.28,45,-7922,71722,2294,10216,54
257,DEF,232892,Calvin,Bassey,2645239,6,False,90,0,1,0,1,0,0,0,0,0,0,1,26,26.6,1.8,17.0,4.5,6,7,2,8,1,0.06,0.01,0.07,1.60,45,-255,72972,3658,3913,54
258,DEF,166477,Timothy,Castagne,2645204,6,False,90,0,2,0,3,0,0,0,1,0,0,0,21,38.0,27.8,23.0,8.9,5,4,1,6,1,0.09,0.18,0.27,2.24,45,0,26346,0,0,54
258,DEF,166477,Timothy,Castagne,2645213,6,False,67,0,0,1,0,0,0,0,0,0,0,0,18,0.0,0.7,0.0,0.0,1,2,1,2,1,0.00,0.00,0.00,0.26,45,9481,45933,12096,2615,54
258,DEF,166477,Timothy,Castagne,2645219,1,False,90,0,0,0,3,0,0,0,0,0,0,0,-1,20.6,24.1,30.0,7.5,5,5,2,7,1,0.58,0.19,0.77,1.97,45,33375,105919,44214,10839,54
258,DEF,166477,Timothy,Castagne,2645231,6,False,71,0,0,1,0,0,0,0,0,0,0,0,23,11.2,0.8,2.0,1.4,3,3,2,5,1,0.00,0.01,0.01,0.74,45,-11458,83333,6203,17661,54
258,DEF,166477,Timothy,Castagne,2645239,1,False,90,0,0,0,1,0,0,0,1,0,0,0,3,20.6,5.2,2.0,2.8,9,4,0,9,1,0.00,0.01,0.01,1.60,45,6515,92417,14129,7614,54
261,MID,153133,Alex,Iwobi,2645204,2,False,90,0,0,0,3,0,0,0,0,0,0,0,17,12.4,11.3,0.0,2.4,3,6,1,10,1,0.00,0.04,0.04,2.24,55,0,88413,0,0,54
261,MID,153133,Alex,Iwobi,2645213,2,False,90,0,0,0,1,0,0,0,0,0,0,0,20,12.0,35.5,2.0,5.0,1,2,1,4,1,0.01,0.40,0.41,2.02,55,-3301,95898,6095,9396,54
261,MID,153133,Alex,Iwobi,2645219,2,False,82,0,0,0,3,0,0,0,0,0,0,0,15,7.6,23.7,11.0,4.2,0,3,1,4,1,0.04,0.26,0.30,1.97,55,-9517,88922,7354,16871,54
261,MID,153133,Alex,Iwobi,2645231,3,False,76,0,0,1,0,0,0,0,0,0,0,0,15,7.6,33.7,10.0,5.1,0,3,1,4,1,0.15,0.11,0.26,0.81,54,-14119,75540,2396,16515,54
261,MID,153133,Alex,Iwobi,2645239,5,False,70,0,0,1,0,0,0,0,0,0,0,2,27,21.0,63.3,26.0,11.0,1,5,1,7,1,0.19,0.41,0.60,1.12,54,-6504,70405,3075,9579,54
262,MID,209289,Emile,Smith Rowe,2645204,0,False,0,0,0,0,0,0,0,0,0,0,0,0,0,0.0,0.0,0.0,0.0,0,0,0,0,0,0.00,0.00,0.00,0.00,55,0,35036,0,0,54
262,MID,209289,Emile,Smith Rowe,2645213,1,False,14,0,0,0,0,0,0,0,0,0,0,0,5,5.2,22.8,7.0,3.5,0,1,0,1,0,0.06,0.02,0.08,0.41,55,-3334,36765,1414,4748,54
262,MID,209289,Emile,Smith Rowe,2645219,1,False,11,0,0,0,0,0,0,0,0,0,0,0,3,0.2,0.5,2.0,0.3,0,0,0,0,0,0.00,0.00,0.00,0.00,55,-5101,32334,1425,6526,54
262,MID,209289,Emile,Smith Rowe,2645231,1,False,13,0,0,0,0,0,0,0,0,0,0,0,3,1.2,0.5,0.0,0.2,1,1,0,2,0,0.00,0.00,0.00,0.46,54,-4117,28676,777,4894,54
262,MID,209289,Emile,Smith Rowe,2645239,0,False,0,0,0,0,0,0,0,0,0,0,0,0,0,0.0,0.0,0.0,0.0,0,0,0,0,0,0.00,0.00,0.00,0.00,54,-2909,26201,582,3491,54
263,MID,560552,Kevin,Santos Lopes de Macedo,2645204,1,False,17,0,0,0,0,0,0,0,0,0,0,0,2,5.2,1.9,0.0,0.7,0,1,2,3,0,0.00,0.01,0.01,0.03,55,0,5144,0,0,54
263,MID,560552,Kevin,Santos Lopes de Macedo,2645213,1,False,7,0,0,0,0,0,0,0,0,0,0,0,2,0.0,1.5,0.0,0.1,0,0,0,0,0,0.00,0.04,0.04,0.17,55,-443,5495,419,862,54
263,MID,560552,Kevin,Santos Lopes de Macedo,2645219,0,False,0,0,0,0,0,0,0,0,0,0,0,0,0,0.0,0.0,0.0,0.0,0,0,0,0,0,0.00,0.00,0.00,0.00,54,-789,4945,553,1342,54
263,MID,560552,Kevin,Santos Lopes de Macedo,2645231,1,False,18,0,0,0,0,0,0,0,0,0,0,0,4,0.2,3.3,1.0,0.5,0,2,1,3,0,0.03,0.07,0.10,0.54,54,-826,4241,236,1062,54
263,MID,560552,Kevin,Santos Lopes de Macedo,2645239,1,False,19,0,0,0,1,0,0,0,0,0,0,0,6,5.2,0.1,17.0,2.2,1,1,0,2,0,0.04,0.00,0.04,0.49,53,-75,4353,596,671,54
264,MID,477555,Oscar,Bobb,2645204,2,False,66,0,0,0,3,0,0,0,0,0,0,0,10,9.8,13.8,6.0,3.0,1,2,3,6,1,0.00,0.26,0.26,2.21,55,0,26829,0,0,54
264,MID,477555,Oscar,Bobb,2645213,3,False,67,0,0,1,0,0,0,0,0,0,0,0,8,7.0,12.4,6.0,2.5,1,2,2,5,1,0.00,0.01,0.01,0.26,55,1523,33606,4520,2997,54
264,MID,477555,Oscar,Bobb,2645219,2,False,78,0,0,0,3,0,0,0,0,0,0,0,17,11.2,58.8,53.0,12.3,0,4,0,4,1,0.32,0.65,0.97,1.97,55,-1360,34364,4635,5995,54
264,MID,477555,Oscar,Bobb,2645231,3,False,62,0,0,1,0,0,0,0,0,0,0,0,12,10.0,30.0,4.0,4.4,2,4,1,7,1,0.00,0.13,0.13,0.63,55,-4132,30794,2106,6238,54
264,MID,477555,Oscar,Bobb,2645239,3,False,70,0,0,1,0,0,0,0,0,0,0,0,6,4.0,3.7,8.0,1.6,1,3,2,6,1,0.22,0.09,0.31,1.12,55,-1134,30671,2742,3876,54
265,MID,207189,Sander,Berge,2645204,2,False,72,0,0,0,3,0,0,0,0,0,0,0,14,13.6,23.1,7.0,4.4,1,2,1,4,1,0.03,0.03,0.06,2.21,50,0,38470,0,0,54
265,MID,207189,Sander,Berge,2645213,2,False,82,0,0,0,1,0,0,0,0,0,0,0,14,6.0,27.9,2.0,3.6,0,2,0,2,1,0.00,0.20,0.20,1.85,50,-1868,38868,1465,3333,54
265,MID,207189,Sander,Berge,2645219,1,False,29,0,0,0,1,0,0,0,0,0,0,0,9,3.2,2.9,0.0,0.6,0,2,0,2,0,0.00,0.10,0.10,0.84,50,-3309,36133,1875,5184,54
265,MID,207189,Sander,Berge,2645231,3,False,90,0,0,1,0,0,0,0,0,0,0,0,14,18.6,11.7,6.0,3.6,4,2,3,9,1,0.00,0.01,0.01,1.28,49,-4295,32007,748,5043,54
265,MID,207189,Sander,Berge,2645239,3,False,76,0,0,1,0,0,0,0,0,0,0,0,16,10.0,15.4,7.0,3.2,2,0,0,2,1,0.05,0.02,0.07,1.18,49,-1553,31167,1643,3196,54
266,MID,76357,Tom,Cairney,2645204,0,False,0,0,0,0,0,0,0,0,0,0,0,0,0,0.0,0.0,0.0,0.0,0,0,0,0,0,0.00,0.00,0.00,0.00,50,0,464,0,0,54
266,MID,76357,Tom,Cairney,2645213,0,False,0,0,0,0,0,0,0,0,0,0,0,0,0,0.0,0.0,0.0,0.0,0,0,0,0,0,0.00,0.00,0.00,0.00,50,-103,379,12,115,54
266,MID,76357,Tom,Cairney,2645219,0,False,0,0,0,0,0,0,0,0,0,0,0,0,0,0.0,0.0,0.0,0.0,0,0,0,0,0,0.00,0.00,0.00,0.00,50,-58,335,24,82,54
266,MID,76357,Tom,Cairney,2645231,0,False,0,0,0,0,0,0,0,0,0,0,0,0,0,0.0,0.0,0.0,0.0,0,0,0,0,0,0.00,0.00,0.00,0.00,50,-3,348,50,53,54
266,MID,76357,Tom,Cairney,2645239,0,False,0,0,0,0,0,0,0,0,0,0,0,0,0,0.0,0.0,0.0,0.0,0,0,0,0,0,0.00,0.00,0.00,0.00,49,-46,305,15,61,54
268,MID,577725,Josh,King,2645204,7,False,90,1,0,0,3,0,0,0,0,0,0,0,34,41.6,15.6,41.0,9.8,2,4,2,8,1,0.17,0.04,0.21,2.24,55,0,14215,0,0,54
268,MID,577725,Josh,King,2645213,2,False,90,0,0,0,1,0,0,0,0,0,0,0,8,10.6,4.5,21.0,3.6,1,1,2,4,1,0.47,0.03,0.50,2.02,55,30519,59498,34683,4164,54
268,MID,577725,Josh,King,2645219,10,False,90,1,0,0,3,0,0,0,0,0,0,3,38,44.6,26.0,34.0,10.5,1,5,1,7,1,0.31,0.27,0.58,1.97,55,9662,76528,23134,13472,54
268,MID,577725,Josh,King,2645231,3,False,76,0,0,1,0,0,0,0,0,0,0,0,19,11.4,14.3,37.0,6.3,0,2,2,4,1,0.21,0.09,0.30,0.81,55,47115,130602,81597,34482,54
268,MID,577725,Josh,King,2645239,2,False,79,0,0,1,0,0,0,0,1,0,0,0,10,3.2,6.8,46.0,5.6,1,4,0,5,1,0.38,0.03,0.41,1.25,55,78271,214660,104721,26450,54
269,DEF,184349,Ryan,Sessegnon,2645204,1,False,17,0,0,0,0,0,0,0,0,0,0,0,7,6.6,0.5,19.0,2.6,1,1,0,1,0,0.03,0.00,0.03,0.03,45,0,39784,0,0,54
269,DEF,184349,Ryan,Sessegnon,2645213,1,False,22,0,0,0,1,0,0,0,0,0,0,0,3,8.6,11.0,8.0,2.8,0,1,1,1,0,0.02,0.12,0.14,1.77,45,-2055,41879,959,3014,54
269,DEF,184349,Ryan,Sessegnon,2645219,1,False,11,0,0,0,0,0,0,0,0,0,0,0,3,2.0,14.8,4.0,2.1,1,1,0,1,0,0.08,0.32,0.40,0.00,45,-3956,37980,887,4843,54
269,DEF,184349,Ryan,Sessegnon,2645231,0,False,0,0,0,0,0,0,0,0,0,0,0,0,0,0.0,0.0,0.0,0.0,0,0,0,0,0,0.00,0.00,0.00,0.00,44,-4182,34199,369,4551,54
269,DEF,184349,Ryan,Sessegnon,2645239,0,False,0,0,0,0,0,0,0,0,0,0,0,0,0,0.0,0.0,0.0,0.0,0,0,0,0,0,0.00,0.00,0.00,0.00,44,-5062,29229,228,5290,54
270,MID,153366,Harrison,Reed,2645204,0,False,0,0,0,0,0,0,0,0,0,0,0,0,0,0.0,0.0,0.0,0.0,0,0,0,0,0,0.00,0.00,0.00,0.00,45,0,139875,0,0,54
270,MID,153366,Harrison,Reed,2645213,0,False,0,0,0,0,0,0,0,0,0,0,0,0,0,0.0,0.0,0.0,0.0,0,0,0,0,0,0.00,0.00,0.00,0.00,45,-8921,141446,5582,14503,54
270,MID,153366,Harrison,Reed,2645219,0,False,0,0,0,0,0,0,0,0,0,0,0,0,0,0.0,0.0,0.0,0.0,0,0,0,0,0,0.00,0.00,0.00,0.00,45,-11001,132811,8075,19076,54
270,MID,153366,Harrison,Reed,2645231,0,False,0,0,0,0,0,0,0,0,0,0,0,0,0,0.0,0.0,0.0,0.0,0,0,0,0,0,0.00,0.00,0.00,0.00,45,-12381,121271,3620,16001,54
270,MID,153366,Harrison,Reed,2645239,0,False,0,0,0,0,0,0,0,0,0,0,0,0,0,0.0,0.0,0.0,0.0,0,0,0,0,0,0.00,0.00,0.00,0.00,44,-430,130240,16215,16645,54
271,FWD,244042,Rodrigo,Muniz Carvalho,2645204,1,False,8,0,0,0,0,0,0,0,0,0,0,0,6,6.0,11.5,7.0,2.5,1,0,0,1,0,0.02,0.00,0.02,0.03,55,0,52452,0,0,54
271,FWD,244042,Rodrigo,Muniz Carvalho,2645213,0,False,0,0,0,0,0,0,0,0,0,0,0,0,0,0.0,0.0,0.0,0.0,0,0,0,0,0,0.00,0.00,0.00,0.00,55,-4078,54718,2812,6890,54
271,FWD,244042,Rodrigo,Muniz Carvalho,2645219,1,False,7,0,0,0,0,0,0,0,0,0,0,0,5,3.2,10.1,27.0,4.0,0,0,0,0,0,0.38,0.00,0.38,0.00,55,-6919,49384,4409,11328,54
271,FWD,244042,Rodrigo,Muniz Carvalho,2645231,1,False,13,0,0,0,0,0,0,0,0,0,0,0,4,2.0,0.3,2.0,0.4,1,0,0,1,0,0.00,0.00,0.00,0.46,54,-4272,46371,3624,7896,54
271,FWD,244042,Rodrigo,Muniz Carvalho,2645239,0,False,10,0,0,0,1,0,0,0,1,0,0,0,-1,0.2,0.3,0.0,0.1,1,0,0,1,0,0.00,0.00,0.00,0.36,54,-2843,44522,3484,6327,54
272,FWD,631786,Jonah,Kusi-Asare,2645204,0,False,0,0,0,0,0,0,0,0,0,0,0,0,0,0.0,0.0,0.0,0.0,0,0,0,0,0,0.00,0.00,0.00,0.00,45,0,669004,0,0,54
272,FWD,631786,Jonah,Kusi-Asare,2645213,0,False,0,0,0,0,0,0,0,0,0,0,0,0,0,0.0,0.0,0.0,0.0,0,0,0,0,0,0.00,0.00,0.00,0.00,45,-20589,685336,23688,44277,54
272,FWD,631786,Jonah,Kusi-Asare,2645219,0,False,0,0,0,0,0,0,0,0,0,0,0,0,0,0.0,0.0,0.0,0.0,0,0,0,0,0,0.00,0.00,0.00,0.00,45,-11359,689011,60586,71945,54
272,FWD,631786,Jonah,Kusi-Asare,2645231,0,False,0,0,0,0,0,0,0,0,0,0,0,0,0,0.0,0.0,0.0,0.0,0,0,0,0,0,0.00,0.00,0.00,0.00,45,-45728,635399,35011,80739,54
272,FWD,631786,Jonah,Kusi-Asare,2645239,0,False,0,0,0,0,0,0,0,0,0,0,0,0,0,0.0,0.0,0.0,0.0,0,0,0,0,0,0.00,0.00,0.00,0.00,45,-40658,610960,30186,70844,54
569,FWD,551466,Gonzalo,García,2645204,6,False,90,1,0,0,3,0,0,0,0,0,0,0,33,37.2,4.3,40.0,8.2,0,1,1,2,1,0.73,0.01,0.74,2.24,60,0,180799,0,0,54
569,FWD,551466,Gonzalo,García,2645213,2,False,90,0,0,0,1,0,0,0,0,0,0,0,2,5.6,2.8,24.0,3.2,2,2,0,4,1,0.27,0.01,0.28,2.02,60,135011,399587,152218,17207,54
569,FWD,551466,Gonzalo,García,2645219,2,False,90,0,0,0,3,0,0,0,0,0,0,0,10,5.8,14.0,39.0,5.9,3,3,1,7,1,0.44,0.20,0.64,1.97,60,49426,490355,128611,79185,54
569,FWD,551466,Gonzalo,García,2645231,2,False,76,0,0,1,0,0,0,0,0,0,0,0,5,4.4,10.9,10.0,2.5,1,2,0,3,1,0.20,0.03,0.23,0.81,60,-70216,405535,38609,108825,54
569,FWD,551466,Gonzalo,García,2645239,2,False,79,0,0,1,0,0,0,0,0,0,0,0,3,0.0,14.8,12.0,2.3,1,1,0,2,1,0.69,0.33,1.02,1.25,60,-31297,386933,42871,74168,54
570,MID,571779,César,Palacios,2645204,2,False,72,0,0,0,3,0,0,0,0,0,0,0,10,2.8,7.3,8.0,1.8,0,2,2,4,1,0.16,0.01,0.17,2.21,55,0,18267,0,0,54
570,MID,571779,César,Palacios,2645213,1,False,75,0,0,0,1,0,0,0,1,0,0,0,6,3.0,1.3,3.0,0.7,3,6,0,9,1,0.02,0.00,0.02,1.62,55,-874,20418,910,1784,54
570,MID,571779,César,Palacios,2645219,8,False,60,1,0,0,2,0,0,0,0,0,0,1,27,33.8,13.7,51.0,9.9,0,0,0,0,1,0.80,0.02,0.82,1.14,55,-2344,18435,1012,3356,54
570,MID,571779,César,Palacios,2645231,0,False,0,0,0,0,0,0,0,0,0,0,0,0,0,0.0,0.0,0.0,0.0,0,0,0,0,0,0.00,0.00,0.00,0.00,55,-683,18348,1449,2132,54
570,MID,571779,César,Palacios,2645239,1,False,19,0,0,0,1,0,0,0,0,0,0,0,5,5.8,10.3,0.0,1.6,1,2,1,4,0,0.00,0.00,0.00,0.49,54,-456,18361,1918,2374,54
580,MID,463210,Shea,Charles,2645204,1,False,23,0,0,0,0,0,0,0,0,0,0,0,5,3.4,1.3,0.0,0.5,0,2,1,3,0,0.00,0.00,0.00,0.03,50,0,8110,0,0,54
580,MID,463210,Shea,Charles,2645213,1,False,22,0,0,0,1,0,0,0,0,0,0,0,2,0.6,2.8,6.0,0.9,1,1,0,2,0,0.09,0.03,0.12,1.77,50,-449,8645,359,808,54
580,MID,463210,Shea,Charles,2645219,2,False,78,0,0,0,3,0,0,0,0,0,0,0,18,12.4,35.2,8.0,5.6,3,8,0,11,1,0.00,0.09,0.09,1.97,50,-910,7900,334,1244,54
580,MID,463210,Shea,Charles,2645231,5,False,90,0,0,1,0,0,0,0,0,0,0,0,19,29.0,3.4,0.0,3.2,8,8,1,17,1,0.00,0.02,0.02,1.28,50,-636,7397,295,931,54
580,MID,463210,Shea,Charles,2645239,4,False,90,0,0,0,1,0,0,0,0,0,0,0,16,40.0,3.4,0.0,4.3,11,0,2,13,1,0.00,0.02,0.02,1.60,50,49,7677,742,693,54
610,DEF,547686,Luc,De Fougerolles,2645204,0,False,0,0,0,0,0,0,0,0,0,0,0,0,0,0.0,0.0,0.0,0.0,0,0,0,0,0,0.00,0.00,0.00,0.00,40,0,0,0,0,54
610,DEF,547686,Luc,De Fougerolles,2645213,0,False,0,0,0,0,0,0,0,0,0,0,0,0,0,0.0,0.0,0.0,0.0,0,0,0,0,0,0.00,0.00,0.00,0.00,40,2577,7950,3051,474,54
610,DEF,547686,Luc,De Fougerolles,2645219,0,False,0,0,0,0,0,0,0,0,0,0,0,0,0,0.0,0.0,0.0,0.0,0,0,0,0,0,0.00,0.00,0.00,0.00,40,382,11771,2221,1839,54
610,DEF,547686,Luc,De Fougerolles,2645231,0,False,0,0,0,0,0,0,0,0,0,0,0,0,0,0.0,0.0,0.0,0.0,0,0,0,0,0,0.00,0.00,0.00,0.00,40,-750,9207,515,1265,54
610,DEF,547686,Luc,De Fougerolles,2645239,0,False,0,0,0,0,0,0,0,0,0,0,0,0,0,0.0,0.0,0.0,0.0,0,0,0,0,0,0.00,0.00,0.00,0.00,40,-1168,7831,0,1168,54
626,MID,616069,Macaulay,Zepa,2645213,0,False,0,0,0,0,0,0,0,0,0,0,0,0,0,0.0,0.0,0.0,0.0,0,0,0,0,0,0.00,0.00,0.00,0.00,45,0,0,0,0,54
626,MID,616069,Macaulay,Zepa,2645219,0,False,0,0,0,0,0,0,0,0,0,0,0,0,0,0.0,0.0,0.0,0.0,0,0,0,0,0,0.00,0.00,0.00,0.00,45,17179,40392,22010,4831,54
626,MID,616069,Macaulay,Zepa,2645231,0,False,0,0,0,0,0,0,0,0,0,0,0,0,0,0.0,0.0,0.0,0.0,0,0,0,0,0,0.00,0.00,0.00,0.00,45,4635,39436,11161,6526,54
626,MID,616069,Macaulay,Zepa,2645239,0,False,0,0,0,0,0,0,0,0,0,0,0,0,0,0.0,0.0,0.0,0.0,0,0,0,0,0,0.00,0.00,0.00,0.00,45,-3861,32375,996,4857,54
635,MID,551050,Hugo,Larsson,2645219,1,False,11,0,0,0,0,0,0,0,0,0,0,0,3,3.6,1.3,9.0,1.4,0,0,1,1,0,0.13,0.22,0.35,0.00,50,261,322,288,27,54
635,MID,551050,Hugo,Larsson,2645231,1,False,13,0,0,0,0,0,0,0,0,0,0,0,3,0.0,0.5,0.0,0.1,0,1,0,1,0,0.00,0.01,0.01,0.46,50,185,614,266,81,54
635,MID,551050,Hugo,Larsson,2645239,1,False,13,0,0,0,1,0,0,0,0,0,0,0,3,3.2,0.1,0.0,0.3,2,2,0,4,0,0.00,0.00,0.00,0.42,50,66,760,191,125,54
636,MID,500033,Manuel Ángel,Morán Ibáñez,2645219,0,False,0,0,0,0,0,0,0,0,0,0,0,0,0,0.0,0.0,0.0,0.0,0,0,0,0,0,0.00,0.00,0.00,0.00,50,106,151,120,14,54
636,MID,500033,Manuel Ángel,Morán Ibáñez,2645231,0,False,0,0,0,0,0,0,0,0,0,0,0,0,0,0.0,0.0,0.0,0.0,0,0,0,0,0,0.00,0.00,0.00,0.00,50,79,306,133,54,54
636,MID,500033,Manuel Ángel,Morán Ibáñez,2645239,0,False,0,0,0,0,0,0,0,0,0,0,0,0,0,0.0,0.0,0.0,0.0,0,0,0,0,0,0.00,0.00,0.00,0.00,50,10,361,84,74,54
650,DEF,442299,David,Affengruber,2645219,0,False,0,0,0,0,0,0,0,0,0,0,0,0,0,0.0,0.0,0.0,0.0,0,0,0,0,0,0.00,0.00,0.00,0.00,45,177,317,204,27,54
650,DEF,442299,David,Affengruber,2645231,8,False,90,0,0,1,0,0,0,0,0,0,0,0,23,18.6,3.3,0.0,2.2,11,3,1,12,1,0.00,0.00,0.00,1.28,45,172,573,274,102,54
650,DEF,442299,David,Affengruber,2645239,4,False,90,0,0,0,1,0,0,0,0,0,0,0,17,32.4,11.3,0.0,4.4,9,4,2,11,1,0.00,0.02,0.02,1.60,45,1907,2846,2400,493,54
240,MID,490094,Tim,Iroegbunam,2645197,0,False,0,0,0,0,0,0,0,0,0,0,0,0,0,0.0,0.0,0.0,0.0,0,0,0,0,0,0.00,0.00,0.00,0.00,50,0,1417,0,0,88
240,MID,490094,Tim,Iroegbunam,2645205,1,False,4,0,0,0,0,0,0,0,0,0,0,0,2,0.0,0.0,0.0,0.0,0,0,0,0,0,0.00,0.00,0.00,0.00,50,-327,1093,21,348,88
240,MID,490094,Tim,Iroegbunam,2645220,0,False,0,0,0,0,0,0,0,0,0,0,0,0,0,0.0,0.0,0.0,0.0,0,0,0,0,0,0.00,0.00,0.00,0.00,50,122,1385,309,187,88
240,MID,490094,Tim,Iroegbunam,2645227,0,False,21,0,0,0,0,0,0,0,1,0,0,0,2,3.0,0.2,0.0,0.3,1,0,1,2,0,0.00,0.00,0.00,0.35,50,128,1598,334,206,88
240,MID,490094,Tim,Iroegbunam,2645242,1,False,45,0,0,0,0,0,0,0,0,0,0,0,6,6.2,11.3,10.0,2.8,0,5,2,7,0,0.12,0.01,0.13,0.25,50,101,1818,374,273,88
273,GKP,167825,Dillon,Phillips,2645198,0,False,0,0,0,0,0,0,0,0,0,0,0,0,0,0.0,0.0,0.0,0.0,0,0,0,0,0,0.00,0.00,0.00,0.00,40,0,138196,0,0,88
273,GKP,167825,Dillon,Phillips,2645208,0,False,0,0,0,0,0,0,0,0,0,0,0,0,0,0.0,0.0,0.0,0.0,0,0,0,0,0,0.00,0.00,0.00,0.00,40,-3979,150763,3115,7094,88
273,GKP,167825,Dillon,Phillips,2645220,0,False,0,0,0,0,0,0,0,0,0,0,0,0,0,0.0,0.0,0.0,0.0,0,0,0,0,0,0.00,0.00,0.00,0.00,40,-1922,154754,9318,11240,88
273,GKP,167825,Dillon,Phillips,2645227,0,False,0,0,0,0,0,0,0,0,0,0,0,0,0,0.0,0.0,0.0,0.0,0,0,0,0,0,0.00,0.00,0.00,0.00,40,-1217,154407,8596,9813,88
273,GKP,167825,Dillon,Phillips,2645242,0,False,0,0,0,0,0,0,0,0,0,0,0,0,0,0.0,0.0,0.0,0.0,0,0,0,0,0,0.00,0.00,0.00,0.00,40,-1640,154014,5096,6736,88
274,GKP,105666,Jack,Butland,2645198,0,False,0,0,0,0,0,0,0,0,0,0,0,0,0,0.0,0.0,0.0,0.0,0,0,0,0,0,0.00,0.00,0.00,0.00,45,0,11096,0,0,88
274,GKP,105666,Jack,Butland,2645208,0,False,0,0,0,0,0,0,0,0,0,0,0,0,0,0.0,0.0,0.0,0.0,0,0,0,0,0,0.00,0.00,0.00,0.00,45,-1614,9646,124,1738,88
274,GKP,105666,Jack,Butland,2645220,0,False,0,0,0,0,0,0,0,0,0,0,0,0,0,0.0,0.0,0.0,0.0,0,0,0,0,0,0.00,0.00,0.00,0.00,45,-1301,8463,166,1467,88
274,GKP,105666,Jack,Butland,2645227,0,False,0,0,0,0,0,0,0,0,0,0,0,0,0,0.0,0.0,0.0,0.0,0,0,0,0,0,0.00,0.00,0.00,0.00,45,-669,7924,170,839,88
274,GKP,105666,Jack,Butland,2645242,0,False,0,0,0,0,0,0,0,0,0,0,0,0,0,0.0,0.0,0.0,0.0,0,0,0,0,0,0.00,0.00,0.00,0.00,45,-460,7533,109,569,88
275,GKP,494950,Harvey,Cartwright,2645198,0,False,0,0,0,0,0,0,0,0,0,0,0,0,0,0.0,0.0,0.0,0.0,0,0,0,0,0,0.00,0.00,0.00,0.00,40,0,1022,0,0,88
275,GKP,494950,Harvey,Cartwright,2645208,0,False,0,0,0,0,0,0,0,0,0,0,0,0,0,0.0,0.0,0.0,0.0,0,0,0,0,0,0.00,0.00,0.00,0.00,40,-111,909,0,111,88
275,GKP,494950,Harvey,Cartwright,2645220,0,False,0,0,0,0,0,0,0,0,0,0,0,0,0,0.0,0.0,0.0,0.0,0,0,0,0,0,0.00,0.00,0.00,0.00,40,-83,816,0,83,88
275,GKP,494950,Harvey,Cartwright,2645227,0,False,0,0,0,0,0,0,0,0,0,0,0,0,0,0.0,0.0,0.0,0.0,0,0,0,0,0,0.00,0.00,0.00,0.00,40,-67,751,0,67,88
275,GKP,494950,Harvey,Cartwright,2645242,0,False,0,0,0,0,0,0,0,0,0,0,0,0,0,0.0,0.0,0.0,0.0,0,0,0,0,0,0.00,0.00,0.00,0.00,40,-41,714,0,41,88
276,GKP,444307,Thimothée,Lo-Tutala,2645198,0,False,0,0,0,0,0,0,0,0,0,0,0,0,0,0.0,0.0,0.0,0.0,0,0,0,0,0,0.00,0.00,0.00,0.00,40,0,3519,0,0,88
276,GKP,444307,Thimothée,Lo-Tutala,2645208,0,False,0,0,0,0,0,0,0,0,0,0,0,0,0,0.0,0.0,0.0,0.0,0,0,0,0,0,0.00,0.00,0.00,0.00,40,-383,3116,0,383,88
276,GKP,444307,Thimothée,Lo-Tutala,2645220,0,False,0,0,0,0,0,0,0,0,0,0,0,0,0,0.0,0.0,0.0,0.0,0,0,0,0,0,0.00,0.00,0.00,0.00,40,-272,2831,0,272,88
276,GKP,444307,Thimothée,Lo-Tutala,2645227,0,False,0,0,0,0,0,0,0,0,0,0,0,0,0,0.0,0.0,0.0,0.0,0,0,0,0,0,0.00,0.00,0.00,0.00,40,-204,2640,0,204,88
276,GKP,444307,Thimothée,Lo-Tutala,2645242,0,False,0,0,0,0,0,0,0,0,0,0,0,0,0,0.0,0.0,0.0,0.0,0,0,0,0,0,0.00,0.00,0.00,0.00,40,-135,2510,0,135,88
277,DEF,108416,John,Egan,2645198,8,False,90,0,0,1,0,0,0,0,0,0,0,0,27,43.4,0.1,2.0,4.6,20,3,1,21,1,0.00,0.00,0.00,1.83,40,0,134746,0,0,88
277,DEF,108416,John,Egan,2645208,9,False,90,0,0,1,0,0,0,0,0,0,0,1,25,23.8,0.4,0.0,2.4,12,1,1,13,1,0.00,0.00,0.00,1.29,40,31730,197783,42937,11207,88
277,DEF,108416,John,Egan,2645220,6,False,90,0,0,1,0,0,0,0,0,0,0,0,18,15.4,0.1,0.0,1.6,4,1,3,7,1,0.00,0.00,0.00,1.93,40,278040,623541,335706,57666,88
277,DEF,108416,John,Egan,2645227,2,False,90,0,0,0,2,0,0,0,1,0,0,0,-1,14.2,0.5,6.0,2.1,12,6,2,14,1,0.04,0.00,0.04,0.91,41,150184,688208,223735,73551,88
277,DEF,108416,John,Egan,2645242,1,False,77,0,0,0,2,0,0,0,0,0,0,0,2,14.0,0.2,13.0,2.7,2,1,2,4,1,0.01,0.00,0.01,1.31,41,76284,776181,120781,44497,88
278,DEF,501902,Charlie,Hughes,2645198,0,False,0,0,0,0,0,0,0,0,0,0,0,0,0,0.0,0.0,0.0,0.0,0,0,0,0,0,0.00,0.00,0.00,0.00,40,0,12660,0,0,88
278,DEF,501902,Charlie,Hughes,2645208,0,False,0,0,0,0,0,0,0,0,0,0,0,0,0,0.0,0.0,0.0,0.0,0,0,0,0,0,0.00,0.00,0.00,0.00,40,-2221,10606,99,2320,88
278,DEF,501902,Charlie,Hughes,2645220,0,False,0,0,0,0,0,0,0,0,0,0,0,0,0,0.0,0.0,0.0,0.0,0,0,0,0,0,0.00,0.00,0.00,0.00,40,-1682,9038,138,1820,88
278,DEF,501902,Charlie,Hughes,2645227,0,False,0,0,0,0,0,0,0,0,0,0,0,0,0,0.0,0.0,0.0,0.0,0,0,0,0,0,0.00,0.00,0.00,0.00,40,-1016,8103,174,1190,88
278,DEF,501902,Charlie,Hughes,2645242,0,False,0,0,0,0,0,0,0,0,0,0,0,0,0,0.0,0.0,0.0,0.0,0,0,0,0,0,0.00,0.00,0.00,0.00,39,9741,32994,15378,5637,88
279,DEF,146426,Semi,Ajayi,2645198,14,False,63,1,0,1,0,0,0,0,0,0,0,2,39,44.2,0.2,35.0,7.9,7,3,0,7,1,0.52,0.00,0.52,0.86,40,0,83256,0,0,88
279,DEF,146426,Semi,Ajayi,2645208,6,False,90,0,0,1,0,0,0,0,0,0,0,0,24,15.6,0.8,0.0,1.6,5,5,2,7,1,0.00,0.00,0.00,1.29,40,63813,200860,79406,15593,88
279,DEF,146426,Semi,Ajayi,2645220,5,False,90,0,0,1,0,0,0,0,1,0,0,0,17,11.0,0.7,0.0,1.2,5,1,1,6,1,0.00,0.00,0.00,1.93,41,562671,1055220,631920,69249,88
279,DEF,146426,Semi,Ajayi,2645227,1,False,90,0,0,0,2,0,0,0,0,0,0,0,-6,5.4,1.3,6.0,1.3,2,2,1,3,1,0.13,0.00,0.13,0.91,42,271450,1350778,349993,78543,88
279,DEF,146426,Semi,Ajayi,2645242,1,False,90,0,0,0,2,0,0,0,0,0,0,0,5,9.4,1.2,10.0,2.1,2,5,2,4,1,0.01,0.01,0.02,1.44,42,162949,1547412,250066,87117,88
280,DEF,193278,Lewie,Coyle,2645198,6,False,69,0,0,1,0,0,0,0,0,0,0,0,23,5.8,11.3,0.0,1.7,1,3,1,2,1,0.00,0.01,0.01,1.16,40,0,59278,0,0,88
280,DEF,193278,Lewie,Coyle,2645208,0,False,45,0,0,0,0,0,0,0,1,0,0,0,2,4.6,0.3,0.0,0.5,4,1,0,4,1,0.00,0.00,0.00,1.09,40,-2458,62770,2623,5081,88
280,DEF,193278,Lewie,Coyle,2645220,6,False,63,0,0,1,0,0,0,0,0,0,0,0,19,1.4,4.6,0.0,0.6,0,0,0,0,1,0.00,0.01,0.01,1.81,40,-8654,54378,1532,10186,88
280,DEF,193278,Lewie,Coyle,2645227,1,False,81,0,0,0,2,0,0,0,0,0,0,0,2,5.6,10.9,5.0,2.2,2,4,1,3,1,0.13,0.01,0.14,0.72,40,5360,65983,9488,4128,88
280,DEF,193278,Lewie,Coyle,2645242,1,False,90,0,0,0,2,0,0,0,0,0,0,0,3,6.6,2.8,6.0,1.5,1,3,1,2,1,0.00,0.04,0.04,1.44,40,7516,74510,11929,4413,88
281,DEF,433590,Cody,Drameh,2645198,1,False,20,0,0,0,0,0,0,0,0,0,0,0,4,2.2,0.0,1.0,0.3,2,2,1,3,0,0.05,0.00,0.05,0.67,40,0,1668,0,0,88
281,DEF,433590,Cody,Drameh,2645208,1,False,45,0,0,0,0,0,0,0,0,0,0,0,4,4.2,0.4,0.0,0.5,3,2,0,3,0,0.00,0.00,0.00,0.20,40,695,7175,1108,413,88
281,DEF,433590,Cody,Drameh,2645220,0,False,0,0,0,0,0,0,0,0,0,0,0,0,0,0.0,0.0,0.0,0.0,0,0,0,0,0,0.00,0.00,0.00,0.00,40,-663,6824,1010,1673,88
281,DEF,433590,Cody,Drameh,2645227,0,False,0,0,0,0,0,0,0,0,0,0,0,0,0,0.0,0.0,0.0,0.0,0,0,0,0,0,0.00,0.00,0.00,0.00,40,-1503,5246,0,1503,88
281,DEF,433590,Cody,Drameh,2645242,0,False,0,0,0,0,0,0,0,0,0,0,0,0,0,0.0,0.0,0.0,0.0,0,0,0,0,0,0.00,0.00,0.00,0.00,40,-664,4645,0,664,88
282,DEF,232351,Ryan,Giles,2645198,6,False,84,0,0,1,0,0,0,0,0,0,0,0,24,13.8,18.8,4.0,3.7,5,1,1,6,1,0.02,0.07,0.09,1.76,40,0,67208,0,0,88
282,DEF,232351,Ryan,Giles,2645208,6,False,90,0,0,1,0,0,0,0,0,0,0,0,21,9.6,15.0,2.0,2.7,1,4,1,2,1,0.00,0.07,0.07,1.29,40,8701,90479,12892,4191,88
282,DEF,232351,Ryan,Giles,2645220,8,False,90,0,0,1,0,0,0,0,0,0,0,2,30,14.8,26.4,0.0,4.1,3,5,1,4,1,0.00,0.04,0.04,1.93,40,18469,123114,26812,8343,88
282,DEF,232351,Ryan,Giles,2645227,4,False,90,0,1,0,2,0,0,0,0,0,0,0,20,32.4,33.5,0.0,6.6,6,2,1,7,1,0.00,0.17,0.17,0.91,40,58990,195043,75912,16922,88
282,DEF,232351,Ryan,Giles,2645242,0,False,90,0,0,0,2,0,0,0,1,0,0,0,-1,12.2,38.8,0.0,5.1,4,2,1,5,1,0.00,0.08,0.08,1.44,40,118366,326502,141201,22835,88
283,DEF,449428,Matty,Jacob,2645198,0,False,0,0,0,0,0,0,0,0,0,0,0,0,0,0.0,0.0,0.0,0.0,0,0,0,0,0,0.00,0.00,0.00,0.00,40,0,1251,0,0,88
283,DEF,449428,Matty,Jacob,2645208,0,False,0,0,0,0,0,0,0,0,0,0,0,0,0,0.0,0.0,0.0,0.0,0,0,0,0,0,0.00,0.00,0.00,0.00,40,-171,1177,57,228,88
283,DEF,449428,Matty,Jacob,2645220,0,False,0,0,0,0,0,0,0,0,0,0,0,0,0,0.0,0.0,0.0,0.0,0,0,0,0,0,0.00,0.00,0.00,0.00,40,-153,1068,57,210,88
283,DEF,449428,Matty,Jacob,2645227,0,False,0,0,0,0,0,0,0,0,0,0,0,0,0,0.0,0.0,0.0,0.0,0,0,0,0,0,0.00,0.00,0.00,0.00,40,-125,927,0,125,88
283,DEF,449428,Matty,Jacob,2645242,0,False,0,0,0,0,0,0,0,0,0,0,0,0,0,0.0,0.0,0.0,0.0,0,0,0,0,0,0.00,0.00,0.00,0.00,40,-94,831,0,94,88
284,DEF,661800,Cathal,McCarthy,2645198,0,False,0,0,0,0,0,0,0,0,0,0,0,0,0,0.0,0.0,0.0,0.0,0,0,0,0,0,0.00,0.00,0.00,0.00,40,0,7616,0,0,88
284,DEF,661800,Cathal,McCarthy,2645208,0,False,0,0,0,0,0,0,0,0,0,0,0,0,0,0.0,0.0,0.0,0.0,0,0,0,0,0,0.00,0.00,0.00,0.00,40,-284,8232,675,959,88
284,DEF,661800,Cathal,McCarthy,2645220,0,False,0,0,0,0,0,0,0,0,0,0,0,0,0,0.0,0.0,0.0,0.0,0,0,0,0,0,0.00,0.00,0.00,0.00,40,295,9409,1507,1212,88
284,DEF,661800,Cathal,McCarthy,2645227,0,False,0,0,0,0,0,0,0,0,0,0,0,0,0,0.0,0.0,0.0,0.0,0,0,0,0,0,0.00,0.00,0.00,0.00,40,-54,9522,986,1040,88
284,DEF,661800,Cathal,McCarthy,2645242,0,False,0,0,0,0,0,0,0,0,0,0,0,0,0,0.0,0.0,0.0,0.0,0,0,0,0,0,0.00,0.00,0.00,0.00,40,425,10301,1366,941,88
285,DEF,160817,Paddy,McNair,2645198,1,False,26,0,0,0,0,0,0,0,0,0,0,0,3,4.2,0.0,0.0,0.4,2,1,0,2,0,0.00,0.00,0.00,0.96,40,0,8697,0,0,88
285,DEF,160817,Paddy,McNair,2645208,0,False,0,0,0,0,0,0,0,0,0,0,0,0,0,0.0,0.0,0.0,0.0,0,0,0,0,0,0.00,0.00,0.00,0.00,40,-44,13083,646,690,88
285,DEF,160817,Paddy,McNair,2645220,0,False,0,0,0,0,0,0,0,0,0,0,0,0,0,0.0,0.0,0.0,0.0,0,0,0,0,0,0.00,0.00,0.00,0.00,40,-491,13231,1008,1499,88
285,DEF,160817,Paddy,McNair,2645227,0,False,0,0,0,0,0,0,0,0,0,0,0,0,0,0.0,0.0,0.0,0.0,0,0,0,0,0,0.00,0.00,0.00,0.00,40,-629,12640,574,1203,88
285,DEF,160817,Paddy,McNair,2645242,0,False,0,0,0,0,0,0,0,0,0,0,0,0,0,0.0,0.0,0.0,0.0,0,0,0,0,0,0.00,0.00,0.00,0.00,40,-192,12664,725,917,88
286,MID,540324,Mohamed,Belloumi,2645198,3,False,90,0,0,1,0,0,0,0,0,0,0,0,8,10.6,2.2,7.0,2.0,3,3,4,10,1,0.05,0.03,0.08,1.83,50,0,40446,0,0,88
286,MID,540324,Mohamed,Belloumi,2645208,6,False,82,0,1,1,0,0,0,0,0,0,0,0,23,23.2,12.1,11.0,4.6,3,5,2,10,1,0.12,0.02,0.14,1.11,50,9859,63814,13890,4031,88
286,MID,540324,Mohamed,Belloumi,2645220,5,False,81,0,0,1,0,0,0,0,0,0,0,0,15,22.8,12.4,10.0,4.5,8,1,3,12,1,0.03,0.01,0.04,1.93,50,16123,88726,26562,10439,88
286,MID,540324,Mohamed,Belloumi,2645227,13,False,59,2,0,0,1,0,0,0,0,0,0,2,43,68.2,11.7,31.0,11.1,0,0,1,1,1,0.17,0.06,0.23,0.26,50,14908,107667,26566,11658,88
286,MID,540324,Mohamed,Belloumi,2645242,4,False,82,0,1,0,2,0,0,0,1,0,0,0,22,33.0,29.1,41.0,10.3,0,5,6,11,1,0.35,0.31,0.66,1.31,51,329008,497698,362918,33910,88
287,MID,232905,Liam,Millar,2645198,0,False,19,0,0,0,0,0,0,0,1,0,0,0,2,2.0,0.3,2.0,0.4,1,1,1,3,0,0.00,0.00,0.00,0.67,50,0,6086,0,0,88
287,MID,232905,Liam,Millar,2645208,6,False,31,1,0,0,0,0,0,0,0,0,0,0,24,34.0,0.8,13.0,4.8,1,0,0,1,0,0.58,0.00,0.58,0.20,50,-682,6233,305,987,88
287,MID,232905,Liam,Millar,2645220,0,False,0,0,0,0,0,0,0,0,0,0,0,0,0,0.0,0.0,0.0,0.0,0,0,0,0,0,0.00,0.00,0.00,0.00,50,140,6931,2873,2733,88
287,MID,232905,Liam,Millar,2645227,0,False,0,0,0,0,0,0,0,0,0,0,0,0,0,0.0,0.0,0.0,0.0,0,0,0,0,0,0.00,0.00,0.00,0.00,50,-2492,4292,0,2492,88
287,MID,232905,Liam,Millar,2645242,0,False,0,0,0,0,0,0,0,0,0,0,0,0,0,0.0,0.0,0.0,0.0,0,0,0,0,0,0.00,0.00,0.00,0.00,50,-1008,3415,0,1008,88
288,MID,171270,Kieran,Dowell,2645198,0,False,0,0,0,0,0,0,0,0,0,0,0,0,0,0.0,0.0,0.0,0.0,0,0,0,0,0,0.00,0.00,0.00,0.00,45,0,35457,0,0,88
288,MID,171270,Kieran,Dowell,2645208,0,False,0,0,0,0,0,0,0,0,0,0,0,0,0,0.0,0.0,0.0,0.0,0,0,0,0,0,0.00,0.00,0.00,0.00,45,-2542,35966,1716,4258,88
288,MID,171270,Kieran,Dowell,2645220,0,False,0,0,0,0,0,0,0,0,0,0,0,0,0,0.0,0.0,0.0,0.0,0,0,0,0,0,0.00,0.00,0.00,0.00,45,-165,37923,5767,5932,88
288,MID,171270,Kieran,Dowell,2645227,0,False,0,0,0,0,0,0,0,0,0,0,0,0,0,0.0,0.0,0.0,0.0,0,0,0,0,0,0.00,0.00,0.00,0.00,45,-2198,35795,2721,4919,88
288,MID,171270,Kieran,Dowell,2645242,0,False,0,0,0,0,0,0,0,0,0,0,0,0,0,0.0,0.0,0.0,0.0,0,0,0,0,0,0.00,0.00,0.00,0.00,45,-2921,33164,1553,4474,88
289,MID,101282,Matt,Crooks,2645198,2,False,90,0,0,1,0,0,0,0,1,0,0,0,9,19.0,2.4,0.0,2.1,4,1,4,9,1,0.00,0.00,0.00,1.83,45,0,57929,0,0,88
289,MID,101282,Matt,Crooks,2645208,0,False,0,0,0,0,0,0,0,0,0,0,0,0,0,0.0,0.0,0.0,0.0,0,0,0,0,0,0.00,0.00,0.00,0.00,45,4451,71261,10141,5690,88
289,MID,101282,Matt,Crooks,2645220,0,False,0,0,0,0,0,0,0,0,0,0,0,0,0,0.0,0.0,0.0,0.0,0,0,0,0,0,0.00,0.00,0.00,0.00,45,-12365,57596,2885,15250,88
289,MID,101282,Matt,Crooks,2645227,1,False,68,0,0,0,2,0,0,0,1,0,0,0,2,11.0,0.4,0.0,1.1,5,3,2,10,1,0.00,0.00,0.00,0.55,45,-6726,52575,2257,8983,88
289,MID,101282,Matt,Crooks,2645242,0,False,45,0,0,0,2,0,0,0,1,0,0,0,6,7.8,14.5,0.0,2.2,0,0,2,2,1,0.00,0.12,0.12,1.19,45,-2230,51411,4076,6306,88
290,MID,243413,Regan,Slater,2645198,6,False,90,0,1,1,0,0,0,0,0,0,0,0,20,18.4,19.3,0.0,3.8,0,2,1,3,1,0.00,0.44,0.44,1.83,45,0,272889,0,0,88
290,MID,243413,Regan,Slater,2645208,2,False,90,0,0,1,0,0,0,0,1,0,0,0,6,9.8,2.8,2.0,1.5,2,4,4,10,1,0.00,0.01,0.01,1.29,45,69997,391444,92371,22374,88
290,MID,243413,Regan,Slater,2645220,3,False,90,0,0,1,0,0,0,0,0,0,0,0,10,10.6,12.3,8.0,3.1,3,2,1,6,1,0.04,0.01,0.05,1.93,45,91326,523606,157568,66242,88
290,MID,243413,Regan,Slater,2645227,2,False,90,0,0,0,2,0,0,0,0,0,0,0,22,19.2,26.9,7.0,5.3,3,5,3,11,1,0.04,0.10,0.14,0.91,45,81497,601956,170308,88811,88
290,MID,243413,Regan,Slater,2645242,2,False,77,0,0,0,2,0,0,0,0,0,0,0,9,4.2,23.8,9.0,3.7,1,2,0,3,1,0.13,0.03,0.16,1.31,45,-886,597244,62686,63572,88
291,MID,465525,Eliot,Matazo,2645198,0,False,0,0,0,0,0,0,0,0,0,0,0,0,0,0.0,0.0,0.0,0.0,0,0,0,0,0,0.00,0.00,0.00,0.00,45,0,600,0,0,88
291,MID,465525,Eliot,Matazo,2645208,0,False,0,0,0,0,0,0,0,0,0,0,0,0,0,0.0,0.0,0.0,0.0,0,0,0,0,0,0.00,0.00,0.00,0.00,45,-32,625,64,96,88
291,MID,465525,Eliot,Matazo,2645220,0,False,0,0,0,0,0,0,0,0,0,0,0,0,0,0.0,0.0,0.0,0.0,0,0,0,0,0,0.00,0.00,0.00,0.00,45,-33,637,103,136,88
291,MID,465525,Eliot,Matazo,2645227,0,False,0,0,0,0,0,0,0,0,0,0,0,0,0,0.0,0.0,0.0,0.0,0,0,0,0,0,0.00,0.00,0.00,0.00,45,1,664,117,116,88
291,MID,465525,Eliot,Matazo,2645242,0,False,0,0,0,0,0,0,0,0,0,0,0,0,0,0.0,0.0,0.0,0.0,0,0,0,0,0,0.00,0.00,0.00,0.00,45,-23,638,67,90,88
292,MID,208481,Abdülkadir,Ömür,2645198,0,False,0,0,0,0,0,0,0,0,0,0,0,0,0,0.0,0.0,0.0,0.0,0,0,0,0,0,0.00,0.00,0.00,0.00,50,0,1546,0,0,88
292,MID,208481,Abdülkadir,Ömür,2645208,0,False,0,0,0,0,0,0,0,0,0,0,0,0,0,0.0,0.0,0.0,0.0,0,0,0,0,0,0.00,0.00,0.00,0.00,50,-178,1668,209,387,88
292,MID,208481,Abdülkadir,Ömür,2645220,0,False,0,0,0,0,0,0,0,0,0,0,0,0,0,0.0,0.0,0.0,0.0,0,0,0,0,0,0.00,0.00,0.00,0.00,49,-131,1697,323,454,88
292,MID,208481,Abdülkadir,Ömür,2645227,0,False,0,0,0,0,0,0,0,0,0,0,0,0,0,0.0,0.0,0.0,0.0,0,0,0,0,0,0.00,0.00,0.00,0.00,49,-30,1763,298,328,88
292,MID,208481,Abdülkadir,Ömür,2645242,0,False,0,0,0,0,0,0,0,0,0,0,0,0,0,0.0,0.0,0.0,0.0,0,0,0,0,0,0.00,0.00,0.00,0.00,49,-24,1845,288,312,88
293,MID,490161,Abu,Kamara,2645198,0,False,0,0,0,0,0,0,0,0,0,0,0,0,0,0.0,0.0,0.0,0.0,0,0,0,0,0,0.00,0.00,0.00,0.00,50,0,555,0,0,88
293,MID,490161,Abu,Kamara,2645208,0,False,0,0,0,0,0,0,0,0,0,0,0,0,0,0.0,0.0,0.0,0.0,0,0,0,0,0,0.00,0.00,0.00,0.00,50,-197,353,0,197,88
293,MID,490161,Abu,Kamara,2645220,0,False,0,0,0,0,0,0,0,0,0,0,0,0,0,0.0,0.0,0.0,0.0,0,0,0,0,0,0.00,0.00,0.00,0.00,50,-96,258,0,96,88
293,MID,490161,Abu,Kamara,2645227,0,False,0,0,0,0,0,0,0,0,0,0,0,0,0,0.0,0.0,0.0,0.0,0,0,0,0,0,0.00,0.00,0.00,0.00,50,-47,215,0,47,88
293,MID,490161,Abu,Kamara,2645242,0,False,0,0,0,0,0,0,0,0,0,0,0,0,0,0.0,0.0,0.0,0.0,0,0,0,0,0,0.00,0.00,0.00,0.00,50,-22,193,0,22,88
294,MID,553783,Óscar,Zambrano,2645198,0,False,0,0,0,0,0,0,0,0,0,0,0,0,0,0.0,0.0,0.0,0.0,0,0,0,0,0,0.00,0.00,0.00,0.00,45,0,10995,0,0,88
294,MID,553783,Óscar,Zambrano,2645208,0,False,0,0,0,0,0,0,0,0,0,0,0,0,0,0.0,0.0,0.0,0.0,0,0,0,0,0,0.00,0.00,0.00,0.00,45,-1658,10090,491,2149,88
294,MID,553783,Óscar,Zambrano,2645220,0,False,0,0,0,0,0,0,0,0,0,0,0,0,0,0.0,0.0,0.0,0.0,0,0,0,0,0,0.00,0.00,0.00,0.00,45,-1263,9216,645,1908,88
294,MID,553783,Óscar,Zambrano,2645227,0,False,0,0,0,0,0,0,0,0,0,0,0,0,0,0.0,0.0,0.0,0.0,0,0,0,0,0,0.00,0.00,0.00,0.00,45,258,10293,1379,1121,88
294,MID,553783,Óscar,Zambrano,2645242,0,False,0,0,0,0,0,0,0,0,0,0,0,0,0,0.0,0.0,0.0,0.0,0,0,0,0,0,0.00,0.00,0.00,0.00,45,63,10217,1214,1151,88
295,FWD,169432,Oli,McBurnie,2645198,5,False,90,0,1,1,0,0,0,0,0,0,0,0,21,17.2,21.1,52.0,9.0,3,2,0,5,1,0.16,0.01,0.17,1.83,55,0,113765,0,0,88
295,FWD,169432,Oli,McBurnie,2645208,1,False,90,0,0,1,0,0,0,0,1,0,0,0,7,0.8,13.3,8.0,2.2,0,4,0,4,1,0.00,0.01,0.01,1.29,55,66700,219548,82641,15941,88
295,FWD,169432,Oli,McBurnie,2645220,2,False,90,0,0,1,0,0,0,0,0,0,0,0,2,2.6,11.3,15.0,2.9,1,0,2,3,1,0.38,0.05,0.43,1.93,55,-9368,211366,40632,50000,88
295,FWD,169432,Oli,McBurnie,2645227,4,False,81,0,1,0,2,0,0,0,1,0,0,0,17,23.6,10.8,19.0,5.3,2,0,1,3,1,0.33,0.04,0.37,0.72,55,-18516,198314,22215,40731,88
295,FWD,169432,Oli,McBurnie,2645242,1,False,90,0,0,0,2,0,0,0,1,0,0,0,5,3.0,12.6,20.0,3.6,3,3,0,6,1,0.36,0.02,0.38,1.44,55,6823,213941,35498,28675,88
296,MID,213292,David,Akintola,2645198,0,False,0,0,0,0,0,0,0,0,0,0,0,0,0,0.0,0.0,0.0,0.0,0,0,0,0,0,0.00,0.00,0.00,0.00,50,0,3400,0,0,88
296,MID,213292,David,Akintola,2645208,0,False,0,0,0,0,0,0,0,0,0,0,0,0,0,0.0,0.0,0.0,0.0,0,0,0,0,0,0.00,0.00,0.00,0.00,50,-26,4113,914,940,88
296,MID,213292,David,Akintola,2645220,0,False,0,0,0,0,0,0,0,0,0,0,0,0,0,0.0,0.0,0.0,0.0,0,0,0,0,0,0.00,0.00,0.00,0.00,50,-67,4439,1268,1335,88
296,MID,213292,David,Akintola,2645227,0,False,0,0,0,0,0,0,0,0,0,0,0,0,0,0.0,0.0,0.0,0.0,0,0,0,0,0,0.00,0.00,0.00,0.00,50,-603,3894,522,1125,88
296,MID,213292,David,Akintola,2645242,0,False,0,0,0,0,0,0,0,0,0,0,0,0,0,0.0,0.0,0.0,0.0,0,0,0,0,0,0.00,0.00,0.00,0.00,50,-1213,2690,0,1213,88
297,MID,470294,Darko,Gyabi,2645198,0,False,0,0,0,0,0,0,0,0,0,0,0,0,0,0.0,0.0,0.0,0.0,0,0,0,0,0,0.00,0.00,0.00,0.00,45,0,2774,0,0,88
297,MID,470294,Darko,Gyabi,2645208,0,False,0,0,0,0,0,0,0,0,0,0,0,0,0,0.0,0.0,0.0,0.0,0,0,0,0,0,0.00,0.00,0.00,0.00,45,-462,2377,64,526,88
297,MID,470294,Darko,Gyabi,2645220,0,False,0,0,0,0,0,0,0,0,0,0,0,0,0,0.0,0.0,0.0,0.0,0,0,0,0,0,0.00,0.00,0.00,0.00,45,-302,2158,141,443,88
297,MID,470294,Darko,Gyabi,2645227,0,False,0,0,0,0,0,0,0,0,0,0,0,0,0,0.0,0.0,0.0,0.0,0,0,0,0,0,0.00,0.00,0.00,0.00,45,-159,2036,123,282,88
297,MID,470294,Darko,Gyabi,2645242,0,False,0,0,0,0,0,0,0,0,0,0,0,0,0,0.0,0.0,0.0,0.0,0,0,0,0,0,0.00,0.00,0.00,0.00,45,-156,1875,61,217,88
298,FWD,500957,Enis,Destan,2645198,0,False,0,0,0,0,0,0,0,0,0,0,0,0,0,0.0,0.0,0.0,0.0,0,0,0,0,0,0.00,0.00,0.00,0.00,45,0,40958,0,0,88
298,FWD,500957,Enis,Destan,2645208,0,False,0,0,0,0,0,0,0,0,0,0,0,0,0,0.0,0.0,0.0,0.0,0,0,0,0,0,0.00,0.00,0.00,0.00,45,-8866,31698,0,8866,88
298,FWD,500957,Enis,Destan,2645220,0,False,0,0,0,0,0,0,0,0,0,0,0,0,0,0.0,0.0,0.0,0.0,0,0,0,0,0,0.00,0.00,0.00,0.00,45,-5574,26020,0,5574,88
298,FWD,500957,Enis,Destan,2645227,0,False,0,0,0,0,0,0,0,0,0,0,0,0,0,0.0,0.0,0.0,0.0,0,0,0,0,0,0.00,0.00,0.00,0.00,45,-3752,22427,0,3752,88
298,FWD,500957,Enis,Destan,2645242,0,False,0,0,0,0,0,0,0,0,0,0,0,0,0,0.0,0.0,0.0,0.0,0,0,0,0,0,0.00,0.00,0.00,0.00,45,-2761,19933,0,2761,88
299,FWD,534392,Mason,Burstow,2645198,0,False,0,0,0,0,0,0,0,0,0,0,0,0,0,0.0,0.0,0.0,0.0,0,0,0,0,0,0.00,0.00,0.00,0.00,45,0,6401,0,0,88
299,FWD,534392,Mason,Burstow,2645208,0,False,0,0,0,0,0,0,0,0,0,0,0,0,0,0.0,0.0,0.0,0.0,0,0,0,0,0,0.00,0.00,0.00,0.00,45,-1210,5122,0,1210,88
299,FWD,534392,Mason,Burstow,2645220,0,False,0,0,0,0,0,0,0,0,0,0,0,0,0,0.0,0.0,0.0,0.0,0,0,0,0,0,0.00,0.00,0.00,0.00,45,-778,4321,0,778,88
299,FWD,534392,Mason,Burstow,2645227,0,False,0,0,0,0,0,0,0,0,0,0,0,0,0,0.0,0.0,0.0,0.0,0,0,0,0,0,0.00,0.00,0.00,0.00,45,-497,3872,0,497,88
299,FWD,534392,Mason,Burstow,2645242,0,False,0,0,0,0,0,0,0,0,0,0,0,0,0,0.0,0.0,0.0,0.0,0,0,0,0,0,0.00,0.00,0.00,0.00,45,-365,3535,0,365,88
340,MID,462635,Joe,Gelhardt,2645198,0,False,0,0,0,0,0,0,0,0,0,0,0,0,0,0.0,0.0,0.0,0.0,0,0,0,0,0,0.00,0.00,0.00,0.00,50,0,1365,0,0,88
340,MID,462635,Joe,Gelhardt,2645208,0,False,0,0,0,0,0,0,0,0,0,0,0,0,0,0.0,0.0,0.0,0.0,0,0,0,0,0,0.00,0.00,0.00,0.00,50,-243,1160,45,288,88
340,MID,462635,Joe,Gelhardt,2645220,0,False,0,0,0,0,0,0,0,0,0,0,0,0,0,0.0,0.0,0.0,0.0,0,0,0,0,0,0.00,0.00,0.00,0.00,50,-124,1068,99,223,88
340,MID,462635,Joe,Gelhardt,2645227,0,False,0,0,0,0,0,0,0,0,0,0,0,0,0,0.0,0.0,0.0,0.0,0,0,0,0,0,0.00,0.00,0.00,0.00,50,22,1173,185,163,88
340,MID,462635,Joe,Gelhardt,2645242,1,False,7,0,0,0,0,0,0,0,0,0,0,0,5,1.6,1.3,12.0,1.5,0,1,0,1,0,0.10,0.02,0.12,0.13,50,48,1289,281,233,88
556,DEF,169359,Matt,Targett,2645198,1,False,5,0,0,0,0,0,0,0,0,0,0,0,3,0.4,0.0,0.0,0.0,0,1,0,0,0,0.00,0.00,0.00,0.07,40,0,218902,0,0,88
556,DEF,169359,Matt,Targett,2645208,0,False,0,0,0,0,0,0,0,0,0,0,0,0,0,0.0,0.0,0.0,0.0,0,0,0,0,0,0.00,0.00,0.00,0.00,40,-10048,224749,5393,15441,88
556,DEF,169359,Matt,Targett,2645220,0,False,0,0,0,0,0,0,0,0,0,0,0,0,0,0.0,0.0,0.0,0.0,0,0,0,0,0,0.00,0.00,0.00,0.00,40,-12694,218007,10419,23113,88
556,DEF,169359,Matt,Targett,2645227,0,False,0,0,0,0,0,0,0,0,0,0,0,0,0,0.0,0.0,0.0,0.0,0,0,0,0,0,0.00,0.00,0.00,0.00,40,-14007,203969,5238,19245,88
556,DEF,169359,Matt,Targett,2645242,0,False,0,0,0,0,0,0,0,0,0,0,0,0,0,0.0,0.0,0.0,0.0,0,0,0,0,0,0.00,0.00,0.00,0.00,40,-15803,187250,3674,19477,88
563,MID,445028,Hidemasa,Morita,2645198,0,False,0,0,0,0,0,0,0,0,0,0,0,0,0,0.0,0.0,0.0,0.0,0,0,0,0,0,0.00,0.00,0.00,0.00,50,0,2175,0,0,88
563,MID,445028,Hidemasa,Morita,2645208,1,False,45,0,0,0,0,0,0,0,0,0,0,0,6,11.0,13.4,0.0,2.4,2,1,0,3,1,0.00,0.00,0.00,1.09,50,-210,2129,118,328,88
563,MID,445028,Hidemasa,Morita,2645220,0,False,0,0,0,0,0,0,0,0,0,0,0,0,0,0.0,0.0,0.0,0.0,0,0,0,0,0,0.00,0.00,0.00,0.00,50,104,2482,421,317,88
563,MID,445028,Hidemasa,Morita,2645227,0,False,0,0,0,0,0,0,0,0,0,0,0,0,0,0.0,0.0,0.0,0.0,0,0,0,0,0,0.00,0.00,0.00,0.00,50,-369,2165,141,510,88
563,MID,445028,Hidemasa,Morita,2645242,0,False,0,0,0,0,0,0,0,0,0,0,0,0,0,0.0,0.0,0.0,0.0,0,0,0,0,0,0.00,0.00,0.00,0.00,50,-418,1759,23,441,88
572,GKP,473284,Konstantinos,Tzolakis,2645198,10,False,90,0,0,1,0,0,0,0,0,0,5,3,41,34.6,0.0,0.0,3.5,0,22,0,0,1,0.00,0.00,0.00,1.83,45,0,48305,0,0,88
572,GKP,473284,Konstantinos,Tzolakis,2645208,10,False,90,0,0,1,0,0,0,0,0,0,3,3,32,26.2,0.0,0.0,2.6,0,11,0,0,1,0.00,0.00,0.00,1.29,45,89555,301344,101970,12415,88
572,GKP,473284,Konstantinos,Tzolakis,2645220,6,False,90,0,0,1,0,0,0,0,0,0,1,0,25,11.6,0.0,0.0,1.2,0,10,0,0,1,0.00,0.00,0.00,1.93,46,306909,857252,367782,60873,88
572,GKP,473284,Konstantinos,Tzolakis,2645227,2,False,90,0,0,0,2,0,0,0,0,0,5,0,15,29.4,0.0,0.0,2.9,2,15,0,0,1,0.00,0.00,0.00,0.91,46,171110,1074132,238858,67748,88
572,GKP,473284,Konstantinos,Tzolakis,2645242,6,False,90,0,0,0,2,0,1,0,1,0,3,0,16,48.2,0.0,0.0,4.8,0,11,1,0,1,0.00,0.00,0.00,1.44,46,108104,1243266,162718,54614,88
574,MID,552946,Jens,Hjertø-Dahl,2645198,0,False,0,0,0,0,0,0,0,0,0,0,0,0,0,0.0,0.0,0.0,0.0,0,0,0,0,0,0.00,0.00,0.00,0.00,50,0,7500,0,0,88
574,MID,552946,Jens,Hjertø-Dahl,2645208,0,False,0,0,0,0,0,0,0,0,0,0,0,0,0,0.0,0.0,0.0,0.0,0,0,0,0,0,0.00,0.00,0.00,0.00,50,-662,7716,307,969,88
574,MID,552946,Jens,Hjertø-Dahl,2645220,1,False,8,0,0,0,0,0,0,0,0,0,0,0,4,0.0,0.0,0.0,0.0,0,1,0,1,0,0.00,0.00,0.00,0.00,50,-1139,6691,321,1460,88
574,MID,552946,Jens,Hjertø-Dahl,2645227,0,False,0,0,0,0,0,0,0,0,0,0,0,0,0,0.0,0.0,0.0,0.0,0,0,0,0,0,0.00,0.00,0.00,0.00,49,-421,6454,444,865,88
574,MID,552946,Jens,Hjertø-Dahl,2645242,0,False,0,0,0,0,0,0,0,0,0,0,0,0,0,0.0,0.0,0.0,0.0,0,0,0,0,0,0.00,0.00,0.00,0.00,49,-537,6046,289,826,88
576,MID,608227,Elliot,Stroud,2645198,3,False,70,0,0,1,0,0,0,0,0,0,0,0,11,8.4,4.8,0.0,1.3,1,2,3,6,1,0.00,0.03,0.03,1.16,50,0,6733,0,0,88
576,MID,608227,Elliot,Stroud,2645208,0,False,58,0,0,0,0,0,0,0,1,0,0,0,-2,0.0,4.3,7.0,0.9,2,5,0,7,1,0.01,0.01,0.02,1.09,50,833,9465,1430,597,88
576,MID,608227,Elliot,Stroud,2645220,3,False,62,0,0,1,0,0,0,0,0,0,0,0,5,0.0,11.8,4.0,1.4,0,2,0,2,1,0.04,0.01,0.05,1.81,50,-916,8900,770,1686,88
576,MID,608227,Elliot,Stroud,2645227,1,False,59,0,0,0,1,0,0,0,0,0,0,0,3,0.0,1.8,1.0,0.2,0,3,2,5,1,0.01,0.00,0.01,0.26,50,-410,8779,621,1031,88
576,MID,608227,Elliot,Stroud,2645242,0,False,0,0,0,0,0,0,0,0,0,0,0,0,0,0.0,0.0,0.0,0.0,0,0,0,0,0,0.00,0.00,0.00,0.00,50,-208,8823,701,909,88
585,DEF,597462,Lucas,Herrington,2645198,1,False,26,0,0,0,0,0,0,0,0,0,0,0,4,8.0,0.0,0.0,0.8,4,0,0,4,0,0.00,0.00,0.00,0.96,40,0,53978,0,0,88
585,DEF,597462,Lucas,Herrington,2645208,1,False,31,0,0,0,0,0,0,0,0,0,0,0,3,3.0,0.2,0.0,0.3,1,0,0,1,0,0.00,0.00,0.00,0.20,40,-831,63919,2771,3602,88
585,DEF,597462,Lucas,Herrington,2645220,1,False,19,0,0,0,0,0,0,0,0,0,0,0,2,6.6,0.1,0.0,0.7,1,1,1,2,0,0.00,0.00,0.00,0.12,40,-1665,64658,3434,5099,88
585,DEF,597462,Lucas,Herrington,2645227,1,False,31,0,0,0,1,0,0,0,0,0,0,0,-1,1.6,0.4,0.0,0.2,1,0,0,1,0,0.00,0.01,0.01,0.64,40,-2456,62794,2136,4592,88
585,DEF,597462,Lucas,Herrington,2645242,1,False,90,0,0,0,2,0,0,0,0,0,0,0,11,23.6,22.4,11.0,5.7,7,5,1,8,1,0.02,0.03,0.05,1.44,40,-136,63742,3458,3594,88
586,DEF,606930,Nobel,Mendy,2645198,15,False,63,1,0,1,0,0,0,0,0,0,0,1,35,51.8,0.6,33.0,8.5,13,2,0,13,1,0.28,0.00,0.28,0.86,40,0,92688,0,0,88
586,DEF,606930,Nobel,Mendy,2645208,1,False,58,0,0,0,0,0,0,0,0,0,0,0,9,27.6,0.0,7.0,3.5,7,2,2,9,1,0.01,0.00,0.01,1.09,40,160120,418634,179580,19460,88
586,DEF,606930,Nobel,Mendy,2645220,8,False,70,0,0,1,0,0,0,0,0,0,0,0,22,16.2,0.6,14.0,3.1,7,2,3,10,1,0.03,0.00,0.03,1.81,40,98035,619201,166798,68763,88
586,DEF,606930,Nobel,Mendy,2645227,1,False,58,0,0,0,1,0,0,0,0,0,0,0,3,12.6,0.2,0.0,1.3,5,0,2,7,1,0.00,0.00,0.00,0.26,41,246029,895270,316492,70463,88
586,DEF,606930,Nobel,Mendy,2645242,0,False,0,0,0,0,0,0,0,0,0,0,0,0,0,0.0,0.0,0.0,0.0,0,0,0,0,0,0.00,0.00,0.00,0.00,41,-152875,693276,13422,166297,88
589,MID,469266,Lucas,Gourna-Douath,2645198,0,False,0,0,0,0,0,0,0,0,0,0,0,0,0,0.0,0.0,0.0,0.0,0,0,0,0,0,0.00,0.00,0.00,0.00,50,0,2352,0,0,88
589,MID,469266,Lucas,Gourna-Douath,2645208,1,False,45,0,0,0,0,0,0,0,0,0,0,0,6,12.8,0.9,0.0,1.4,1,2,3,6,0,0.00,0.01,0.01,0.20,50,-178,2781,135,313,88
589,MID,469266,Lucas,Gourna-Douath,2645220,2,False,81,0,0,1,0,0,0,0,1,0,0,0,7,13.4,21.6,0.0,3.5,4,5,1,10,1,0.00,0.01,0.01,1.93,50,-134,2738,213,347,88
589,MID,469266,Lucas,Gourna-Douath,2645227,0,False,0,0,0,0,0,0,0,0,0,0,0,0,0,0.0,0.0,0.0,0.0,0,0,0,0,0,0.00,0.00,0.00,0.00,50,-111,2686,172,283,88
589,MID,469266,Lucas,Gourna-Douath,2645242,1,False,12,0,0,0,0,0,0,0,0,0,0,0,5,3.2,11.0,2.0,1.6,0,0,1,1,0,0.03,0.01,0.04,0.13,50,-143,2600,149,292,88
617,MID,490884,Mohamed-Ali,Cho,2645208,1,False,7,0,0,0,0,0,0,0,0,0,0,0,3,0.4,0.3,0.0,0.1,0,0,0,0,0,0.00,0.00,0.00,0.18,50,23,49,25,2,88
617,MID,490884,Mohamed-Ali,Cho,2645220,1,False,8,0,0,0,0,0,0,0,0,0,0,0,5,3.0,0.0,17.0,2.0,0,0,0,0,0,0.05,0.00,0.05,0.00,50,482,871,671,189,88
617,MID,490884,Mohamed-Ali,Cho,2645227,1,False,30,0,0,0,1,0,0,0,0,0,0,0,3,7.2,18.5,21.0,4.7,1,1,0,2,0,0.47,0.16,0.63,0.64,50,147,1116,339,192,88
617,MID,490884,Mohamed-Ali,Cho,2645242,6,False,27,1,0,0,0,0,0,0,0,0,0,0,25,39.2,25.1,17.0,8.1,0,0,0,0,0,0.27,0.20,0.47,0.16,50,172,1422,401,229,88
632,FWD,626751,Ilyas,Ansah,2645220,0,False,0,0,0,0,0,0,0,0,0,0,0,0,0,0.0,0.0,0.0,0.0,0,0,0,0,0,0.00,0.00,0.00,0.00,50,2012,2839,2222,210,88
632,FWD,626751,Ilyas,Ansah,2645227,0,False,0,0,0,0,0,0,0,0,0,0,0,0,0,0.0,0.0,0.0,0.0,0,0,0,0,0,0.00,0.00,0.00,0.00,50,1122,4222,2674,1552,88
632,FWD,626751,Ilyas,Ansah,2645242,0,False,0,0,0,0,0,0,0,0,0,0,0,0,0,0.0,0.0,0.0,0.0,0,0,0,0,0,0.00,0.00,0.00,0.00,50,-1167,3032,151,1318,88
637,FWD,631000,Robinio,Vaz,2645220,0,False,0,0,0,0,0,0,0,0,0,0,0,0,0,0.0,0.0,0.0,0.0,0,0,0,0,0,0.00,0.00,0.00,0.00,50,1405,2077,1607,202,88
637,FWD,631000,Robinio,Vaz,2645227,1,False,8,0,0,0,0,0,0,0,0,0,0,0,3,0.0,0.5,0.0,0.0,0,1,0,1,0,0.00,0.00,0.00,0.18,50,2411,5168,3312,901,88
637,FWD,631000,Robinio,Vaz,2645242,1,False,12,0,0,0,0,0,0,0,0,0,0,0,5,2.4,11.2,2.0,1.6,0,1,0,1,0,0.00,0.01,0.01,0.13,50,3868,10422,5586,1718,88
638,DEF,496181,Brooke,Norton-Cuffy,2645220,1,False,26,0,0,0,0,0,0,0,0,0,0,0,3,2.2,0.3,2.0,0.5,1,2,0,1,0,0.00,0.00,0.00,0.12,40,5681,17629,6454,773,88
638,DEF,496181,Brooke,Norton-Cuffy,2645227,0,False,8,0,0,0,0,0,0,0,1,0,0,0,0,0.0,0.3,7.0,0.7,0,2,0,0,0,0.05,0.00,0.05,0.18,40,10672,34986,14148,3476,88
638,DEF,496181,Brooke,Norton-Cuffy,2645242,0,False,0,0,0,0,0,0,0,0,0,0,0,0,0,0.0,0.0,0.0,0.0,0,0,0,0,0,0.00,0.00,0.00,0.00,40,1437,29384,5014,3577,88
642,MID,243951,Sorba,Thomas,2645220,1,False,27,0,0,0,0,0,0,0,0,0,0,0,5,3.2,10.8,0.0,1.4,0,1,0,1,0,0.00,0.04,0.04,0.12,55,388,569,446,58,88
642,MID,243951,Sorba,Thomas,2645227,1,False,30,0,0,0,1,0,0,0,0,0,0,0,6,5.6,14.8,4.0,2.4,0,4,0,4,0,0.02,0.03,0.05,0.64,55,606,1526,883,277,88
642,MID,243951,Sorba,Thomas,2645242,2,False,62,0,0,0,2,0,0,0,0,0,0,0,2,0.0,15.3,8.0,2.0,0,2,1,3,1,0.19,0.04,0.23,1.28,55,761,2637,1275,514,88
645,MID,647839,Christos,Mouzakitis,2645220,0,False,0,0,0,0,0,0,0,0,0,0,0,0,0,0.0,0.0,0.0,0.0,0,0,0,0,0,0.00,0.00,0.00,0.00,50,186,288,210,24,88
645,MID,647839,Christos,Mouzakitis,2645227,0,False,0,0,0,0,0,0,0,0,0,0,0,0,0,0.0,0.0,0.0,0.0,0,0,0,0,0,0.00,0.00,0.00,0.00,50,180,598,270,90,88
645,MID,647839,Christos,Mouzakitis,2645242,0,False,0,0,0,0,0,0,0,0,0,0,0,0,0,0.0,0.0,0.0,0.0,0,0,0,0,0,0.00,0.00,0.00,0.00,50,100,784,212,112,88
259,DEF,219924,Issa,Diop,2645199,2,False,90,0,0,0,1,0,0,0,0,0,0,0,7,7.2,0.8,2.0,1.0,4,6,1,5,1,0.00,0.01,0.01,0.66,40,0,1668644,0,0,40
259,DEF,219924,Issa,Diop,2645212,2,False,90,0,0,0,5,0,0,0,0,0,0,0,7,40.8,0.3,0.0,4.1,12,4,0,12,1,0.00,0.00,0.00,4.77,40,-44411,1683238,26513,70924,40
259,DEF,219924,Issa,Diop,2645221,3,False,90,0,0,0,2,0,0,0,0,0,0,0,10,27.2,10.8,0.0,3.8,9,2,2,11,1,0.00,0.01,0.01,0.69,40,-81636,1603991,43514,125150,40
259,DEF,219924,Issa,Diop,2645229,1,False,90,0,0,0,2,0,0,0,0,0,0,0,8,15.0,1.8,2.0,1.9,6,5,1,7,1,0.00,0.13,0.13,0.62,40,-104266,1519556,39336,143602,40
259,DEF,219924,Issa,Diop,2645238,4,False,90,0,0,0,1,0,0,0,0,0,0,0,13,31.4,10.5,5.0,4.7,10,4,0,10,1,0.06,0.01,0.07,2.24,40,-93272,1423347,19674,112946,40
267,MID,212314,Saša,Lukić,2645199,5,False,90,0,1,0,1,0,0,0,0,0,0,0,22,23.4,14.8,2.0,4.0,2,3,1,6,1,0.00,0.02,0.02,0.66,50,0,10816,0,0,40
267,MID,212314,Saša,Lukić,2645212,1,False,72,0,0,0,4,0,0,0,1,0,0,0,11,17.4,11.9,2.0,3.1,7,1,3,11,1,0.02,0.02,0.04,3.91,50,-167,12592,1178,1345,40
267,MID,212314,Saša,Lukić,2645221,2,False,90,0,0,0,2,0,0,0,0,0,0,0,13,10.4,14.2,0.0,2.5,1,2,1,4,1,0.00,0.02,0.02,0.69,50,-997,11933,809,1806,40
267,MID,212314,Saša,Lukić,2645229,1,False,76,0,0,0,2,0,0,0,1,0,0,0,8,10.2,23.5,2.0,3.6,5,4,1,10,1,0.00,0.10,0.10,0.35,50,-645,11520,772,1417,40
267,MID,212314,Saša,Lukić,2645238,2,False,72,0,0,0,1,0,0,0,0,0,0,0,14,9.6,16.8,0.0,2.6,2,3,1,6,1,0.00,0.25,0.25,1.76,50,-916,10737,469,1385,40
300,GKP,108813,Christian,Walton,2645199,0,False,0,0,0,0,0,0,0,0,0,0,0,0,0,0.0,0.0,0.0,0.0,0,0,0,0,0,0.00,0.00,0.00,0.00,45,0,47085,0,0,40
300,GKP,108813,Christian,Walton,2645212,0,False,0,0,0,0,0,0,0,0,0,0,0,0,0,0.0,0.0,0.0,0.0,0,0,0,0,0,0.00,0.00,0.00,0.00,45,-4363,48759,209,4572,40
300,GKP,108813,Christian,Walton,2645221,0,False,0,0,0,0,0,0,0,0,0,0,0,0,0,0.0,0.0,0.0,0.0,0,0,0,0,0,0.00,0.00,0.00,0.00,45,-4114,44862,350,4464,40
300,GKP,108813,Christian,Walton,2645229,0,False,0,0,0,0,0,0,0,0,0,0,0,0,0,0.0,0.0,0.0,0.0,0,0,0,0,0,0.00,0.00,0.00,0.00,44,-2408,42889,363,2771,40
300,GKP,108813,Christian,Walton,2645238,2,False,90,0,0,0,1,0,0,0,0,0,1,0,10,12.0,0.0,0.0,1.2,2,17,0,0,1,0.00,0.01,0.01,2.24,44,-1343,41812,763,2106,40
301,GKP,112520,Alex,Palmer,2645199,0,False,0,0,0,0,0,0,0,0,0,0,0,0,0,0.0,0.0,0.0,0.0,0,0,0,0,0,0.00,0.00,0.00,0.00,40,0,426453,0,0,40
301,GKP,112520,Alex,Palmer,2645212,0,False,0,0,0,0,0,0,0,0,0,0,0,0,0,0.0,0.0,0.0,0.0,0,0,0,0,0,0.00,0.00,0.00,0.00,40,-9662,442454,7686,17348,40
301,GKP,112520,Alex,Palmer,2645221,0,False,0,0,0,0,0,0,0,0,0,0,0,0,0,0.0,0.0,0.0,0.0,0,0,0,0,0,0.00,0.00,0.00,0.00,40,-1187,452044,29680,30867,40
301,GKP,112520,Alex,Palmer,2645229,0,False,0,0,0,0,0,0,0,0,0,0,0,0,0,0.0,0.0,0.0,0.0,0,0,0,0,0,0.00,0.00,0.00,0.00,40,-8837,443746,24047,32884,40
301,GKP,112520,Alex,Palmer,2645238,0,False,0,0,0,0,0,0,0,0,0,0,0,0,0,0.0,0.0,0.0,0.0,0,0,0,0,0,0.00,0.00,0.00,0.00,40,-10957,432976,9183,20140,40
302,GKP,50093,David,Button,2645199,0,False,0,0,0,0,0,0,0,0,0,0,0,0,0,0.0,0.0,0.0,0.0,0,0,0,0,0,0.00,0.00,0.00,0.00,40,0,40566,0,0,40
302,GKP,50093,David,Button,2645212,0,False,0,0,0,0,0,0,0,0,0,0,0,0,0,0.0,0.0,0.0,0.0,0,0,0,0,0,0.00,0.00,0.00,0.00,40,140,44640,1959,1819,40
302,GKP,50093,David,Button,2645221,0,False,0,0,0,0,0,0,0,0,0,0,0,0,0,0.0,0.0,0.0,0.0,0,0,0,0,0,0.00,0.00,0.00,0.00,40,3716,51311,7597,3881,40
302,GKP,50093,David,Button,2645229,0,False,0,0,0,0,0,0,0,0,0,0,0,0,0,0.0,0.0,0.0,0.0,0,0,0,0,0,0.00,0.00,0.00,0.00,40,11691,63364,17503,5812,40
302,GKP,50093,David,Button,2645238,0,False,0,0,0,0,0,0,0,0,0,0,0,0,0,0.0,0.0,0.0,0.0,0,0,0,0,0,0.00,0.00,0.00,0.00,40,611,64291,2951,2340,40
303,DEF,183015,Cédric,Kipré,2645199,0,False,0,0,0,0,0,0,0,0,0,0,0,0,0,0.0,0.0,0.0,0.0,0,0,0,0,0,0.00,0.00,0.00,0.00,40,0,57775,0,0,40
303,DEF,183015,Cédric,Kipré,2645212,0,False,0,0,0,0,0,0,0,0,0,0,0,0,0,0.0,0.0,0.0,0.0,0,0,0,0,0,0.00,0.00,0.00,0.00,40,-4615,60443,332,4947,40
303,DEF,183015,Cédric,Kipré,2645221,0,False,0,0,0,0,0,0,0,0,0,0,0,0,0,0.0,0.0,0.0,0.0,0,0,0,0,0,0.00,0.00,0.00,0.00,40,-4792,56159,632,5424,40
303,DEF,183015,Cédric,Kipré,2645229,0,False,0,0,0,0,0,0,0,0,0,0,0,0,0,0.0,0.0,0.0,0.0,0,0,0,0,0,0.00,0.00,0.00,0.00,40,-3541,52847,589,4130,40
303,DEF,183015,Cédric,Kipré,2645238,0,False,0,0,0,0,0,0,0,0,0,0,0,0,0,0.0,0.0,0.0,0.0,0,0,0,0,0,0.00,0.00,0.00,0.00,39,32822,129561,43068,10246,40
304,DEF,216616,Dara,O'Shea,2645199,4,False,90,0,0,0,1,0,0,0,0,0,0,0,16,48.0,24.5,2.0,7.5,16,6,2,18,1,0.00,0.16,0.16,0.66,40,0,313565,0,0,40
304,DEF,216616,Dara,O'Shea,2645212,0,False,90,0,0,0,5,0,0,0,0,0,0,0,-14,0.0,0.8,9.0,0.9,1,2,0,1,1,0.07,0.01,0.08,4.77,40,1655,338381,15639,13984,40
304,DEF,216616,Dara,O'Shea,2645221,3,False,90,0,0,0,2,0,0,0,0,0,0,0,5,23.8,4.4,4.0,3.2,8,3,3,11,1,0.00,0.01,0.01,0.69,40,-15021,330000,22172,37193,40
304,DEF,216616,Dara,O'Shea,2645229,1,False,90,0,0,0,2,0,0,0,0,0,0,0,5,29.6,30.8,4.0,6.4,7,2,2,9,1,0.00,0.08,0.08,0.62,40,-22365,317758,18186,40551,40
304,DEF,216616,Dara,O'Shea,2645238,2,False,90,0,0,0,1,0,0,0,0,0,0,0,12,28.6,10.5,2.0,4.1,9,5,0,9,1,0.00,0.00,0.00,2.24,40,-14193,302768,7422,21615,40
305,DEF,455084,Leif,Davis,2645199,2,False,90,0,0,0,1,0,0,0,0,0,0,0,10,15.2,2.3,0.0,1.8,7,4,0,7,1,0.00,0.01,0.01,0.66,40,0,479363,0,0,40
305,DEF,455084,Leif,Davis,2645212,6,False,90,1,0,0,5,0,0,0,0,0,0,0,1,47.0,14.7,50.0,11.2,4,1,0,4,1,0.54,0.12,0.66,4.77,40,-13968,482824,7322,21290,40
305,DEF,455084,Leif,Davis,2645221,1,False,90,0,0,0,2,0,0,0,0,0,0,0,4,17.4,21.5,19.0,5.8,4,3,2,6,1,0.11,0.12,0.23,0.69,40,22917,540194,62873,39956,40
305,DEF,455084,Leif,Davis,2645229,14,False,90,1,2,0,2,0,0,0,0,0,0,1,35,54.8,17.1,39.0,11.1,2,0,0,2,1,0.52,0.19,0.71,0.62,40,-14896,543743,45631,60527,40
305,DEF,455084,Leif,Davis,2645238,2,False,90,0,0,0,1,0,0,0,0,0,0,0,2,10.4,6.3,9.0,2.6,5,2,0,5,1,0.42,0.02,0.44,2.24,40,168534,755615,204377,35843,40
306,DEF,449429,Jacob,Greaves,2645199,2,False,90,0,0,0,1,0,0,0,0,0,0,0,12,16.4,1.3,0.0,1.8,4,1,3,7,1,0.00,0.00,0.00,0.66,40,0,134129,0,0,40
306,DEF,449429,Jacob,Greaves,2645212,-1,False,90,0,0,0,5,1,0,0,1,0,0,0,-13,18.4,1.3,0.0,2.0,9,4,1,10,1,0.00,0.01,0.01,4.77,40,-4475,141835,1636,6111,40
306,DEF,449429,Jacob,Greaves,2645221,1,False,90,0,0,0,2,0,0,0,0,0,0,0,6,15.0,12.3,4.0,3.1,6,3,1,7,1,0.00,0.04,0.04,0.69,40,-8595,134162,2678,11273,40
306,DEF,449429,Jacob,Greaves,2645229,1,False,87,0,0,0,2,0,0,0,0,0,0,0,7,18.8,2.0,0.0,2.1,6,4,0,6,1,0.00,0.01,0.01,0.62,40,-7666,127747,1996,9662,40
306,DEF,449429,Jacob,Greaves,2645238,0,False,0,0,0,0,0,0,0,0,0,0,0,0,0,0.0,0.0,0.0,0.0,0,0,0,0,0,0.00,0.00,0.00,0.00,40,-6269,121588,1426,7695,40
307,DEF,222018,Ben,Johnson,2645199,0,False,0,0,0,0,0,0,0,0,0,0,0,0,0,0.0,0.0,0.0,0.0,0,0,0,0,0,0.00,0.00,0.00,0.00,40,0,10016,0,0,40
307,DEF,222018,Ben,Johnson,2645212,0,False,0,0,0,0,0,0,0,0,0,0,0,0,0,0.0,0.0,0.0,0.0,0,0,0,0,0,0.00,0.00,0.00,0.00,40,-595,10501,427,1022,40
307,DEF,222018,Ben,Johnson,2645221,0,False,0,0,0,0,0,0,0,0,0,0,0,0,0,0.0,0.0,0.0,0.0,0,0,0,0,0,0.00,0.00,0.00,0.00,40,-658,10397,710,1368,40
307,DEF,222018,Ben,Johnson,2645229,0,False,0,0,0,0,0,0,0,0,0,0,0,0,0,0.0,0.0,0.0,0.0,0,0,0,0,0,0.00,0.00,0.00,0.00,40,-2380,7782,0,2380,40
307,DEF,222018,Ben,Johnson,2645238,0,False,0,0,0,0,0,0,0,0,0,0,0,0,0,0.0,0.0,0.0,0.0,0,0,0,0,0,0.00,0.00,0.00,0.00,40,-1177,6704,0,1177,40
308,DEF,176420,Darnell,Furlong,2645199,0,False,0,0,0,0,0,0,0,0,0,0,0,0,0,0.0,0.0,0.0,0.0,0,0,0,0,0,0.00,0.00,0.00,0.00,40,0,56130,0,0,40
308,DEF,176420,Darnell,Furlong,2645212,1,False,17,0,0,0,1,0,0,0,0,0,0,0,-1,5.0,0.5,0.0,0.6,2,0,1,3,0,0.00,0.00,0.00,0.86,40,-4147,59266,269,4416,40
308,DEF,176420,Darnell,Furlong,2645221,0,False,0,0,0,0,0,0,0,0,0,0,0,0,0,0.0,0.0,0.0,0.0,0,0,0,0,0,0.00,0.00,0.00,0.00,40,-3936,55806,612,4548,40
308,DEF,176420,Darnell,Furlong,2645229,0,False,0,0,0,0,0,0,0,0,0,0,0,0,0,0.0,0.0,0.0,0.0,0,0,0,0,0,0.00,0.00,0.00,0.00,40,-3285,52748,431,3716,40
308,DEF,176420,Darnell,Furlong,2645238,0,False,0,0,0,0,0,0,0,0,0,0,0,0,0,0.0,0.0,0.0,0.0,0,0,0,0,0,0.00,0.00,0.00,0.00,39,7228,80113,11325,4097,40
309,MID,501390,Marcelino,Núñez,2645199,4,False,79,0,0,0,1,0,0,0,0,0,0,0,26,13.0,7.3,4.0,2.4,4,6,2,12,1,0.03,0.03,0.06,0.63,50,0,11544,0,0,40
309,MID,501390,Marcelino,Núñez,2645212,2,False,61,0,0,0,3,0,0,0,0,0,0,0,6,11.6,12.1,2.0,2.6,4,4,1,9,1,0.00,0.02,0.02,2.85,50,-196,14039,1197,1393,40
309,MID,501390,Marcelino,Núñez,2645221,0,False,0,0,0,0,0,0,0,0,0,0,0,0,0,0.0,0.0,0.0,0.0,0,0,0,0,0,0.00,0.00,0.00,0.00,50,-879,13914,1106,1985,40
309,MID,501390,Marcelino,Núñez,2645229,0,False,0,0,0,0,0,0,0,0,0,0,0,0,0,0.0,0.0,0.0,0.0,0,0,0,0,0,0.00,0.00,0.00,0.00,50,-1485,12735,377,1862,40
309,MID,501390,Marcelino,Núñez,2645238,0,False,0,0,0,0,0,0,0,0,0,0,0,0,0,0.0,0.0,0.0,0.0,0,0,0,0,0,0.00,0.00,0.00,0.00,49,-1430,11613,337,1767,40
310,MID,241117,Azor,Matusiwa,2645199,0,False,0,0,0,0,0,0,0,0,0,0,0,0,0,0.0,0.0,0.0,0.0,0,0,0,0,0,0.00,0.00,0.00,0.00,50,0,430,0,0,40
310,MID,241117,Azor,Matusiwa,2645212,0,False,0,0,0,0,0,0,0,0,0,0,0,0,0,0.0,0.0,0.0,0.0,0,0,0,0,0,0.00,0.00,0.00,0.00,50,-104,328,8,112,40
310,MID,241117,Azor,Matusiwa,2645221,0,False,0,0,0,0,0,0,0,0,0,0,0,0,0,0.0,0.0,0.0,0.0,0,0,0,0,0,0.00,0.00,0.00,0.00,50,-55,278,12,67,40
310,MID,241117,Azor,Matusiwa,2645229,0,False,0,0,0,0,0,0,0,0,0,0,0,0,0,0.0,0.0,0.0,0.0,0,0,0,0,0,0.00,0.00,0.00,0.00,49,-6,288,40,46,40
310,MID,241117,Azor,Matusiwa,2645238,0,False,0,0,0,0,0,0,0,0,0,0,0,0,0,0.0,0.0,0.0,0.0,0,0,0,0,0,0.00,0.00,0.00,0.00,49,15,330,51,36,40
311,MID,149929,Wes,Burns,2645199,0,False,0,0,0,0,0,0,0,0,0,0,0,0,0,0.0,0.0,0.0,0.0,0,0,0,0,0,0.00,0.00,0.00,0.00,50,0,562,0,0,40
311,MID,149929,Wes,Burns,2645212,0,False,0,0,0,0,0,0,0,0,0,0,0,0,0,0.0,0.0,0.0,0.0,0,0,0,0,0,0.00,0.00,0.00,0.00,50,-191,366,0,191,40
311,MID,149929,Wes,Burns,2645221,0,False,0,0,0,0,0,0,0,0,0,0,0,0,0,0.0,0.0,0.0,0.0,0,0,0,0,0,0.00,0.00,0.00,0.00,50,-88,278,0,88,40
311,MID,149929,Wes,Burns,2645229,0,False,0,0,0,0,0,0,0,0,0,0,0,0,0,0.0,0.0,0.0,0.0,0,0,0,0,0,0.00,0.00,0.00,0.00,50,-39,242,0,39,40
311,MID,149929,Wes,Burns,2645238,0,False,0,0,0,0,0,0,0,0,0,0,0,0,0,0.0,0.0,0.0,0.0,0,0,0,0,0,0.00,0.00,0.00,0.00,50,-21,223,0,21,40
312,MID,231899,Jack,Taylor,2645199,0,False,0,0,0,0,0,0,0,0,0,0,0,0,0,0.0,0.0,0.0,0.0,0,0,0,0,0,0.00,0.00,0.00,0.00,45,0,4505,0,0,40
312,MID,231899,Jack,Taylor,2645212,0,False,0,0,0,0,0,0,0,0,0,0,0,0,0,0.0,0.0,0.0,0.0,0,0,0,0,0,0.00,0.00,0.00,0.00,45,-772,3887,111,883,40
312,MID,231899,Jack,Taylor,2645221,0,False,0,0,0,0,0,0,0,0,0,0,0,0,0,0.0,0.0,0.0,0.0,0,0,0,0,0,0.00,0.00,0.00,0.00,45,-505,3500,190,695,40
312,MID,231899,Jack,Taylor,2645229,0,False,0,0,0,0,0,0,0,0,0,0,0,0,0,0.0,0.0,0.0,0.0,0,0,0,0,0,0.00,0.00,0.00,0.00,45,-278,3274,176,454,40
312,MID,231899,Jack,Taylor,2645238,0,False,0,0,0,0,0,0,0,0,0,0,0,0,0,0.0,0.0,0.0,0.0,0,0,0,0,0,0.00,0.00,0.00,0.00,45,-250,3061,99,349,40
313,MID,443261,Jack,Clarke,2645199,7,False,19,1,0,0,0,0,0,0,0,0,0,1,27,33.6,0.6,18.0,5.2,0,1,1,2,0,0.10,0.00,0.10,0.03,55,0,24135,0,0,40
313,MID,443261,Jack,Clarke,2645212,0,False,0,0,0,0,0,0,0,0,0,0,0,0,0,0.0,0.0,0.0,0.0,0,0,0,0,0,0.00,0.00,0.00,0.00,55,759,29170,3202,2443,40
313,MID,443261,Jack,Clarke,2645221,1,False,24,0,0,0,0,0,0,0,0,0,0,0,3,3.4,11.7,4.0,1.9,1,1,0,2,0,0.05,0.02,0.07,0.06,55,-4559,24744,1167,5726,40
313,MID,443261,Jack,Clarke,2645229,1,False,62,0,0,0,1,0,0,0,1,0,0,0,8,5.0,13.0,21.0,3.9,0,1,1,2,1,0.15,0.02,0.17,0.20,54,-3254,22006,468,3722,40
313,MID,443261,Jack,Clarke,2645238,2,False,65,0,0,0,1,0,0,0,0,0,0,0,10,10.0,30.1,2.0,4.2,2,2,0,4,1,0.00,0.33,0.33,1.68,54,-2389,19907,514,2903,40
314,MID,229164,Chiedozie,Ogbene,2645199,0,False,0,0,0,0,0,0,0,0,0,0,0,0,0,0.0,0.0,0.0,0.0,0,0,0,0,0,0.00,0.00,0.00,0.00,50,0,1539,0,0,40
314,MID,229164,Chiedozie,Ogbene,2645212,0,False,0,0,0,0,0,0,0,0,0,0,0,0,0,0.0,0.0,0.0,0.0,0,0,0,0,0,0.00,0.00,0.00,0.00,50,-206,1468,37,243,40
314,MID,229164,Chiedozie,Ogbene,2645221,0,False,0,0,0,0,0,0,0,0,0,0,0,0,0,0.0,0.0,0.0,0.0,0,0,0,0,0,0.00,0.00,0.00,0.00,49,-351,1159,67,418,40
314,MID,229164,Chiedozie,Ogbene,2645229,0,False,0,0,0,0,0,0,0,0,0,0,0,0,0,0.0,0.0,0.0,0.0,0,0,0,0,0,0.00,0.00,0.00,0.00,49,-326,837,0,326,40
314,MID,229164,Chiedozie,Ogbene,2645238,0,False,0,0,0,0,0,0,0,0,0,0,0,0,0,0.0,0.0,0.0,0.0,0,0,0,0,0,0.00,0.00,0.00,0.00,49,-155,701,0,155,40
315,MID,531442,Abdul,Fatawu,2645199,2,False,65,0,0,0,1,0,0,0,0,0,0,0,22,18.6,28.4,8.0,5.5,1,2,4,7,1,0.00,0.41,0.41,0.63,55,0,21235,0,0,40
315,MID,531442,Abdul,Fatawu,2645212,4,False,82,0,1,0,5,0,0,0,1,0,0,0,25,26.6,42.3,2.0,7.1,1,2,1,4,1,0.00,0.22,0.22,4.59,55,-2198,21573,570,2768,40
315,MID,531442,Abdul,Fatawu,2645221,2,False,78,0,0,0,2,0,0,0,0,0,0,0,14,10.2,32.9,4.0,4.7,2,2,2,6,1,0.03,0.15,0.18,0.69,55,-849,21660,2126,2975,40
315,MID,531442,Abdul,Fatawu,2645229,1,False,61,0,0,0,1,0,0,0,1,0,0,0,6,6.2,11.3,6.0,2.4,2,3,2,7,1,0.00,0.05,0.05,0.20,55,-464,21628,1970,2434,40
315,MID,531442,Abdul,Fatawu,2645238,-1,False,66,0,0,0,1,0,0,0,0,1,0,0,4,3.2,18.8,21.0,4.3,2,2,0,4,1,0.14,0.28,0.42,1.68,54,-2031,19671,636,2667,40
316,FWD,543968,Emersonn,Correia da Silva,2645199,9,False,65,1,0,0,1,0,0,0,0,0,0,3,41,45.6,26.3,40.0,11.2,1,1,1,3,1,0.82,0.06,0.88,0.63,55,0,33590,0,0,40
316,FWD,543968,Emersonn,Correia da Silva,2645212,1,False,45,0,0,0,1,0,0,0,0,0,0,0,7,1.0,11.1,2.0,1.4,1,0,0,1,1,0.00,0.00,0.00,0.77,55,59997,182058,76807,16810,40
316,FWD,543968,Emersonn,Correia da Silva,2645221,2,False,65,0,0,0,2,0,0,0,0,0,0,0,8,3.2,0.0,8.0,1.1,1,1,1,3,1,0.22,0.00,0.22,0.62,55,-30504,167319,20740,51244,40
316,FWD,543968,Emersonn,Correia da Silva,2645229,12,False,62,1,1,0,1,0,0,0,0,0,0,3,45,46.6,12.4,33.0,9.2,0,2,0,2,1,0.44,0.05,0.49,0.20,55,1738,178755,26091,24353,40
316,FWD,543968,Emersonn,Correia da Silva,2645238,2,False,80,0,0,0,1,0,0,0,0,0,0,0,9,2.4,0.6,21.0,2.4,0,0,1,1,1,0.13,0.01,0.14,2.07,55,133193,360268,160060,26867,40
317,FWD,222625,George,Hirst,2645199,0,False,0,0,0,0,0,0,0,0,0,0,0,0,0,0.0,0.0,0.0,0.0,0,0,0,0,0,0.00,0.00,0.00,0.00,50,0,25160,0,0,40
317,FWD,222625,George,Hirst,2645212,0,False,0,0,0,0,0,0,0,0,0,0,0,0,0,0.0,0.0,0.0,0.0,0,0,0,0,0,0.00,0.00,0.00,0.00,50,-8695,16241,0,8695,40
317,FWD,222625,George,Hirst,2645221,0,False,0,0,0,0,0,0,0,0,0,0,0,0,0,0.0,0.0,0.0,0.0,0,0,0,0,0,0.00,0.00,0.00,0.00,50,-4365,11907,0,4365,40
317,FWD,222625,George,Hirst,2645229,0,False,0,0,0,0,0,0,0,0,0,0,0,0,0,0.0,0.0,0.0,0.0,0,0,0,0,0,0.00,0.00,0.00,0.00,50,-2172,9936,0,2172,40
317,FWD,222625,George,Hirst,2645238,0,False,0,0,0,0,0,0,0,0,0,0,0,0,0,0.0,0.0,0.0,0.0,0,0,0,0,0,0.00,0.00,0.00,0.00,50,-1398,8627,0,1398,40
318,MID,481624,Jaden,Philogene,2645199,0,False,0,0,0,0,0,0,0,0,0,0,0,0,0,0.0,0.0,0.0,0.0,0,0,0,0,0,0.00,0.00,0.00,0.00,55,0,14821,0,0,40
318,MID,481624,Jaden,Philogene,2645212,0,False,0,0,0,0,0,0,0,0,0,0,0,0,0,0.0,0.0,0.0,0.0,0,0,0,0,0,0.00,0.00,0.00,0.00,55,-3822,12592,106,3928,40
318,MID,481624,Jaden,Philogene,2645221,0,False,0,0,0,0,0,0,0,0,0,0,0,0,0,0.0,0.0,0.0,0.0,0,0,0,0,0,0.00,0.00,0.00,0.00,54,-3409,9209,41,3450,40
318,MID,481624,Jaden,Philogene,2645229,1,False,28,0,0,0,1,0,0,0,0,0,0,0,6,3.4,0.8,9.0,1.3,0,3,0,3,0,0.02,0.00,0.01,0.41,54,-1303,8038,38,1341,40
318,MID,481624,Jaden,Philogene,2645238,1,False,24,0,0,0,0,0,0,0,0,0,0,0,5,1.4,3.8,4.0,0.9,0,1,0,1,0,0.06,0.01,0.07,0.56,54,-322,7806,83,405,40
319,MID,172453,Sam,Szmodics,2645199,0,False,0,0,0,0,0,0,0,0,0,0,0,0,0,0.0,0.0,0.0,0.0,0,0,0,0,0,0.00,0.00,0.00,0.00,50,0,1030,0,0,40
319,MID,172453,Sam,Szmodics,2645212,0,False,0,0,0,0,0,0,0,0,0,0,0,0,0,0.0,0.0,0.0,0.0,0,0,0,0,0,0.00,0.00,0.00,0.00,50,-409,615,0,409,40
319,MID,172453,Sam,Szmodics,2645221,0,False,0,0,0,0,0,0,0,0,0,0,0,0,0,0.0,0.0,0.0,0.0,0,0,0,0,0,0.00,0.00,0.00,0.00,50,-191,427,0,191,40
319,MID,172453,Sam,Szmodics,2645229,0,False,0,0,0,0,0,0,0,0,0,0,0,0,0,0.0,0.0,0.0,0.0,0,0,0,0,0,0.00,0.00,0.00,0.00,50,-87,350,0,87,40
319,MID,172453,Sam,Szmodics,2645238,0,False,0,0,0,0,0,0,0,0,0,0,0,0,0,0.0,0.0,0.0,0.0,0,0,0,0,0,0.00,0.00,0.00,0.00,50,-60,295,0,60,40
320,FWD,147675,Chuba,Akpom,2645199,1,False,24,0,0,0,0,0,0,0,0,0,0,0,3,1.4,0.0,2.0,0.3,0,2,1,3,0,0.00,0.00,0.00,0.03,50,0,47871,0,0,40
320,FWD,147675,Chuba,Akpom,2645212,5,False,45,1,0,0,4,0,0,0,0,0,0,0,30,33.2,1.7,17.0,5.2,0,0,0,0,0,0.97,0.00,0.97,4.01,50,-1625,52422,4625,6250,40
320,FWD,147675,Chuba,Akpom,2645221,0,False,0,0,0,0,0,0,0,0,0,0,0,0,0,0.0,0.0,0.0,0.0,0,0,0,0,0,0.00,0.00,0.00,0.00,50,45434,114005,62654,17220,40
320,FWD,147675,Chuba,Akpom,2645229,0,False,0,0,0,0,0,0,0,0,0,0,0,0,0,0.0,0.0,0.0,0.0,0,0,0,0,0,0.00,0.00,0.00,0.00,50,17117,129479,36471,19354,40
320,FWD,147675,Chuba,Akpom,2645238,1,False,9,0,0,0,0,0,0,0,0,0,0,0,3,0.0,0.8,5.0,0.6,0,0,0,0,0,0.17,0.00,0.17,0.16,50,597,132823,22206,21609,40
321,FWD,557012,Sindre,Walle Egeli,2645199,1,False,10,0,0,0,0,0,0,0,0,0,0,0,3,0.0,0.1,0.0,0.0,0,0,0,0,0,0.00,0.00,0.00,0.03,45,0,199675,0,0,40
321,FWD,557012,Sindre,Walle Egeli,2645212,0,False,0,0,0,0,0,0,0,0,0,0,0,0,0,0.0,0.0,0.0,0.0,0,0,0,0,0,0.00,0.00,0.00,0.00,45,17271,247770,40712,23441,40
321,FWD,557012,Sindre,Walle Egeli,2645221,0,False,0,0,0,0,0,0,0,0,0,0,0,0,0,0.0,0.0,0.0,0.0,0,0,0,0,0,0.00,0.00,0.00,0.00,45,73544,367243,127698,54154,40
321,FWD,557012,Sindre,Walle Egeli,2645229,0,False,0,0,0,0,0,0,0,0,0,0,0,0,0,0.0,0.0,0.0,0.0,0,0,0,0,0,0.00,0.00,0.00,0.00,45,24582,372683,82088,57506,40
321,FWD,557012,Sindre,Walle Egeli,2645238,0,False,0,0,0,0,0,0,0,0,0,0,0,0,0,0.0,0.0,0.0,0.0,0,0,0,0,0,0.00,0.00,0.00,0.00,45,12737,402496,62123,49386,40
322,FWD,462387,Ali,Al-Hamadi,2645199,0,False,0,0,0,0,0,0,0,0,0,0,0,0,0,0.0,0.0,0.0,0.0,0,0,0,0,0,0.00,0.00,0.00,0.00,50,0,13332,0,0,40
322,FWD,462387,Ali,Al-Hamadi,2645212,0,False,0,0,0,0,0,0,0,0,0,0,0,0,0,0.0,0.0,0.0,0.0,0,0,0,0,0,0.00,0.00,0.00,0.00,50,-2247,12213,755,3002,40
322,FWD,462387,Ali,Al-Hamadi,2645221,0,False,0,0,0,0,0,0,0,0,0,0,0,0,0,0.0,0.0,0.0,0.0,0,0,0,0,0,0.00,0.00,0.00,0.00,50,-3877,8170,0,3877,40
322,FWD,462387,Ali,Al-Hamadi,2645229,0,False,0,0,0,0,0,0,0,0,0,0,0,0,0,0.0,0.0,0.0,0.0,0,0,0,0,0,0.00,0.00,0.00,0.00,50,-1678,6747,0,1678,40
322,FWD,462387,Ali,Al-Hamadi,2645238,0,False,0,0,0,0,0,0,0,0,0,0,0,0,0,0.0,0.0,0.0,0.0,0,0,0,0,0,0.00,0.00,0.00,0.00,50,-988,5776,0,988,40
323,MID,461587,Kasey,McAteer,2645199,1,False,24,0,0,0,0,0,0,0,0,0,0,0,4,1.2,1.3,0.0,0.3,0,2,1,3,0,0.00,0.00,0.00,0.03,45,0,130440,0,0,40
323,MID,461587,Kasey,McAteer,2645212,1,False,7,0,0,0,0,0,0,0,0,0,0,0,3,0.2,0.0,0.0,0.0,0,1,0,1,0,0.00,0.00,0.00,0.18,45,-5950,133761,5615,11565,40
323,MID,461587,Kasey,McAteer,2645221,1,False,11,0,0,0,0,0,0,0,0,0,0,0,5,3.2,0.5,7.0,1.1,0,1,0,1,0,0.05,0.00,0.05,0.00,45,-4340,133131,11626,15966,40
323,MID,461587,Kasey,McAteer,2645229,0,False,0,0,0,0,0,0,0,0,0,0,0,0,0,0.0,0.0,0.0,0.0,0,0,0,0,0,0.00,0.00,0.00,0.00,45,-7171,126703,7120,14291,40
323,MID,461587,Kasey,McAteer,2645238,0,False,0,0,0,0,0,0,0,0,0,0,0,0,0,0.0,0.0,0.0,0.0,0,0,0,0,0,0.00,0.00,0.00,0.00,45,-11642,114904,2383,14025,40
324,MID,232457,Anis,Mehmeti,2645199,0,False,0,0,0,0,0,0,0,0,0,0,0,0,0,0.0,0.0,0.0,0.0,0,0,0,0,0,0.00,0.00,0.00,0.00,50,0,4850,0,0,40
324,MID,232457,Anis,Mehmeti,2645212,0,False,0,0,0,0,0,0,0,0,0,0,0,0,0,0.0,0.0,0.0,0.0,0,0,0,0,0,0.00,0.00,0.00,0.00,50,-639,4692,47,686,40
324,MID,232457,Anis,Mehmeti,2645221,0,False,0,0,0,0,0,0,0,0,0,0,0,0,0,0.0,0.0,0.0,0.0,0,0,0,0,0,0.00,0.00,0.00,0.00,49,-648,4120,109,757,40
324,MID,232457,Anis,Mehmeti,2645229,0,False,0,0,0,0,0,0,0,0,0,0,0,0,0,0.0,0.0,0.0,0.0,0,0,0,0,0,0.00,0.00,0.00,0.00,49,-456,3735,90,546,40
324,MID,232457,Anis,Mehmeti,2645238,0,False,0,0,0,0,0,0,0,0,0,0,0,0,0,0.0,0.0,0.0,0.0,0,0,0,0,0,0.00,0.00,0.00,0.00,49,-262,3505,80,342,40
554,GKP,546600,Kayne,van Oevelen,2645199,0,False,0,0,0,0,0,0,0,0,0,0,0,0,0,0.0,0.0,0.0,0.0,0,0,0,0,0,0.00,0.00,0.00,0.00,45,0,3509,0,0,40
554,GKP,546600,Kayne,van Oevelen,2645212,0,False,0,0,0,0,0,0,0,0,0,0,0,0,0,0.0,0.0,0.0,0.0,0,0,0,0,0,0.00,0.00,0.00,0.00,45,-583,3085,54,637,40
554,GKP,546600,Kayne,van Oevelen,2645221,0,False,0,0,0,0,0,0,0,0,0,0,0,0,0,0.0,0.0,0.0,0.0,0,0,0,0,0,0.00,0.00,0.00,0.00,45,-698,2365,0,698,40
554,GKP,546600,Kayne,van Oevelen,2645229,0,False,0,0,0,0,0,0,0,0,0,0,0,0,0,0.0,0.0,0.0,0.0,0,0,0,0,0,0.00,0.00,0.00,0.00,45,-302,2101,0,302,40
554,GKP,546600,Kayne,van Oevelen,2645238,0,False,0,0,0,0,0,0,0,0,0,0,0,0,0,0.0,0.0,0.0,0.0,0,0,0,0,0,0.00,0.00,0.00,0.00,45,-237,1878,0,237,40
562,MID,442967,Daizen,Maeda,2645199,2,False,79,0,0,0,1,0,0,0,0,0,0,0,7,12.6,1.4,7.0,2.1,3,2,4,9,1,0.61,0.00,0.61,0.63,55,0,37656,0,0,40
562,MID,442967,Daizen,Maeda,2645212,2,False,72,0,0,0,4,0,0,0,0,0,0,0,10,8.0,1.4,19.0,2.8,3,1,1,5,1,0.06,0.01,0.07,3.91,55,-3302,37115,740,4042,40
562,MID,442967,Daizen,Maeda,2645221,2,False,65,0,0,0,2,0,0,0,0,0,0,0,9,8.2,0.1,17.0,2.5,2,1,2,5,1,0.04,0.00,0.04,0.62,55,-4936,32352,903,5839,40
562,MID,442967,Daizen,Maeda,2645229,1,False,27,0,0,0,1,0,0,0,0,0,0,0,1,0.0,2.3,0.0,0.0,0,0,0,0,0,0.00,0.00,0.00,0.41,54,-3657,29173,861,4518,40
562,MID,442967,Daizen,Maeda,2645238,1,False,16,0,0,0,0,0,0,0,0,0,0,0,5,2.2,0.3,4.0,0.7,0,0,1,1,0,0.00,0.01,0.01,0.48,54,-4147,25203,224,4371,40
564,GKP,240514,Kjell,Scherpen,2645199,2,False,90,0,0,0,1,0,0,0,0,0,2,0,12,14.4,0.0,0.0,1.4,1,10,0,0,1,0.00,0.00,0.00,0.66,45,0,57252,0,0,40
564,GKP,240514,Kjell,Scherpen,2645212,2,False,90,0,0,0,5,0,0,0,0,0,6,0,9,46.4,0.0,0.0,4.6,4,13,0,0,1,0.00,0.01,0.01,4.77,45,-2247,62701,1329,3576,40
564,GKP,240514,Kjell,Scherpen,2645221,2,False,90,0,0,0,2,0,0,0,0,0,5,0,13,27.8,0.0,0.0,2.8,0,7,0,0,1,0.00,0.00,0.00,0.69,45,-2758,58738,4399,7157,40
564,GKP,240514,Kjell,Scherpen,2645229,1,False,90,0,0,0,2,0,0,0,0,0,2,0,6,15.0,0.0,0.0,1.5,3,9,0,0,1,0.00,0.00,0.00,0.62,45,330,63943,5936,5606,40
564,GKP,240514,Kjell,Scherpen,2645238,0,False,0,0,0,0,0,0,0,0,0,0,0,0,0,0.0,0.0,0.0,0.0,0,0,0,0,0,0.00,0.00,0.00,0.00,45,-1335,63895,2903,4238,40
571,MID,216055,Florentino Ibrain,Morris Luís,2645199,0,False,0,0,0,0,0,0,0,0,0,0,0,0,0,0.0,0.0,0.0,0.0,0,0,0,0,0,0.00,0.00,0.00,0.00,50,0,12850,0,0,40
571,MID,216055,Florentino Ibrain,Morris Luís,2645212,0,False,0,0,0,0,0,0,0,0,0,0,0,0,0,0.0,0.0,0.0,0.0,0,0,0,0,0,0.00,0.00,0.00,0.00,50,-1993,11870,214,2207,40
571,MID,216055,Florentino Ibrain,Morris Luís,2645221,0,False,0,0,0,0,0,0,0,0,0,0,0,0,0,0.0,0.0,0.0,0.0,0,0,0,0,0,0.00,0.00,0.00,0.00,49,-2128,9821,223,2351,40
571,MID,216055,Florentino Ibrain,Morris Luís,2645229,1,False,13,0,0,0,0,0,0,0,0,0,0,0,8,9.0,21.3,2.0,3.2,1,0,1,2,0,0.00,0.01,0.01,0.27,49,-906,9156,327,1233,40
571,MID,216055,Florentino Ibrain,Morris Luís,2645238,1,False,17,0,0,0,0,0,0,0,0,0,0,0,1,0.0,1.0,0.0,0.0,0,0,0,0,0,0.00,0.00,0.00,0.48,49,-759,8567,181,940,40
591,MID,474120,Julio,Enciso,2645199,5,False,70,0,1,0,1,0,0,0,0,0,0,0,24,21.6,14.0,18.0,5.4,2,5,1,8,1,0.23,0.31,0.54,0.63,55,0,24595,0,0,40
591,MID,474120,Julio,Enciso,2645212,5,False,90,0,1,0,5,0,0,0,0,0,0,0,25,21.8,12.4,21.0,5.5,0,7,1,8,1,0.40,0.31,0.71,4.77,55,13215,48266,17669,4454,40
591,MID,474120,Julio,Enciso,2645221,1,False,90,0,0,0,2,0,0,0,1,0,0,0,16,10.2,22.5,23.0,5.6,2,3,0,5,1,0.24,0.02,0.26,0.69,55,25086,82553,35897,10811,40
591,MID,474120,Julio,Enciso,2645229,2,False,90,0,0,0,2,0,0,0,0,0,0,0,7,2.2,13.8,13.0,2.9,1,4,0,5,1,0.05,0.20,0.25,0.62,55,12977,96833,28533,15556,40
591,MID,474120,Julio,Enciso,2645238,2,False,73,0,0,0,1,0,0,0,0,0,0,0,11,4.4,12.9,25.0,4.2,0,5,0,5,1,0.34,0.05,0.39,1.76,55,-6004,89625,9464,15468,40
592,DEF,572584,Abdoul,Ouattara,2645199,1,False,10,0,0,0,0,0,0,0,0,0,0,0,4,5.2,10.0,0.0,1.5,2,0,0,2,0,0.00,0.00,0.00,0.03,40,0,86218,0,0,40
592,DEF,572584,Abdoul,Ouattara,2645212,1,False,17,0,0,0,1,0,0,0,0,0,0,0,-1,0.6,0.6,0.0,0.1,0,1,0,0,0,0.00,0.00,0.00,0.86,40,-3097,99458,2769,5866,40
592,DEF,572584,Abdoul,Ouattara,2645221,1,False,12,0,0,0,0,0,0,0,0,0,0,0,4,3.6,14.0,0.0,1.8,0,2,0,0,0,0.00,0.02,0.02,0.00,40,-2760,100578,4401,7161,40
592,DEF,572584,Abdoul,Ouattara,2645229,1,False,2,0,0,0,0,0,0,0,0,0,0,0,5,2.2,0.2,0.0,0.2,0,1,1,1,0,0.00,0.00,0.00,0.00,40,-2585,97893,3046,5631,40
592,DEF,572584,Abdoul,Ouattara,2645238,2,False,90,0,0,0,1,0,0,0,0,0,0,0,17,20.0,11.4,9.0,4.0,5,10,3,8,1,0.02,0.01,0.03,2.24,40,-2909,94948,2569,5478,40
602,MID,524180,Cameron,Humphreys,2645199,0,False,0,0,0,0,0,0,0,0,0,0,0,0,0,0.0,0.0,0.0,0.0,0,0,0,0,0,0.00,0.00,0.00,0.00,45,0,0,0,0,40
602,MID,524180,Cameron,Humphreys,2645212,0,False,0,0,0,0,0,0,0,0,0,0,0,0,0,0.0,0.0,0.0,0.0,0,0,0,0,0,0.00,0.00,0.00,0.00,45,942,3086,1275,333,40
602,MID,524180,Cameron,Humphreys,2645221,0,False,0,0,0,0,0,0,0,0,0,0,0,0,0,0.0,0.0,0.0,0.0,0,0,0,0,0,0.00,0.00,0.00,0.00,45,382,4148,1586,1204,40
602,MID,524180,Cameron,Humphreys,2645229,0,False,0,0,0,0,0,0,0,0,0,0,0,0,0,0.0,0.0,0.0,0.0,0,0,0,0,0,0.00,0.00,0.00,0.00,45,-968,2961,0,968,40
602,MID,524180,Cameron,Humphreys,2645238,0,False,0,0,0,0,0,0,0,0,0,0,0,0,0,0.0,0.0,0.0,0.0,0,0,0,0,0,0.00,0.00,0.00,0.00,45,-489,2526,0,489,40
619,MID,218543,Exequiel,Palacios,2645212,1,False,28,0,0,0,2,0,0,0,0,0,0,0,11,7.2,12.0,2.0,2.1,2,3,1,6,0,0.00,0.01,0.01,1.92,50,84,127,89,5,40
619,MID,218543,Exequiel,Palacios,2645221,4,False,77,0,0,0,2,0,0,0,0,0,0,0,24,20.2,22.5,0.0,4.3,3,12,4,19,1,0.00,0.02,0.02,0.69,50,979,1551,1326,347,40
619,MID,218543,Exequiel,Palacios,2645229,4,False,90,0,0,0,2,0,0,0,0,0,0,0,14,18.0,5.9,2.0,2.6,5,5,3,13,1,0.00,0.04,0.04,0.62,50,1408,3376,2317,909,40
619,MID,218543,Exequiel,Palacios,2645238,2,False,80,0,0,0,1,0,0,0,0,0,0,0,15,10.0,6.2,0.0,1.6,2,3,1,6,1,0.00,0.02,0.02,2.07,50,3407,7887,4756,1349,40
640,FWD,431639,Zian,Flemming,2645221,1,False,24,0,0,0,0,0,0,0,0,0,0,0,4,3.2,0.5,7.0,1.1,0,0,0,0,0,0.02,0.01,0.03,0.06,55,1528,1904,1761,233,40
640,FWD,431639,Zian,Flemming,2645229,5,False,27,1,0,0,1,0,0,0,0,0,0,0,32,35.0,1.3,44.0,8.0,1,1,0,2,0,0.52,0.00,0.52,0.41,55,1835,4207,2524,689,40
640,FWD,431639,Zian,Flemming,2645238,0,False,9,0,0,0,0,0,0,0,1,0,0,0,-2,0.0,10.3,4.0,1.4,0,2,1,3,0,0.10,0.00,0.10,0.16,55,2777,7673,4077,1300,40
260,MID,153682,Harry,Wilson,2645200,3,False,65,0,0,1,0,0,0,0,0,0,0,0,8,6.2,15.3,4.0,2.6,0,0,2,2,1,0.00,0.02,0.02,0.53,65,0,577649,0,0,2
260,MID,153682,Harry,Wilson,2645210,1,False,45,0,0,0,0,0,0,0,0,0,0,0,7,8.4,12.1,6.0,2.7,2,3,1,6,0,0.01,0.04,0.05,1.13,65,-42839,557212,14929,57768,2
260,MID,153682,Harry,Wilson,2645217,0,False,17,0,0,0,0,0,0,0,1,0,0,0,0,1.4,20.3,2.0,2.4,0,1,0,1,0,0.00,0.00,0.00,1.32,64,-148278,401861,7327,155605,2
260,MID,153682,Harry,Wilson,2645230,1,False,18,0,0,0,1,0,0,0,0,0,0,0,4,3.2,4.7,0.0,0.8,1,0,1,2,0,0.00,0.03,0.03,0.30,63,-121524,291023,3258,124782,2
260,MID,153682,Harry,Wilson,2645240,0,False,0,0,0,0,0,0,0,0,0,0,0,0,0,0.0,0.0,0.0,0.0,0,0,0,0,0,0.00,0.00,0.00,0.00,62,-75090,220557,3457,78547,2
326,GKP,201595,Lucas Estella,Perri,2645200,0,False,0,0,0,0,0,0,0,0,0,0,0,0,0,0.0,0.0,0.0,0.0,0,0,0,0,0,0.00,0.00,0.00,0.00,45,0,52897,0,0,2
326,GKP,201595,Lucas Estella,Perri,2645210,0,False,0,0,0,0,0,0,0,0,0,0,0,0,0,0.0,0.0,0.0,0.0,0,0,0,0,0,0.00,0.00,0.00,0.00,45,-5031,54468,328,5359,2
326,GKP,201595,Lucas Estella,Perri,2645217,0,False,0,0,0,0,0,0,0,0,0,0,0,0,0,0.0,0.0,0.0,0.0,0,0,0,0,0,0.00,0.00,0.00,0.00,45,-9253,45033,204,9457,2
326,GKP,201595,Lucas Estella,Perri,2645230,0,False,0,0,0,0,0,0,0,0,0,0,0,0,0,0.0,0.0,0.0,0.0,0,0,0,0,0,0.00,0.00,0.00,0.00,45,-6925,38525,0,6925,2
326,GKP,201595,Lucas Estella,Perri,2645240,0,False,0,0,0,0,0,0,0,0,0,0,0,0,0,0.0,0.0,0.0,0.0,0,0,0,0,0,0.00,0.00,0.00,0.00,45,-3459,35299,0,3459,2
327,DEF,434752,Jaka,Bijol,2645200,10,False,90,0,0,1,0,0,0,0,0,0,0,2,28,23.6,0.4,15.0,3.9,11,5,1,12,1,0.11,0.00,0.11,0.66,50,0,27043,0,0,2
327,DEF,434752,Jaka,Bijol,2645210,1,False,45,0,0,0,1,0,0,0,0,0,0,0,0,8.4,0.2,0.0,0.9,5,2,0,5,1,0.00,0.00,0.00,0.55,50,37035,96315,45219,8184,2
327,DEF,434752,Jaka,Bijol,2645217,1,False,29,0,0,0,1,0,0,0,0,0,0,0,1,6.2,0.0,0.0,0.6,2,0,2,4,0,0.00,0.00,0.00,1.95,50,-2619,95603,14908,17527,2
327,DEF,434752,Jaka,Bijol,2645230,0,False,0,0,0,0,0,0,0,0,0,0,0,0,0,0.0,0.0,0.0,0.0,0,0,0,0,0,0.00,0.00,0.00,0.00,50,-10468,87595,4371,14839,2
327,DEF,434752,Jaka,Bijol,2645240,0,False,0,0,0,0,0,0,0,0,0,0,0,0,0,0.0,0.0,0.0,0.0,0,0,0,0,0,0.00,0.00,0.00,0.00,50,-9261,79639,3804,13065,2
329,DEF,214225,Joe,Rodon,2645200,6,False,90,0,0,1,0,0,0,0,0,0,0,0,21,14.4,14.4,5.0,3.4,6,1,1,7,1,0.03,0.06,0.09,0.66,45,0,330772,0,0,2
329,DEF,214225,Joe,Rodon,2645210,1,False,33,0,0,0,0,0,0,0,0,0,0,0,4,8.6,0.3,2.0,1.1,4,1,0,4,1,0.00,0.00,0.00,0.35,45,9026,358288,21600,12574,2
329,DEF,214225,Joe,Rodon,2645217,0,False,0,0,0,0,0,0,0,0,0,0,0,0,0,0.0,0.0,0.0,0.0,0,0,0,0,0,0.00,0.00,0.00,0.00,45,-122557,220934,5070,127627,2
329,DEF,214225,Joe,Rodon,2645230,0,False,0,0,0,0,0,0,0,0,0,0,0,0,0,0.0,0.0,0.0,0.0,0,0,0,0,0,0.00,0.00,0.00,0.00,44,-112676,118013,168,112844,2
329,DEF,214225,Joe,Rodon,2645240,0,False,0,0,0,0,0,0,0,0,0,0,0,0,0,0.0,0.0,0.0,0.0,0,0,0,0,0,0.00,0.00,0.00,0.00,44,-34904,89396,56,34960,2
330,DEF,226182,Jayden,Bogle,2645200,6,False,90,0,0,1,0,0,0,0,0,0,0,0,24,7.0,1.1,0.0,0.8,2,3,1,3,1,0.00,0.00,0.00,0.66,45,0,45674,0,0,2
330,DEF,226182,Jayden,Bogle,2645210,2,False,67,0,0,0,1,0,0,0,0,0,0,0,9,18.6,11.3,4.0,3.4,5,5,2,7,1,0.00,0.01,0.01,0.74,45,2801,54809,5925,3124,2
330,DEF,226182,Jayden,Bogle,2645217,14,False,60,1,0,1,0,0,0,0,1,0,0,3,30,35.4,1.7,33.0,7.0,2,0,0,2,1,0.90,0.02,0.92,0.24,45,-432,54984,5089,5521,2
330,DEF,226182,Jayden,Bogle,2645230,15,False,82,1,0,1,0,0,0,0,0,0,0,3,45,47.8,18.5,71.0,13.7,1,1,2,3,1,0.41,0.05,0.46,0.59,45,98023,232034,121956,23933,2
330,DEF,226182,Jayden,Bogle,2645240,5,False,66,0,0,1,0,0,0,0,1,0,0,0,14,0.0,2.0,11.0,1.3,1,2,0,1,1,0.07,0.00,0.07,0.66,46,366973,695534,393603,26630,2
331,DEF,243526,Gabriel,Gudmundsson,2645200,0,False,0,0,0,0,0,0,0,0,0,0,0,0,0,0.0,0.0,0.0,0.0,0,0,0,0,0,0.00,0.00,0.00,0.00,45,0,5099,0,0,2
331,DEF,243526,Gabriel,Gudmundsson,2645210,0,False,0,0,0,0,0,0,0,0,0,0,0,0,0,0.0,0.0,0.0,0.0,0,0,0,0,0,0.00,0.00,0.00,0.00,45,-926,4329,66,992,2
331,DEF,243526,Gabriel,Gudmundsson,2645217,2,False,90,0,0,0,1,0,0,0,0,0,0,0,9,12.6,1.2,2.0,1.6,2,9,3,5,1,0.00,0.00,0.00,2.19,45,253,4932,644,391,2
331,DEF,243526,Gabriel,Gudmundsson,2645230,6,False,72,0,0,1,0,0,0,0,0,0,0,0,26,10.0,8.6,4.0,2.3,1,2,3,4,1,0.00,0.18,0.18,0.58,45,621,5954,1148,527,2
331,DEF,243526,Gabriel,Gudmundsson,2645240,6,False,90,0,0,1,0,0,0,0,0,0,0,0,27,16.0,19.7,2.0,3.8,2,1,3,5,1,0.00,0.03,0.03,1.06,45,1220,8163,1740,520,2
332,DEF,220627,James,Justin,2645200,10,False,90,0,0,1,0,0,0,0,0,0,0,2,28,24.6,2.3,2.0,2.9,6,4,6,12,1,0.00,0.01,0.01,0.66,45,0,52732,0,0,2
332,DEF,220627,James,Justin,2645210,2,False,90,0,0,0,1,0,0,0,0,0,0,0,12,24.6,11.8,9.0,4.5,6,3,2,8,1,0.03,0.01,0.04,1.67,45,34143,121554,43534,9391,2
332,DEF,220627,James,Justin,2645217,4,False,90,0,0,0,1,0,0,0,0,0,0,0,9,16.8,1.5,21.0,3.9,7,4,3,10,1,0.14,0.00,0.14,2.19,45,14204,150950,35632,21428,2
332,DEF,220627,James,Justin,2645230,2,False,90,0,0,0,1,0,0,0,0,0,0,0,11,18.4,25.6,4.0,4.8,3,1,2,5,1,0.00,0.28,0.28,0.88,45,5626,160487,27752,22126,2
332,DEF,220627,James,Justin,2645240,8,False,90,0,0,1,0,0,0,0,0,0,0,2,31,19.2,14.9,5.0,3.9,6,2,3,9,1,0.05,0.12,0.17,1.06,45,-1614,160178,10354,11968,2
333,DEF,437738,Sebastiaan,Bornauw,2645200,0,False,0,0,0,0,0,0,0,0,0,0,0,0,0,0.0,0.0,0.0,0.0,0,0,0,0,0,0.00,0.00,0.00,0.00,45,0,512,0,0,2
333,DEF,437738,Sebastiaan,Bornauw,2645210,0,False,0,0,0,0,0,0,0,0,0,0,0,0,0,0.0,0.0,0.0,0.0,0,0,0,0,0,0.00,0.00,0.00,0.00,45,-170,335,0,170,2
333,DEF,437738,Sebastiaan,Bornauw,2645217,0,False,0,0,0,0,0,0,0,0,0,0,0,0,0,0.0,0.0,0.0,0.0,0,0,0,0,0,0.00,0.00,0.00,0.00,45,-63,276,0,63,2
333,DEF,437738,Sebastiaan,Bornauw,2645230,0,False,0,0,0,0,0,0,0,0,0,0,0,0,0,0.0,0.0,0.0,0.0,0,0,0,0,0,0.00,0.00,0.00,0.00,45,-39,239,0,39,2
333,DEF,437738,Sebastiaan,Bornauw,2645240,0,False,0,0,0,0,0,0,0,0,0,0,0,0,0,0.0,0.0,0.0,0.0,0,0,0,0,0,0.00,0.00,0.00,0.00,45,-22,219,0,22,2
334,DEF,522047,Tarik,Muharemović,2645200,6,False,90,0,0,1,0,0,0,0,0,0,0,0,25,15.6,0.6,17.0,3.3,7,1,0,7,1,0.09,0.00,0.09,0.66,50,0,306283,0,0,2
334,DEF,522047,Tarik,Muharemović,2645210,4,False,90,0,0,0,1,0,0,0,0,0,0,0,17,51.6,0.8,2.0,5.4,17,3,2,19,1,0.00,0.01,0.01,1.67,50,9697,336009,21539,11842,2
334,DEF,522047,Tarik,Muharemović,2645217,4,False,90,0,0,0,1,0,0,0,0,0,0,0,10,29.2,0.8,2.0,3.2,12,2,1,13,1,0.00,0.01,0.01,2.19,50,-2089,326555,40504,42593,2
334,DEF,522047,Tarik,Muharemović,2645230,7,False,90,0,1,0,1,0,0,0,0,0,0,0,27,37.0,10.5,2.0,5.0,10,5,1,11,1,0.00,0.02,0.02,0.88,50,66646,410571,135153,68507,2
334,DEF,522047,Tarik,Muharemović,2645240,6,False,90,0,0,1,0,0,0,0,0,0,0,0,22,14.0,0.9,18.0,3.3,7,5,1,8,1,0.40,0.01,0.41,1.06,50,48147,492213,74089,25942,2
335,MID,466525,Anton,Stach,2645200,13,False,90,1,0,1,0,0,0,0,0,0,0,3,37,47.8,2.3,16.0,6.6,8,5,3,16,1,0.10,0.05,0.15,0.66,60,0,80326,0,0,2
335,MID,466525,Anton,Stach,2645210,4,False,90,0,0,0,1,0,0,0,0,0,0,0,13,24.6,17.0,4.0,4.6,8,4,4,16,1,0.07,0.01,0.08,1.67,60,67665,255319,81344,13679,2
335,MID,466525,Anton,Stach,2645217,2,False,90,0,0,0,1,0,0,0,0,0,0,0,7,15.4,16.5,19.0,5.1,2,2,2,6,1,0.32,0.10,0.42,2.19,60,12619,303711,62176,49557,2
335,MID,466525,Anton,Stach,2645230,3,False,87,0,0,1,0,0,0,0,0,0,0,0,16,12.0,40.4,12.0,6.4,3,5,2,10,1,0.43,0.07,0.50,0.59,60,-19365,291170,29721,49086,2
335,MID,466525,Anton,Stach,2645240,5,False,90,0,0,1,0,0,0,0,0,0,0,0,13,16.6,17.1,4.0,3.8,6,5,2,13,1,0.05,0.08,0.13,1.06,60,-8309,291868,24102,32411,2
336,MID,435997,Noah,Okafor,2645200,1,False,24,0,0,0,0,0,0,0,0,0,0,0,10,10.0,14.0,4.0,2.8,1,2,2,5,0,0.00,0.16,0.16,0.13,60,0,45369,0,0,2
336,MID,435997,Noah,Okafor,2645210,2,False,68,0,0,0,1,0,0,0,0,0,0,0,11,6.4,7.5,10.0,2.4,1,0,1,2,1,0.08,0.01,0.09,0.74,60,-7813,40559,1355,9168,2
336,MID,435997,Noah,Okafor,2645217,3,False,61,0,0,1,0,0,0,0,0,0,0,0,9,1.4,0.6,2.0,0.4,0,0,0,0,1,0.00,0.01,0.01,0.24,59,-8372,32691,2519,10891,2
336,MID,435997,Noah,Okafor,2645230,9,False,71,1,0,1,0,0,0,0,0,0,0,1,35,41.4,17.8,21.0,8.0,1,3,2,6,1,0.07,0.08,0.15,0.58,59,-4605,29116,2061,6666,2
336,MID,435997,Noah,Okafor,2645240,3,False,75,0,0,1,0,0,0,0,0,0,0,0,17,7.8,1.5,3.0,1.2,0,3,2,5,1,0.02,0.01,0.03,0.68,58,14111,50221,19172,5061,2
337,MID,427637,Brenden,Aaronson,2645200,3,False,81,0,0,1,0,0,0,0,0,0,0,0,16,8.0,1.1,7.0,1.6,0,6,1,7,1,0.01,0.01,0.02,0.58,55,0,87156,0,0,2
337,MID,427637,Brenden,Aaronson,2645210,1,False,45,0,0,0,1,0,0,0,0,0,0,0,6,2.2,0.6,0.0,0.3,1,1,1,3,1,0.00,0.01,0.01,0.55,55,-5840,85405,2593,8433,2
337,MID,427637,Brenden,Aaronson,2645217,1,False,28,0,0,0,1,0,0,0,0,0,0,0,5,0.0,1.0,0.0,0.1,0,0,0,0,0,0.00,0.00,0.00,1.95,55,-14068,70876,2026,16094,2
337,MID,427637,Brenden,Aaronson,2645230,1,False,18,0,0,0,1,0,0,0,0,0,0,0,4,0.2,0.3,2.0,0.3,0,1,0,1,0,0.00,0.00,0.00,0.30,54,-10317,61613,1095,11412,2
337,MID,427637,Brenden,Aaronson,2645240,1,False,22,0,0,0,0,0,0,0,0,0,0,0,5,1.4,0.7,0.0,0.2,0,3,1,4,0,0.00,0.00,0.00,0.40,54,-7941,54410,849,8790,2
338,MID,199598,Ethan,Ampadu,2645200,5,False,90,0,0,1,0,0,0,0,0,0,0,0,18,18.6,23.3,0.0,4.2,6,5,2,13,1,0.00,0.04,0.04,0.66,55,0,132659,0,0,2
338,MID,199598,Ethan,Ampadu,2645210,2,False,90,0,0,0,1,0,0,0,0,0,0,0,12,19.6,16.6,1.0,3.7,5,3,2,10,1,0.01,0.09,0.10,1.67,55,-4850,133624,4591,9441,2
338,MID,199598,Ethan,Ampadu,2645217,2,False,90,0,0,0,1,0,0,0,0,0,0,0,13,23.6,1.3,0.0,2.5,6,1,4,11,1,0.00,0.01,0.01,2.19,55,-15707,117203,3562,19269,2
338,MID,199598,Ethan,Ampadu,2645230,7,False,90,0,1,0,1,0,0,0,0,0,0,0,25,8.0,1.7,4.0,1.4,2,9,1,12,1,0.07,0.02,0.09,0.88,54,-14489,103938,2529,17018,2
338,MID,199598,Ethan,Ampadu,2645240,5,False,90,0,0,1,0,0,0,0,0,0,0,0,19,18.8,24.2,0.0,4.3,5,6,3,14,1,0.00,0.10,0.10,1.06,54,-4200,102625,5751,9951,2
339,MID,180135,Sean,Longstaff,2645200,1,False,8,0,0,0,0,0,0,0,0,0,0,0,3,0.0,0.2,0.0,0.0,0,0,0,0,0,0.00,0.00,0.00,0.07,50,0,12582,0,0,2
339,MID,180135,Sean,Longstaff,2645210,0,False,0,0,0,0,0,0,0,0,0,0,0,0,0,0.0,0.0,0.0,0.0,0,0,0,0,0,0.00,0.00,0.00,0.00,50,-1056,12723,575,1631,2
339,MID,180135,Sean,Longstaff,2645217,0,False,0,0,0,0,0,0,0,0,0,0,0,0,0,0.0,0.0,0.0,0.0,0,0,0,0,0,0.00,0.00,0.00,0.00,50,-1965,10952,639,2604,2
339,MID,180135,Sean,Longstaff,2645230,1,False,2,0,0,0,1,0,0,0,0,0,0,0,4,0.0,0.0,0.0,0.0,0,0,0,0,0,0.00,0.00,0.00,0.28,49,-1113,10180,693,1806,2
339,MID,180135,Sean,Longstaff,2645240,0,False,0,0,0,0,0,0,0,0,0,0,0,0,0,0.0,0.0,0.0,0.0,0,0,0,0,0,0.00,0.00,0.00,0.00,49,-977,9382,466,1443,2
341,MID,492859,Wilfried,Gnonto,2645200,0,False,0,0,0,0,0,0,0,0,0,0,0,0,0,0.0,0.0,0.0,0.0,0,0,0,0,0,0.00,0.00,0.00,0.00,50,0,2172,0,0,2
341,MID,492859,Wilfried,Gnonto,2645210,0,False,0,0,0,0,0,0,0,0,0,0,0,0,0,0.0,0.0,0.0,0.0,0,0,0,0,0,0.00,0.00,0.00,0.00,50,-678,1522,18,696,2
341,MID,492859,Wilfried,Gnonto,2645217,0,False,0,0,0,0,0,0,0,0,0,0,0,0,0,0.0,0.0,0.0,0.0,0,0,0,0,0,0.00,0.00,0.00,0.00,50,-222,1395,226,448,2
341,MID,492859,Wilfried,Gnonto,2645230,0,False,0,0,0,0,0,0,0,0,0,0,0,0,0,0.0,0.0,0.0,0.0,0,0,0,0,0,0.00,0.00,0.00,0.00,50,-435,947,0,435,2
341,MID,492859,Wilfried,Gnonto,2645240,0,False,0,0,0,0,0,0,0,0,0,0,0,0,0,0.0,0.0,0.0,0.0,0,0,0,0,0,0.00,0.00,0.00,0.00,50,-179,790,0,179,2
342,MID,221399,Jack,Harrison,2645200,0,False,0,0,0,0,0,0,0,0,0,0,0,0,0,0.0,0.0,0.0,0.0,0,0,0,0,0,0.00,0.00,0.00,0.00,50,0,135,0,0,2
342,MID,221399,Jack,Harrison,2645210,0,False,0,0,0,0,0,0,0,0,0,0,0,0,0,0.0,0.0,0.0,0.0,0,0,0,0,0,0.00,0.00,0.00,0.00,50,-36,98,0,36,2
342,MID,221399,Jack,Harrison,2645217,0,False,0,0,0,0,0,0,0,0,0,0,0,0,0,0.0,0.0,0.0,0.0,0,0,0,0,0,0.00,0.00,0.00,0.00,50,-17,81,0,17,2
342,MID,221399,Jack,Harrison,2645230,0,False,0,0,0,0,0,0,0,0,0,0,0,0,0,0.0,0.0,0.0,0.0,0,0,0,0,0,0.00,0.00,0.00,0.00,50,-11,71,0,11,2
342,MID,221399,Jack,Harrison,2645240,0,False,0,0,0,0,0,0,0,0,0,0,0,0,0,0.0,0.0,0.0,0.0,0,0,0,0,0,0.00,0.00,0.00,0.00,50,-10,60,0,10,2
343,MID,200617,Daniel,James,2645200,0,False,0,0,0,0,0,0,0,0,0,0,0,0,0,0.0,0.0,0.0,0.0,0,0,0,0,0,0.00,0.00,0.00,0.00,50,0,11272,0,0,2
343,MID,200617,Daniel,James,2645210,1,False,22,0,0,0,0,0,0,0,0,0,0,0,2,0.0,1.1,12.0,1.1,0,2,0,2,0,0.24,0.01,0.25,0.93,50,-873,11703,863,1736,2
343,MID,200617,Daniel,James,2645217,0,False,0,0,0,0,0,0,0,0,0,0,0,0,0,0.0,0.0,0.0,0.0,0,0,0,0,0,0.00,0.00,0.00,0.00,50,-692,11657,1599,2291,2
343,MID,200617,Daniel,James,2645230,1,False,7,0,0,0,1,0,0,0,0,0,0,0,4,0.0,0.0,3.0,0.3,0,2,0,2,0,0.11,0.00,0.11,0.28,50,-1207,10690,786,1993,2
343,MID,200617,Daniel,James,2645240,1,False,23,0,0,0,0,0,0,0,0,0,0,0,3,1.2,0.2,4.0,0.5,1,0,0,1,0,0.00,0.00,0.00,0.40,49,-709,10249,721,1430,2
344,MID,486520,Ilia,Gruev,2645200,0,False,0,0,0,0,0,0,0,0,0,0,0,0,0,0.0,0.0,0.0,0.0,0,0,0,0,0,0.00,0.00,0.00,0.00,50,0,461,0,0,2
344,MID,486520,Ilia,Gruev,2645210,0,False,0,0,0,0,0,0,0,0,0,0,0,0,0,0.0,0.0,0.0,0.0,0,0,0,0,0,0.00,0.00,0.00,0.00,50,-120,362,9,129,2
344,MID,486520,Ilia,Gruev,2645217,0,False,0,0,0,0,0,0,0,0,0,0,0,0,0,0.0,0.0,0.0,0.0,0,0,0,0,0,0.00,0.00,0.00,0.00,50,-38,350,33,71,2
344,MID,486520,Ilia,Gruev,2645230,0,False,0,0,0,0,0,0,0,0,0,0,0,0,0,0.0,0.0,0.0,0.0,0,0,0,0,0,0.00,0.00,0.00,0.00,50,-45,317,13,58,2
344,MID,486520,Ilia,Gruev,2645240,0,False,0,0,0,0,0,0,0,0,0,0,0,0,0,0.0,0.0,0.0,0.0,0,0,0,0,0,0.00,0.00,0.00,0.00,50,-13,312,24,37,2
345,MID,248056,Tanaka,Ao,2645200,0,False,0,0,0,0,0,0,0,0,0,0,0,0,0,0.0,0.0,0.0,0.0,0,0,0,0,0,0.00,0.00,0.00,0.00,50,0,23052,0,0,2
345,MID,248056,Tanaka,Ao,2645210,1,False,45,0,0,0,0,0,0,0,0,0,0,0,6,20.0,1.8,0.0,2.2,5,3,3,11,0,0.00,0.01,0.01,1.13,50,-3334,21386,899,4233,2
345,MID,248056,Tanaka,Ao,2645217,5,False,72,0,1,0,1,0,0,0,0,0,0,0,18,20.8,12.2,13.0,4.6,3,3,2,8,1,0.53,0.01,0.54,0.87,49,-1035,21765,3466,4501,2
345,MID,248056,Tanaka,Ao,2645230,6,False,71,0,1,1,0,0,0,0,0,0,0,0,24,9.2,3.1,2.0,1.4,1,2,2,5,1,0.06,0.03,0.09,0.58,49,2579,25771,5747,3168,2
345,MID,248056,Tanaka,Ao,2645240,2,False,67,0,0,1,0,0,0,0,1,0,0,0,0,0.0,1.2,5.0,0.4,2,2,1,5,1,0.14,0.00,0.14,0.66,49,7073,35115,10406,3333,2
346,FWD,177815,Dominic,Calvert-Lewin,2645200,1,False,90,0,0,1,0,0,0,0,1,0,0,0,-2,0.0,0.8,11.0,0.7,0,2,0,2,1,0.13,0.00,0.13,0.66,60,0,2823371,0,0,2
346,FWD,177815,Dominic,Calvert-Lewin,2645210,8,False,90,1,0,0,1,0,0,0,0,0,0,2,31,38.4,4.0,35.0,7.7,3,1,0,4,1,0.92,0.02,0.94,1.67,60,-104622,2823193,84314,188936,2
346,FWD,177815,Dominic,Calvert-Lewin,2645217,1,False,72,0,0,0,1,0,0,0,1,0,0,0,0,4.4,11.3,21.0,3.7,1,2,0,3,1,0.56,0.06,0.62,0.87,60,-144642,2612462,198586,343228,2
346,FWD,177815,Dominic,Calvert-Lewin,2645230,10,False,77,1,1,1,0,0,0,0,1,0,0,2,37,51.0,12.2,67.0,13.0,1,4,0,5,1,0.87,0.00,0.87,0.59,60,-377508,2292933,100296,477804,2
346,FWD,177815,Dominic,Calvert-Lewin,2645240,2,False,90,0,0,1,0,0,0,0,0,0,0,0,7,10.2,1.3,19.0,3.1,4,4,0,8,1,0.52,0.00,0.52,1.06,60,390459,2888883,533433,142974,2
347,FWD,174594,Lukas,Nmecha,2645200,0,False,0,0,0,0,0,0,0,0,0,0,0,0,0,0.0,0.0,0.0,0.0,0,0,0,0,0,0.00,0.00,0.00,0.00,55,0,53564,0,0,2
347,FWD,174594,Lukas,Nmecha,2645210,4,False,21,0,1,0,0,0,0,0,0,0,0,0,18,18.2,20.3,6.0,4.5,0,1,0,1,0,0.10,0.00,0.10,0.93,55,-7627,51231,1917,9544,2
347,FWD,174594,Lukas,Nmecha,2645217,1,False,17,0,0,0,0,0,0,0,0,0,0,0,2,0.0,1.8,9.0,0.9,0,0,0,0,0,0.17,0.14,0.31,1.32,55,-3112,50649,5427,8539,2
347,FWD,174594,Lukas,Nmecha,2645230,1,False,12,0,0,0,1,0,0,0,0,0,0,0,4,0.2,0.3,0.0,0.1,0,1,0,1,0,0.00,0.01,0.01,0.28,54,-1054,51359,6623,7677,2
347,FWD,174594,Lukas,Nmecha,2645240,1,False,14,0,0,0,0,0,0,0,0,0,0,0,4,2.0,0.0,0.0,0.2,0,1,1,2,0,0.00,0.00,0.00,0.37,54,-1434,51218,6227,7661,2
348,FWD,235826,Joël,Piroe,2645200,0,False,0,0,0,0,0,0,0,0,0,0,0,0,0,0.0,0.0,0.0,0.0,0,0,0,0,0,0.00,0.00,0.00,0.00,50,0,17239,0,0,2
348,FWD,235826,Joël,Piroe,2645210,0,False,0,0,0,0,0,0,0,0,0,0,0,0,0,0.0,0.0,0.0,0.0,0,0,0,0,0,0.00,0.00,0.00,0.00,50,-5351,11733,0,5351,2
348,FWD,235826,Joël,Piroe,2645217,0,False,0,0,0,0,0,0,0,0,0,0,0,0,0,0.0,0.0,0.0,0.0,0,0,0,0,0,0.00,0.00,0.00,0.00,50,-2945,8831,0,2945,2
348,FWD,235826,Joël,Piroe,2645230,0,False,0,0,0,0,0,0,0,0,0,0,0,0,0,0.0,0.0,0.0,0.0,0,0,0,0,0,0.00,0.00,0.00,0.00,50,-1516,7440,0,1516,2
348,FWD,235826,Joël,Piroe,2645240,0,False,0,0,0,0,0,0,0,0,0,0,0,0,0,0.0,0.0,0.0,0.0,0,0,0,0,0,0.00,0.00,0.00,0.00,50,-983,6500,0,983,2
349,FWD,565297,Mateo,Joseph Fernández-Regatillo,2645200,0,False,0,0,0,0,0,0,0,0,0,0,0,0,0,0.0,0.0,0.0,0.0,0,0,0,0,0,0.00,0.00,0.00,0.00,45,0,5936,0,0,2
349,FWD,565297,Mateo,Joseph Fernández-Regatillo,2645210,0,False,0,0,0,0,0,0,0,0,0,0,0,0,0,0.0,0.0,0.0,0.0,0,0,0,0,0,0.00,0.00,0.00,0.00,45,-726,5489,325,1051,2
349,FWD,565297,Mateo,Joseph Fernández-Regatillo,2645217,0,False,0,0,0,0,0,0,0,0,0,0,0,0,0,0.0,0.0,0.0,0.0,0,0,0,0,0,0.00,0.00,0.00,0.00,45,-135,5679,947,1082,2
349,FWD,565297,Mateo,Joseph Fernández-Regatillo,2645230,0,False,0,0,0,0,0,0,0,0,0,0,0,0,0,0.0,0.0,0.0,0.0,0,0,0,0,0,0.00,0.00,0.00,0.00,45,-257,5498,775,1032,2
349,FWD,565297,Mateo,Joseph Fernández-Regatillo,2645240,0,False,0,0,0,0,0,0,0,0,0,0,0,0,0,0.0,0.0,0.0,0.0,0,0,0,0,0,0.00,0.00,0.00,0.00,45,-70,5721,739,809,2
385,GKP,432720,James,Trafford,2645200,9,False,90,0,0,1,0,0,0,0,0,0,3,2,28,19.4,0.0,0.0,1.9,0,9,0,0,1,0.00,0.00,0.00,0.66,50,0,265439,0,0,2
385,GKP,432720,James,Trafford,2645210,3,False,90,0,0,0,1,0,0,0,0,0,4,0,20,37.6,0.0,0.0,3.8,0,11,0,0,1,0.00,0.00,0.00,1.67,50,48690,437245,63794,15104,2
385,GKP,432720,James,Trafford,2645217,3,False,90,0,0,0,1,0,0,0,0,0,4,0,18,34.8,0.0,0.0,3.5,2,11,0,0,1,0.00,0.00,0.00,2.19,50,32677,532682,81497,48820,2
385,GKP,432720,James,Trafford,2645230,3,False,90,0,0,0,1,0,0,0,0,0,4,0,17,29.0,0.0,0.0,2.9,4,8,0,0,1,0.00,0.00,0.00,0.88,50,15245,583002,64368,49123,2
385,GKP,432720,James,Trafford,2645240,10,False,90,0,0,1,0,0,0,0,0,0,5,3,34,27.8,0.0,0.0,2.8,0,16,0,0,1,0.00,0.00,0.00,1.06,50,1014,601728,32312,31298,2
598,DEF,173774,Nico,Elvedi,2645200,0,False,0,0,0,0,0,0,0,0,0,0,0,0,0,0.0,0.0,0.0,0.0,0,0,0,0,0,0.00,0.00,0.00,0.00,45,0,1842,0,0,2
598,DEF,173774,Nico,Elvedi,2645210,1,False,56,0,0,0,1,0,0,0,0,0,0,0,9,16.0,1.1,6.0,2.3,5,4,1,6,0,0.00,0.00,0.00,1.32,45,75,2511,354,279,2
598,DEF,173774,Nico,Elvedi,2645217,4,False,90,0,0,0,1,0,0,0,0,0,0,0,12,27.6,21.1,6.0,5.5,10,0,0,10,1,0.00,0.57,0.57,2.19,45,201,2951,729,528,2
598,DEF,173774,Nico,Elvedi,2645230,2,False,90,0,0,0,1,0,0,0,0,0,0,0,8,18.6,0.9,10.0,3.0,8,3,1,9,1,0.05,0.00,0.05,0.88,45,1498,4919,2774,1276,2
598,DEF,173774,Nico,Elvedi,2645240,6,False,90,0,0,1,0,0,0,0,0,0,0,0,27,20.8,2.3,17.0,4.0,4,1,0,4,1,0.07,0.01,0.08,1.06,45,782,6514,1258,476,2
603,DEF,643970,Jayden,Lienou,2645200,0,False,0,0,0,0,0,0,0,0,0,0,0,0,0,0.0,0.0,0.0,0.0,0,0,0,0,0,0.00,0.00,0.00,0.00,40,0,0,0,0,2
603,DEF,643970,Jayden,Lienou,2645210,0,False,0,0,0,0,0,0,0,0,0,0,0,0,0,0.0,0.0,0.0,0.0,0,0,0,0,0,0.00,0.00,0.00,0.00,40,1169,7187,1488,319,2
603,DEF,643970,Jayden,Lienou,2645217,0,False,0,0,0,0,0,0,0,0,0,0,0,0,0,0.0,0.0,0.0,0.0,0,0,0,0,0,0.00,0.00,0.00,0.00,40,1400,11399,2536,1136,2
603,DEF,643970,Jayden,Lienou,2645230,0,False,0,0,0,0,0,0,0,0,0,0,0,0,0,0.0,0.0,0.0,0.0,0,0,0,0,0,0.00,0.00,0.00,0.00,40,388,11191,1426,1038,2
603,DEF,643970,Jayden,Lienou,2645240,0,False,0,0,0,0,0,0,0,0,0,0,0,0,0,0.0,0.0,0.0,0.0,0,0,0,0,0,0.00,0.00,0.00,0.00,40,249,11401,1223,974,2
604,MID,592740,Alfie,Cresswell,2645200,0,False,0,0,0,0,0,0,0,0,0,0,0,0,0,0.0,0.0,0.0,0.0,0,0,0,0,0,0.00,0.00,0.00,0.00,45,0,0,0,0,2
604,MID,592740,Alfie,Cresswell,2645210,0,False,0,0,0,0,0,0,0,0,0,0,0,0,0,0.0,0.0,0.0,0.0,0,0,0,0,0,0.00,0.00,0.00,0.00,45,2319,7215,3029,710,2
604,MID,592740,Alfie,Cresswell,2645217,0,False,0,0,0,0,0,0,0,0,0,0,0,0,0,0.0,0.0,0.0,0.0,0,0,0,0,0,0.00,0.00,0.00,0.00,45,3728,14318,5922,2194,2
604,MID,592740,Alfie,Cresswell,2645230,0,False,0,0,0,0,0,0,0,0,0,0,0,0,0,0.0,0.0,0.0,0.0,0,0,0,0,0,0.00,0.00,0.00,0.00,45,1252,15793,3443,2191,2
604,MID,592740,Alfie,Cresswell,2645240,0,False,0,0,0,0,0,0,0,0,0,0,0,0,0,0.0,0.0,0.0,0.0,0,0,0,0,0,0.00,0.00,0.00,0.00,45,-571,14890,1362,1933,2
625,GKP,97846,Alex,Cairns,2645210,0,False,0,0,0,0,0,0,0,0,0,0,0,0,0,0.0,0.0,0.0,0.0,0,0,0,0,0,0.00,0.00,0.00,0.00,40,0,0,0,0,2
625,GKP,97846,Alex,Cairns,2645217,0,False,0,0,0,0,0,0,0,0,0,0,0,0,0,0.0,0.0,0.0,0.0,0,0,0,0,0,0.00,0.00,0.00,0.00,40,8041,19774,9425,1384,2
625,GKP,97846,Alex,Cairns,2645230,0,False,0,0,0,0,0,0,0,0,0,0,0,0,0,0.0,0.0,0.0,0.0,0,0,0,0,0,0.00,0.00,0.00,0.00,40,3754,20648,6067,2313,2
625,GKP,97846,Alex,Cairns,2645240,0,False,0,0,0,0,0,0,0,0,0,0,0,0,0,0.0,0.0,0.0,0.0,0,0,0,0,0,0.00,0.00,0.00,0.00,40,2006,23234,3467,1461,2
629,GKP,155465,Michael,Zetterer,2645217,0,False,0,0,0,0,0,0,0,0,0,0,0,0,0,0.0,0.0,0.0,0.0,0,0,0,0,0,0.00,0.00,0.00,0.00,40,11967,37143,13274,1307,2
629,GKP,155465,Michael,Zetterer,2645230,0,False,0,0,0,0,0,0,0,0,0,0,0,0,0,0.0,0.0,0.0,0.0,0,0,0,0,0,0.00,0.00,0.00,0.00,40,18112,65838,23210,5098,2
629,GKP,155465,Michael,Zetterer,2645240,0,False,0,0,0,0,0,0,0,0,0,0,0,0,0,0.0,0.0,0.0,0.0,0,0,0,0,0,0.00,0.00,0.00,0.00,40,13986,86238,18956,4970,2
641,DEF,437497,Melvin,Bard,2645217,0,False,0,0,0,0,0,0,0,0,0,0,0,0,0,0.0,0.0,0.0,0.0,0,0,0,0,0,0.00,0.00,0.00,0.00,45,149,242,177,28,2
641,DEF,437497,Melvin,Bard,2645230,1,False,18,0,0,0,1,0,0,0,0,0,0,0,1,4.4,10.3,0.0,1.5,1,2,1,2,0,0.00,0.00,0.00,0.30,45,217,576,322,105,2
641,DEF,437497,Melvin,Bard,2645240,0,False,0,0,0,0,0,0,0,0,0,0,0,0,0,0.0,0.0,0.0,0.0,0,0,0,0,0,0.00,0.00,0.00,0.00,45,220,877,363,143,2
648,MID,587982,Jean-Mattéo,Bahoya,2645217,0,False,0,0,0,0,0,0,0,0,0,0,0,0,0,0.0,0.0,0.0,0.0,0,0,0,0,0,0.00,0.00,0.00,0.00,50,819,1030,1015,196,2
648,MID,587982,Jean-Mattéo,Bahoya,2645230,0,False,0,0,0,0,0,0,0,0,0,0,0,0,0,0.0,0.0,0.0,0.0,0,0,0,0,0,0.00,0.00,0.00,0.00,50,392,1465,754,362,2
648,MID,587982,Jean-Mattéo,Bahoya,2645240,1,False,1,0,0,0,0,0,0,0,0,0,0,0,5,1.0,0.3,0.0,0.1,0,0,0,0,0,0.00,0.00,0.00,0.00,50,-47,1449,363,410,2
350,GKP,116535,Alisson,Becker,2645203,2,False,90,0,0,0,2,0,0,0,0,0,3,0,7,17.8,0.0,0.0,1.8,2,6,0,0,1,0.00,0.00,0.00,1.58,55,0,302846,0,0,14
350,GKP,116535,Alisson,Becker,2645211,0,False,90,0,0,0,2,0,0,0,1,0,1,0,-5,7.6,0.0,0.0,0.8,2,4,0,0,1,0.00,0.00,0.00,2.30,55,4084,377543,25307,21223,14
350,GKP,116535,Alisson,Becker,2645221,8,False,90,0,0,1,0,0,0,0,0,0,5,1,35,30.4,0.0,0.0,3.0,2,14,0,0,1,0.00,0.00,0.00,0.75,55,-15469,402518,42521,57990,14
350,GKP,116535,Alisson,Becker,2645231,9,False,90,0,0,1,0,0,0,0,0,0,3,2,29,21.0,0.0,0.0,2.1,0,14,0,0,1,0.00,0.00,0.00,0.70,55,15592,438381,45421,29829,14
350,GKP,116535,Alisson,Becker,2645235,8,False,90,0,0,1,0,0,0,0,0,0,2,2,30,22.4,0.0,0.0,2.2,4,9,0,0,1,0.00,0.00,0.00,0.79,55,-4413,422308,20069,24482,14
351,GKP,449027,Giorgi,Mamardashvili,2645203,0,False,0,0,0,0,0,0,0,0,0,0,0,0,0,0.0,0.0,0.0,0.0,0,0,0,0,0,0.00,0.00,0.00,0.00,50,0,13503,0,0,14
351,GKP,449027,Giorgi,Mamardashvili,2645211,0,False,0,0,0,0,0,0,0,0,0,0,0,0,0,0.0,0.0,0.0,0.0,0,0,0,0,0,0.00,0.00,0.00,0.00,50,-1380,15032,658,2038,14
351,GKP,449027,Giorgi,Mamardashvili,2645221,0,False,0,0,0,0,0,0,0,0,0,0,0,0,0,0.0,0.0,0.0,0.0,0,0,0,0,0,0.00,0.00,0.00,0.00,49,-1838,14432,1002,2840,14
351,GKP,449027,Giorgi,Mamardashvili,2645231,0,False,0,0,0,0,0,0,0,0,0,0,0,0,0,0.0,0.0,0.0,0.0,0,0,0,0,0,0.00,0.00,0.00,0.00,49,-1342,13938,513,1855,14
351,GKP,449027,Giorgi,Mamardashvili,2645235,0,False,0,0,0,0,0,0,0,0,0,0,0,0,0,0.0,0.0,0.0,0.0,0,0,0,0,0,0.00,0.00,0.00,0.00,49,-846,13807,439,1285,14
352,GKP,155503,Freddie,Woodman,2645203,0,False,0,0,0,0,0,0,0,0,0,0,0,0,0,0.0,0.0,0.0,0.0,0,0,0,0,0,0.00,0.00,0.00,0.00,40,0,97477,0,0,14
352,GKP,155503,Freddie,Woodman,2645211,0,False,0,0,0,0,0,0,0,0,0,0,0,0,0,0.0,0.0,0.0,0.0,0,0,0,0,0,0.00,0.00,0.00,0.00,40,-2260,107195,3263,5523,14
352,GKP,155503,Freddie,Woodman,2645221,0,False,0,0,0,0,0,0,0,0,0,0,0,0,0,0.0,0.0,0.0,0.0,0,0,0,0,0,0.00,0.00,0.00,0.00,40,280,114962,8227,7947,14
352,GKP,155503,Freddie,Woodman,2645231,0,False,0,0,0,0,0,0,0,0,0,0,0,0,0,0.0,0.0,0.0,0.0,0,0,0,0,0,0.00,0.00,0.00,0.00,40,-3423,111999,3509,6932,14
352,GKP,155503,Freddie,Woodman,2645235,0,False,0,0,0,0,0,0,0,0,0,0,0,0,0,0.0,0.0,0.0,0.0,0,0,0,0,0,0.00,0.00,0.00,0.00,40,-1961,112455,2495,4456,14
353,GKP,586268,Armin,Pecsi,2645203,0,False,0,0,0,0,0,0,0,0,0,0,0,0,0,0.0,0.0,0.0,0.0,0,0,0,0,0,0.00,0.00,0.00,0.00,40,0,2936,0,0,14
353,GKP,586268,Armin,Pecsi,2645211,0,False,0,0,0,0,0,0,0,0,0,0,0,0,0,0.0,0.0,0.0,0.0,0,0,0,0,0,0.00,0.00,0.00,0.00,40,-448,2467,0,448,14
353,GKP,586268,Armin,Pecsi,2645221,0,False,0,0,0,0,0,0,0,0,0,0,0,0,0,0.0,0.0,0.0,0.0,0,0,0,0,0,0.00,0.00,0.00,0.00,40,-284,2180,0,284,14
353,GKP,586268,Armin,Pecsi,2645231,0,False,0,0,0,0,0,0,0,0,0,0,0,0,0,0.0,0.0,0.0,0.0,0,0,0,0,0,0.00,0.00,0.00,0.00,40,-186,2007,0,186,14
353,GKP,586268,Armin,Pecsi,2645235,0,False,0,0,0,0,0,0,0,0,0,0,0,0,0,0.0,0.0,0.0,0.0,0,0,0,0,0,0.00,0.00,0.00,0.00,40,-109,1905,0,109,14
354,GKP,432987,Vitezslav,Jaros,2645203,0,False,0,0,0,0,0,0,0,0,0,0,0,0,0,0.0,0.0,0.0,0.0,0,0,0,0,0,0.00,0.00,0.00,0.00,40,0,1351,0,0,14
354,GKP,432987,Vitezslav,Jaros,2645211,0,False,0,0,0,0,0,0,0,0,0,0,0,0,0,0.0,0.0,0.0,0.0,0,0,0,0,0,0.00,0.00,0.00,0.00,40,-16,1453,163,179,14
354,GKP,432987,Vitezslav,Jaros,2645221,0,False,0,0,0,0,0,0,0,0,0,0,0,0,0,0.0,0.0,0.0,0.0,0,0,0,0,0,0.00,0.00,0.00,0.00,40,213,1744,549,336,14
354,GKP,432987,Vitezslav,Jaros,2645231,0,False,0,0,0,0,0,0,0,0,0,0,0,0,0,0.0,0.0,0.0,0.0,0,0,0,0,0,0.00,0.00,0.00,0.00,40,157,1961,567,410,14
354,GKP,432987,Vitezslav,Jaros,2645235,0,False,0,0,0,0,0,0,0,0,0,0,0,0,0,0.0,0.0,0.0,0.0,0,0,0,0,0,0.00,0.00,0.00,0.00,40,107,2153,268,161,14
355,GKP,464353,Harvey,Davies,2645203,0,False,0,0,0,0,0,0,0,0,0,0,0,0,0,0.0,0.0,0.0,0.0,0,0,0,0,0,0.00,0.00,0.00,0.00,40,0,11845,0,0,14
355,GKP,464353,Harvey,Davies,2645211,0,False,0,0,0,0,0,0,0,0,0,0,0,0,0,0.0,0.0,0.0,0.0,0,0,0,0,0,0.00,0.00,0.00,0.00,40,-69,13945,644,713,14
355,GKP,464353,Harvey,Davies,2645221,0,False,0,0,0,0,0,0,0,0,0,0,0,0,0,0.0,0.0,0.0,0.0,0,0,0,0,0,0.00,0.00,0.00,0.00,40,578,16191,1717,1139,14
355,GKP,464353,Harvey,Davies,2645231,0,False,0,0,0,0,0,0,0,0,0,0,0,0,0,0.0,0.0,0.0,0.0,0,0,0,0,0,0.00,0.00,0.00,0.00,40,67,16844,1195,1128,14
355,GKP,464353,Harvey,Davies,2645235,0,False,0,0,0,0,0,0,0,0,0,0,0,0,0,0.0,0.0,0.0,0.0,0,0,0,0,0,0.00,0.00,0.00,0.00,40,96,17657,896,800,14
356,DEF,97032,Virgil,van Dijk,2645203,2,False,90,0,0,0,2,0,0,0,1,0,0,0,8,25.6,1.6,24.0,5.1,9,6,2,11,1,0.25,0.01,0.26,1.58,65,0,1670280,0,0,14
356,DEF,97032,Virgil,van Dijk,2645211,1,False,90,0,0,0,2,0,0,0,0,0,0,0,5,24.6,4.3,2.0,3.1,7,5,0,7,1,0.00,0.03,0.03,2.30,65,-4506,1939518,74614,79120,14
356,DEF,97032,Virgil,van Dijk,2645221,6,False,90,0,0,1,0,0,0,0,0,0,0,0,32,23.2,1.8,0.0,2.5,4,4,3,7,1,0.00,0.02,0.02,0.75,65,-205785,1837428,67650,273435,14
356,DEF,97032,Virgil,van Dijk,2645231,8,False,90,0,0,1,0,0,0,0,0,0,0,0,25,25.8,12.8,0.0,3.9,10,1,0,10,1,0.00,0.01,0.01,0.70,65,-48305,1832589,79775,128080,14
356,DEF,97032,Virgil,van Dijk,2645235,8,False,90,0,0,1,0,0,0,0,0,0,0,0,26,25.8,1.8,0.0,2.8,13,2,0,13,1,0.00,0.01,0.01,0.79,65,-57021,1767010,34977,91998,14
357,DEF,216094,Jeremie,Frimpong,2645203,0,False,90,0,0,0,2,0,0,0,1,0,0,0,3,13.6,37.8,10.0,6.1,1,3,1,2,1,0.01,0.09,0.10,1.58,55,0,302241,0,0,14
357,DEF,216094,Jeremie,Frimpong,2645211,1,False,70,0,0,0,2,0,0,0,0,0,0,0,9,12.8,13.8,4.0,3.1,4,3,2,6,1,0.00,0.02,0.02,2.23,55,-9049,339802,24520,33569,14
357,DEF,216094,Jeremie,Frimpong,2645221,0,False,0,0,0,0,0,0,0,0,0,0,0,0,0,0.0,0.0,0.0,0.0,0,0,0,0,0,0.00,0.00,0.00,0.00,55,-45306,309643,25094,70400,14
357,DEF,216094,Jeremie,Frimpong,2645231,1,False,18,0,0,0,0,0,0,0,0,0,0,0,12,13.0,24.9,2.0,4.0,3,1,1,4,0,0.00,0.12,0.12,0.10,54,-81882,231759,4729,86611,14
357,DEF,216094,Jeremie,Frimpong,2645235,0,False,0,0,0,0,0,0,0,0,0,0,0,0,0,0.0,0.0,0.0,0.0,0,0,0,0,0,0.00,0.00,0.00,0.00,53,-39805,198877,3000,42805,14
358,DEF,544877,Milos,Kerkez,2645203,0,False,90,0,0,0,2,0,0,0,1,0,0,0,3,18.0,13.8,12.0,4.4,4,3,3,7,1,0.02,0.02,0.04,1.58,55,0,332539,0,0,14
358,DEF,544877,Milos,Kerkez,2645211,1,False,70,0,0,0,2,0,0,0,0,0,0,0,9,24.0,12.8,0.0,3.7,7,4,1,8,1,0.00,0.01,0.01,2.23,55,-18742,347978,15645,34387,14
358,DEF,544877,Milos,Kerkez,2645221,5,False,90,0,0,1,0,0,0,0,1,0,0,0,23,13.8,11.3,0.0,2.5,3,1,2,5,1,0.00,0.03,0.03,0.75,55,-51052,302995,13999,65051,14
358,DEF,544877,Milos,Kerkez,2645231,1,False,45,0,0,0,0,0,0,0,0,0,0,0,6,9.8,7.1,0.0,1.7,2,0,1,3,0,0.00,0.01,0.01,0.30,54,-22124,288013,12338,34462,14
358,DEF,544877,Milos,Kerkez,2645235,6,False,90,0,0,1,0,0,0,0,0,0,0,0,22,9.8,2.3,2.0,1.4,6,2,1,7,1,0.05,0.01,0.06,0.79,54,-40437,246708,3035,43472,14
359,DEF,171287,Joe,Gomez,2645203,0,False,0,0,0,0,0,0,0,0,0,0,0,0,0,0.0,0.0,0.0,0.0,0,0,0,0,0,0.00,0.00,0.00,0.00,50,0,1714,0,0,14
359,DEF,171287,Joe,Gomez,2645211,0,False,0,0,0,0,0,0,0,0,0,0,0,0,0,0.0,0.0,0.0,0.0,0,0,0,0,0,0.00,0.00,0.00,0.00,50,-330,1606,79,409,14
359,DEF,171287,Joe,Gomez,2645221,0,False,0,0,0,0,0,0,0,0,0,0,0,0,0,0.0,0.0,0.0,0.0,0,0,0,0,0,0.00,0.00,0.00,0.00,50,-255,1465,70,325,14
359,DEF,171287,Joe,Gomez,2645231,0,False,0,0,0,0,0,0,0,0,0,0,0,0,0,0.0,0.0,0.0,0.0,0,0,0,0,0,0.00,0.00,0.00,0.00,50,-137,1392,74,211,14
359,DEF,171287,Joe,Gomez,2645235,0,False,0,0,0,0,0,0,0,0,0,0,0,0,0,0.0,0.0,0.0,0.0,0,0,0,0,0,0.00,0.00,0.00,0.00,49,78,1679,197,119,14
360,DEF,492777,Conor,Bradley,2645203,0,False,0,0,0,0,0,0,0,0,0,0,0,0,0,0.0,0.0,0.0,0.0,0,0,0,0,0,0.00,0.00,0.00,0.00,50,0,957,0,0,14
360,DEF,492777,Conor,Bradley,2645211,0,False,0,0,0,0,0,0,0,0,0,0,0,0,0,0.0,0.0,0.0,0.0,0,0,0,0,0,0.00,0.00,0.00,0.00,50,-140,1023,79,219,14
360,DEF,492777,Conor,Bradley,2645221,0,False,0,0,0,0,0,0,0,0,0,0,0,0,0,0.0,0.0,0.0,0.0,0,0,0,0,0,0.00,0.00,0.00,0.00,50,-104,1036,114,218,14
360,DEF,492777,Conor,Bradley,2645231,0,False,0,0,0,0,0,0,0,0,0,0,0,0,0,0.0,0.0,0.0,0.0,0,0,0,0,0,0.00,0.00,0.00,0.00,50,-94,1010,67,161,14
360,DEF,492777,Conor,Bradley,2645235,0,False,0,0,0,0,0,0,0,0,0,0,0,0,0,0.0,0.0,0.0,0.0,0,0,0,0,0,0.00,0.00,0.00,0.00,50,-57,1005,57,114,14
361,DEF,519440,Wellity,Lucky,2645203,0,False,0,0,0,0,0,0,0,0,0,0,0,0,0,0.0,0.0,0.0,0.0,0,0,0,0,0,0.00,0.00,0.00,0.00,40,0,10838,0,0,14
361,DEF,519440,Wellity,Lucky,2645211,0,False,0,0,0,0,0,0,0,0,0,0,0,0,0,0.0,0.0,0.0,0.0,0,0,0,0,0,0.00,0.00,0.00,0.00,40,-529,11947,608,1137,14
361,DEF,519440,Wellity,Lucky,2645221,0,False,0,0,0,0,0,0,0,0,0,0,0,0,0,0.0,0.0,0.0,0.0,0,0,0,0,0,0.00,0.00,0.00,0.00,40,-8,13766,1420,1428,14
361,DEF,519440,Wellity,Lucky,2645231,0,False,0,0,0,0,0,0,0,0,0,0,0,0,0,0.0,0.0,0.0,0.0,0,0,0,0,0,0.00,0.00,0.00,0.00,40,-645,13224,832,1477,14
361,DEF,519440,Wellity,Lucky,2645235,0,False,0,0,0,0,0,0,0,0,0,0,0,0,0,0.0,0.0,0.0,0.0,0,0,0,0,0,0.00,0.00,0.00,0.00,40,-466,13179,717,1183,14
362,DEF,606702,Jeremy,Jacquet,2645203,1,False,69,0,0,0,2,0,0,0,0,0,0,0,9,12.4,11.9,0.0,2.4,2,3,1,3,1,0.00,0.02,0.02,1.04,50,0,205604,0,0,14
362,DEF,606702,Jeremy,Jacquet,2645211,3,False,76,0,0,0,2,0,0,0,0,0,0,0,13,30.8,15.1,2.0,4.8,8,4,3,11,1,0.00,0.05,0.05,2.23,50,4556,235410,22712,18156,14
362,DEF,606702,Jeremy,Jacquet,2645221,5,False,90,0,0,1,0,0,0,0,1,0,0,0,28,22.8,12.5,2.0,3.7,6,3,3,9,1,0.00,0.03,0.03,0.75,50,16306,277052,56823,40517,14
362,DEF,606702,Jeremy,Jacquet,2645231,9,False,90,0,0,1,0,0,0,0,0,0,0,3,36,20.2,3.3,0.0,2.4,4,5,1,5,1,0.00,0.02,0.02,0.70,50,16244,298463,48593,32349,14
362,DEF,606702,Jeremy,Jacquet,2645235,6,False,90,0,0,1,0,0,0,0,0,0,0,0,26,20.0,1.7,0.0,2.2,5,6,3,8,1,0.00,0.02,0.02,0.79,50,50743,355709,69754,19011,14
363,DEF,647681,Giovanni,Leoni,2645203,0,False,0,0,0,0,0,0,0,0,0,0,0,0,0,0.0,0.0,0.0,0.0,0,0,0,0,0,0.00,0.00,0.00,0.00,40,0,4082,0,0,14
363,DEF,647681,Giovanni,Leoni,2645211,0,False,0,0,0,0,0,0,0,0,0,0,0,0,0,0.0,0.0,0.0,0.0,0,0,0,0,0,0.00,0.00,0.00,0.00,40,-337,4039,182,519,14
363,DEF,647681,Giovanni,Leoni,2645221,0,False,0,0,0,0,0,0,0,0,0,0,0,0,0,0.0,0.0,0.0,0.0,0,0,0,0,0,0.00,0.00,0.00,0.00,40,-285,3887,332,617,14
363,DEF,647681,Giovanni,Leoni,2645231,0,False,0,0,0,0,0,0,0,0,0,0,0,0,0,0.0,0.0,0.0,0.0,0,0,0,0,0,0.00,0.00,0.00,0.00,40,-297,3654,161,458,14
363,DEF,647681,Giovanni,Leoni,2645235,0,False,0,0,0,0,0,0,0,0,0,0,0,0,0,0.0,0.0,0.0,0.0,0,0,0,0,0,0.00,0.00,0.00,0.00,40,-211,3493,126,337,14
364,DEF,214285,Kostas,Tsimikas,2645203,0,False,0,0,0,0,0,0,0,0,0,0,0,0,0,0.0,0.0,0.0,0.0,0,0,0,0,0,0.00,0.00,0.00,0.00,50,0,6683,0,0,14
364,DEF,214285,Kostas,Tsimikas,2645211,1,False,19,0,0,0,0,0,0,0,0,0,0,0,4,3.6,1.3,9.0,1.4,0,0,0,0,0,0.04,0.01,0.05,0.07,50,-643,7352,339,982,14
364,DEF,214285,Kostas,Tsimikas,2645221,0,False,0,0,0,0,0,0,0,0,0,0,0,0,0,0.0,0.0,0.0,0.0,0,0,0,0,0,0.00,0.00,0.00,0.00,50,-600,7858,487,1087,14
364,DEF,214285,Kostas,Tsimikas,2645231,1,False,45,0,0,0,0,0,0,0,0,0,0,0,2,2.8,1.6,0.0,0.4,2,3,1,3,1,0.00,0.01,0.01,0.40,49,-934,7588,362,1296,14
364,DEF,214285,Kostas,Tsimikas,2645235,0,False,0,0,0,0,0,0,0,0,0,0,0,0,0,0.0,0.0,0.0,0.0,0,0,0,0,0,0.00,0.00,0.00,0.00,49,-362,7658,299,661,14
365,DEF,489580,Calvin,Ramsay,2645203,0,False,0,0,0,0,0,0,0,0,0,0,0,0,0,0.0,0.0,0.0,0.0,0,0,0,0,0,0.00,0.00,0.00,0.00,40,0,19328,0,0,14
365,DEF,489580,Calvin,Ramsay,2645211,0,False,0,0,0,0,0,0,0,0,0,0,0,0,0,0.0,0.0,0.0,0.0,0,0,0,0,0,0.00,0.00,0.00,0.00,40,-3114,18344,638,3752,14
365,DEF,489580,Calvin,Ramsay,2645221,0,False,0,0,0,0,0,0,0,0,0,0,0,0,0,0.0,0.0,0.0,0.0,0,0,0,0,0,0.00,0.00,0.00,0.00,40,-5215,12989,0,5215,14
365,DEF,489580,Calvin,Ramsay,2645231,0,False,0,0,0,0,0,0,0,0,0,0,0,0,0,0.0,0.0,0.0,0.0,0,0,0,0,0,0.00,0.00,0.00,0.00,40,-2067,11136,0,2067,14
365,DEF,489580,Calvin,Ramsay,2645235,0,False,0,0,0,0,0,0,0,0,0,0,0,0,0,0.0,0.0,0.0,0.0,0,0,0,0,0,0.00,0.00,0.00,0.00,40,-1195,10034,0,1195,14
366,MID,494595,Florian,Wirtz,2645203,2,False,62,0,0,0,2,0,0,0,0,0,0,0,16,9.8,17.9,29.0,5.7,0,4,1,5,1,0.26,0.04,0.30,0.51,75,0,1122658,0,0,14
366,MID,494595,Florian,Wirtz,2645211,4,False,90,0,1,0,2,0,0,0,1,0,0,0,23,27.8,24.3,22.0,7.4,0,7,3,10,1,0.23,0.20,0.43,2.30,75,-98339,1118328,24923,123262,14
366,MID,494595,Florian,Wirtz,2645221,3,False,90,0,0,1,0,0,0,0,0,0,0,0,14,6.6,34.0,22.0,6.3,0,4,0,4,1,0.18,0.05,0.23,0.65,75,-121349,1044657,69030,190379,14
366,MID,494595,Florian,Wirtz,2645231,3,False,90,0,0,1,0,0,0,0,0,0,0,0,14,7.6,31.8,12.0,5.1,2,6,1,9,1,0.11,0.06,0.17,0.70,74,-199592,837754,30578,230170,14
366,MID,494595,Florian,Wirtz,2645235,6,False,70,0,1,1,0,0,0,0,0,0,0,0,25,13.2,39.3,16.0,6.9,1,4,3,8,1,0.22,0.05,0.27,0.66,73,-173849,650329,5737,179586,14
367,MID,243298,Cody,Gakpo,2645203,12,False,90,1,0,0,2,0,0,0,0,0,0,3,33,44.0,34.0,37.0,11.5,4,5,3,12,1,0.30,0.15,0.45,1.58,70,0,310403,0,0,14
367,MID,243298,Cody,Gakpo,2645211,5,False,70,0,1,0,2,0,0,0,0,0,0,0,21,23.2,27.8,6.0,5.7,1,2,0,3,1,0.00,0.65,0.65,2.23,70,177953,653797,205704,27751,14
367,MID,243298,Cody,Gakpo,2645221,11,False,90,0,2,1,0,0,0,0,0,0,0,2,43,49.6,42.7,13.0,10.5,2,5,3,10,1,0.06,0.40,0.46,0.75,71,103812,933667,234993,131181,14
367,MID,243298,Cody,Gakpo,2645231,1,False,30,0,0,0,0,0,0,0,0,0,0,0,3,0.8,1.3,7.0,0.9,0,2,0,2,0,0.08,0.02,0.10,0.16,72,357507,1328735,670039,312532,14
367,MID,243298,Cody,Gakpo,2645235,3,False,90,0,0,1,0,0,0,0,0,0,0,0,13,15.8,43.0,7.0,6.6,2,1,2,5,1,0.20,0.49,0.69,0.79,72,19543,1383393,175676,156133,14
368,MID,424876,Dominik,Szoboszlai,2645203,8,False,90,1,0,0,2,0,0,0,0,0,0,1,29,50.4,47.1,21.0,11.9,2,4,1,7,1,0.85,0.27,1.12,1.58,70,0,3733259,0,0,14
368,MID,424876,Dominik,Szoboszlai,2645211,4,False,90,0,0,0,2,0,0,0,0,0,0,0,24,21.4,40.7,4.0,6.6,3,7,3,13,1,0.16,0.17,0.33,2.30,70,177598,4309636,245003,67405,14
368,MID,424876,Dominik,Szoboszlai,2645221,3,False,90,0,0,1,0,0,0,0,0,0,0,0,20,19.4,29.9,21.0,7.0,3,6,0,9,1,0.16,0.08,0.24,0.75,70,-105407,4313411,281021,386428,14
368,MID,424876,Dominik,Szoboszlai,2645231,3,False,90,0,0,1,0,0,0,0,0,0,0,0,25,16.0,55.7,9.0,8.1,3,3,0,6,1,0.12,0.28,0.40,0.70,70,-242164,4135360,274640,516804,14
368,MID,424876,Dominik,Szoboszlai,2645235,2,False,80,0,0,1,0,0,0,0,1,0,0,0,5,1.6,4.6,2.0,0.8,2,2,2,6,1,0.13,0.02,0.15,0.66,70,-405826,3685230,91695,497521,14
369,MID,611922,Rio,Ngumoha,2645203,2,False,62,0,0,0,2,0,0,0,0,0,0,0,9,2.4,6.0,5.0,1.3,0,2,1,3,1,0.04,0.02,0.06,0.51,60,0,104767,0,0,14
369,MID,611922,Rio,Ngumoha,2645211,1,False,19,0,0,0,0,0,0,0,0,0,0,0,5,2.0,1.3,2.0,0.5,0,0,0,0,0,0.00,0.03,0.03,0.07,60,-9330,106917,5547,14877,14
369,MID,611922,Rio,Ngumoha,2645221,0,False,0,0,0,0,0,0,0,0,0,0,0,0,0,0.0,0.0,0.0,0.0,0,0,0,0,0,0.00,0.00,0.00,0.00,59,-31936,77015,3473,35409,14
369,MID,611922,Rio,Ngumoha,2645231,1,False,18,0,0,0,0,0,0,0,0,0,0,0,-1,0.0,0.8,4.0,0.3,1,0,0,1,0,0.11,0.00,0.11,0.10,58,-20391,60213,3022,23413,14
369,MID,611922,Rio,Ngumoha,2645235,0,False,0,0,0,0,0,0,0,0,0,0,0,0,0,0.0,0.0,0.0,0.0,0,0,0,0,0,0.00,0.00,0.00,0.00,58,-9591,52264,1736,11327,14
370,MID,223541,Federico,Chiesa,2645203,0,False,0,0,0,0,0,0,0,0,0,0,0,0,0,0.0,0.0,0.0,0.0,0,0,0,0,0,0.00,0.00,0.00,0.00,55,0,11756,0,0,14
370,MID,223541,Federico,Chiesa,2645211,0,False,0,0,0,0,0,0,0,0,0,0,0,0,0,0.0,0.0,0.0,0.0,0,0,0,0,0,0.00,0.00,0.00,0.00,55,-2965,10863,585,3550,14
370,MID,223541,Federico,Chiesa,2645221,0,False,0,0,0,0,0,0,0,0,0,0,0,0,0,0.0,0.0,0.0,0.0,0,0,0,0,0,0.00,0.00,0.00,0.00,54,-4196,6728,50,4246,14
370,MID,223541,Federico,Chiesa,2645231,0,False,0,0,0,0,0,0,0,0,0,0,0,0,0,0.0,0.0,0.0,0.0,0,0,0,0,0,0.00,0.00,0.00,0.00,54,-1366,5591,14,1380,14
370,MID,223541,Federico,Chiesa,2645235,0,False,0,0,0,0,0,0,0,0,0,0,0,0,0,0.0,0.0,0.0,0.0,0,0,0,0,0,0.00,0.00,0.00,0.00,54,-641,5019,16,657,14
371,MID,441266,Ryan,Gravenberch,2645203,5,False,77,0,1,0,2,0,0,0,0,0,0,0,26,24.4,16.0,4.0,4.4,2,8,1,11,1,0.06,0.05,0.11,1.10,60,0,172067,0,0,14
371,MID,441266,Ryan,Gravenberch,2645211,1,False,19,0,0,0,0,0,0,0,0,0,0,0,7,4.4,12.1,0.0,1.7,0,0,1,1,0,0.00,0.01,0.01,0.07,60,-178,196536,15005,15183,14
371,MID,441266,Ryan,Gravenberch,2645221,1,False,26,0,0,0,0,0,0,0,0,0,0,0,2,2.2,1.7,0.0,0.4,1,1,0,2,0,0.00,0.00,0.00,0.17,60,-34196,168420,10774,44970,14
371,MID,441266,Ryan,Gravenberch,2645231,1,False,59,0,0,0,0,0,0,0,0,0,0,0,13,19.6,11.4,2.0,3.3,7,1,2,10,1,0.04,0.01,0.05,0.54,59,-33117,140580,5155,38272,14
371,MID,441266,Ryan,Gravenberch,2645235,1,False,9,0,0,0,0,0,0,0,0,0,0,0,3,0.0,1.5,0.0,0.1,0,1,0,1,0,0.00,0.01,0.01,0.14,59,-19324,124836,3604,22928,14
372,MID,243016,Alexis,Mac Allister,2645203,1,False,27,0,0,0,0,0,0,0,0,0,0,0,9,5.8,1.4,0.0,0.7,0,1,2,3,0,0.00,0.01,0.01,1.07,55,0,151941,0,0,14
372,MID,243016,Alexis,Mac Allister,2645211,2,False,76,0,0,0,2,0,0,0,0,0,0,0,10,12.6,7.7,0.0,2.0,2,5,3,10,1,0.00,0.39,0.39,2.23,55,-14941,156781,6567,21508,14
372,MID,243016,Alexis,Mac Allister,2645221,2,False,83,0,0,1,0,0,0,0,1,0,0,0,14,16.6,12.8,18.0,4.7,3,5,3,11,1,0.08,0.02,0.10,0.60,55,-17436,147584,10622,28058,14
372,MID,243016,Alexis,Mac Allister,2645231,1,False,30,0,0,0,0,0,0,0,0,0,0,0,7,9.2,22.4,4.0,3.6,2,1,1,4,0,0.02,0.02,0.04,0.16,54,-7817,145908,12996,20813,14
372,MID,243016,Alexis,Mac Allister,2645235,5,False,90,0,0,1,0,0,0,0,0,0,0,0,19,14.0,6.5,4.0,2.5,4,7,2,13,1,0.00,0.05,0.05,0.79,54,-7900,141772,11435,19335,14
373,MID,206915,Curtis,Jones,2645203,0,False,0,0,0,0,0,0,0,0,0,0,0,0,0,0.0,0.0,0.0,0.0,0,0,0,0,0,0.00,0.00,0.00,0.00,55,0,4822,0,0,14
373,MID,206915,Curtis,Jones,2645211,0,False,0,0,0,0,0,0,0,0,0,0,0,0,0,0.0,0.0,0.0,0.0,0,0,0,0,0,0.00,0.00,0.00,0.00,55,-1095,3769,33,1128,14
373,MID,206915,Curtis,Jones,2645221,0,False,0,0,0,0,0,0,0,0,0,0,0,0,0,0.0,0.0,0.0,0.0,0,0,0,0,0,0.00,0.00,0.00,0.00,55,-929,2874,1,930,14
373,MID,206915,Curtis,Jones,2645231,0,False,0,0,0,0,0,0,0,0,0,0,0,0,0,0.0,0.0,0.0,0.0,0,0,0,0,0,0.00,0.00,0.00,0.00,55,-372,2535,0,372,14
373,MID,206915,Curtis,Jones,2645235,0,False,0,0,0,0,0,0,0,0,0,0,0,0,0,0.0,0.0,0.0,0.0,0,0,0,0,0,0.00,0.00,0.00,0.00,55,-157,2382,0,157,14
374,MID,158983,Endo,Wataru,2645203,0,False,0,0,0,0,0,0,0,0,0,0,0,0,0,0.0,0.0,0.0,0.0,0,0,0,0,0,0.00,0.00,0.00,0.00,50,0,5090,0,0,14
374,MID,158983,Endo,Wataru,2645211,0,False,0,0,0,0,0,0,0,0,0,0,0,0,0,0.0,0.0,0.0,0.0,0,0,0,0,0,0.00,0.00,0.00,0.00,50,-500,6389,485,985,14
374,MID,158983,Endo,Wataru,2645221,0,False,0,0,0,0,0,0,0,0,0,0,0,0,0,0.0,0.0,0.0,0.0,0,0,0,0,0,0.00,0.00,0.00,0.00,50,-648,6810,798,1446,14
374,MID,158983,Endo,Wataru,2645231,0,False,0,0,0,0,0,0,0,0,0,0,0,0,0,0.0,0.0,0.0,0.0,0,0,0,0,0,0.00,0.00,0.00,0.00,49,-568,6867,531,1099,14
374,MID,158983,Endo,Wataru,2645235,0,False,0,0,0,0,0,0,0,0,0,0,0,0,0,0.0,0.0,0.0,0.0,0,0,0,0,0,0.00,0.00,0.00,0.00,49,-487,6761,349,836,14
375,MID,591386,Trey,Nyoni,2645203,0,False,0,0,0,0,0,0,0,0,0,0,0,0,0,0.0,0.0,0.0,0.0,0,0,0,0,0,0.00,0.00,0.00,0.00,50,0,3729,0,0,14
375,MID,591386,Trey,Nyoni,2645211,1,False,13,0,0,0,0,0,0,0,0,0,0,0,3,6.4,2.2,0.0,0.9,1,2,2,5,0,0.00,0.00,0.00,0.07,50,-534,3607,139,673,14
375,MID,591386,Trey,Nyoni,2645221,1,False,6,0,0,0,0,0,0,0,0,0,0,0,3,0.2,0.1,0.0,0.0,0,0,0,0,0,0.00,0.00,0.00,0.15,50,-319,3899,503,822,14
375,MID,591386,Trey,Nyoni,2645231,0,False,0,0,0,0,0,0,0,0,0,0,0,0,0,0.0,0.0,0.0,0.0,0,0,0,0,0,0.00,0.00,0.00,0.00,49,-285,4195,427,712,14
375,MID,591386,Trey,Nyoni,2645235,1,False,19,0,0,0,0,0,0,0,0,0,0,0,3,9.6,0.6,0.0,1.0,5,0,0,5,0,0.00,0.00,0.00,0.14,49,-350,4129,188,538,14
376,MID,535928,Stefan,Bajčetić Maquieira,2645203,0,False,0,0,0,0,0,0,0,0,0,0,0,0,0,0.0,0.0,0.0,0.0,0,0,0,0,0,0.00,0.00,0.00,0.00,50,0,157,0,0,14
376,MID,535928,Stefan,Bajčetić Maquieira,2645211,0,False,0,0,0,0,0,0,0,0,0,0,0,0,0,0.0,0.0,0.0,0.0,0,0,0,0,0,0.00,0.00,0.00,0.00,50,-21,173,8,29,14
376,MID,535928,Stefan,Bajčetić Maquieira,2645221,0,False,0,0,0,0,0,0,0,0,0,0,0,0,0,0.0,0.0,0.0,0.0,0,0,0,0,0,0.00,0.00,0.00,0.00,50,-32,148,11,43,14
376,MID,535928,Stefan,Bajčetić Maquieira,2645231,0,False,0,0,0,0,0,0,0,0,0,0,0,0,0,0.0,0.0,0.0,0.0,0,0,0,0,0,0.00,0.00,0.00,0.00,50,-23,128,0,23,14
376,MID,535928,Stefan,Bajčetić Maquieira,2645235,0,False,0,0,0,0,0,0,0,0,0,0,0,0,0,0.0,0.0,0.0,0.0,0,0,0,0,0,0.00,0.00,0.00,0.00,50,-9,119,0,9,14
377,MID,551499,Victor,Munoz,2645203,4,False,27,0,1,0,0,0,0,0,0,0,0,0,15,4.0,8.9,14.0,2.7,0,0,0,0,0,0.10,0.04,0.14,1.07,65,0,48042,0,0,14
377,MID,551499,Victor,Munoz,2645211,6,False,90,1,0,0,2,0,0,0,1,0,0,0,24,42.2,16.8,29.0,8.8,4,1,2,7,1,0.32,0.19,0.51,2.30,65,573,60184,6486,5913,14
377,MID,551499,Victor,Munoz,2645221,3,False,63,0,0,1,0,0,0,0,0,0,0,0,9,0.8,4.3,6.0,1.1,0,4,0,4,1,0.00,0.02,0.02,0.58,65,60010,147326,83211,23201,14
377,MID,551499,Victor,Munoz,2645231,1,False,59,0,0,0,0,0,0,0,0,0,0,0,5,3.4,1.4,37.0,4.2,0,2,0,2,1,0.10,0.00,0.10,0.54,65,-9953,130437,20664,30617,14
377,MID,551499,Victor,Munoz,2645235,1,False,18,0,0,0,0,0,0,0,0,0,0,0,7,5.8,11.0,0.0,1.7,1,1,1,3,0,0.00,0.06,0.06,0.14,65,-24989,105157,5622,30611,14
378,MID,491501,James,McConnell,2645203,0,False,0,0,0,0,0,0,0,0,0,0,0,0,0,0.0,0.0,0.0,0.0,0,0,0,0,0,0.00,0.00,0.00,0.00,45,0,24189,0,0,14
378,MID,491501,James,McConnell,2645211,0,False,0,0,0,0,0,0,0,0,0,0,0,0,0,0.0,0.0,0.0,0.0,0,0,0,0,0,0.00,0.00,0.00,0.00,45,-2017,25168,883,2900,14
378,MID,491501,James,McConnell,2645221,0,False,0,0,0,0,0,0,0,0,0,0,0,0,0,0.0,0.0,0.0,0.0,0,0,0,0,0,0.00,0.00,0.00,0.00,45,-1919,24779,1404,3323,14
378,MID,491501,James,McConnell,2645231,0,False,0,0,0,0,0,0,0,0,0,0,0,0,0,0.0,0.0,0.0,0.0,0,0,0,0,0,0.00,0.00,0.00,0.00,45,-1744,23763,870,2614,14
378,MID,491501,James,McConnell,2645235,0,False,0,0,0,0,0,0,0,0,0,0,0,0,0,0.0,0.0,0.0,0.0,0,0,0,0,0,0.00,0.00,0.00,0.00,44,98,26448,2718,2620,14
379,FWD,219168,Alexander,Isak,2645203,2,False,90,0,0,0,2,0,0,0,0,0,0,0,6,11.4,14.6,66.0,9.2,1,0,0,1,1,1.09,0.01,1.10,1.58,90,0,1493302,0,0,14
379,FWD,219168,Alexander,Isak,2645211,8,False,90,1,0,0,2,0,0,0,0,0,0,2,30,34.0,10.3,48.0,9.2,0,0,1,1,1,0.99,0.00,0.99,2.30,90,-28097,1629014,73036,101133,14
379,FWD,219168,Alexander,Isak,2645221,13,False,63,2,0,1,0,0,0,0,0,0,0,3,61,67.0,6.4,34.0,10.7,1,2,0,3,1,0.21,0.05,0.26,0.58,90,-25262,1811350,181587,206849,14
379,FWD,219168,Alexander,Isak,2645231,2,False,90,0,0,1,0,0,0,0,0,0,0,0,5,1.2,2.8,28.0,3.2,0,1,0,1,1,0.50,0.00,0.50,0.70,91,623585,2626358,732640,109055,14
379,FWD,219168,Alexander,Isak,2645235,8,False,80,1,0,1,0,0,0,0,1,0,0,3,31,32.6,13.4,31.0,7.7,1,0,0,1,1,0.75,0.02,0.77,0.66,91,-103033,2350302,139899,242932,14
380,FWD,510663,Hugo,Ekitiké,2645203,0,False,0,0,0,0,0,0,0,0,0,0,0,0,0,0.0,0.0,0.0,0.0,0,0,0,0,0,0.00,0.00,0.00,0.00,75,0,14410,0,0,14
380,FWD,510663,Hugo,Ekitiké,2645211,0,False,0,0,0,0,0,0,0,0,0,0,0,0,0,0.0,0.0,0.0,0.0,0,0,0,0,0,0.00,0.00,0.00,0.00,75,-3098,14299,709,3807,14
380,FWD,510663,Hugo,Ekitiké,2645221,0,False,0,0,0,0,0,0,0,0,0,0,0,0,0,0.0,0.0,0.0,0.0,0,0,0,0,0,0.00,0.00,0.00,0.00,75,-2736,12739,696,3432,14
380,FWD,510663,Hugo,Ekitiké,2645231,0,False,0,0,0,0,0,0,0,0,0,0,0,0,0,0.0,0.0,0.0,0.0,0,0,0,0,0,0.00,0.00,0.00,0.00,74,-1567,11892,474,2041,14
380,FWD,510663,Hugo,Ekitiké,2645235,0,False,0,0,0,0,0,0,0,0,0,0,0,0,0,0.0,0.0,0.0,0.0,0,0,0,0,0,0.00,0.00,0.00,0.00,74,-790,11579,393,1183,14
381,MID,514514,Lewis,Koumas,2645203,1,False,12,0,0,0,0,0,0,0,0,0,0,0,4,1.2,0.5,7.0,0.9,0,1,0,1,0,0.03,0.00,0.03,0.48,50,0,1626,0,0,14
381,MID,514514,Lewis,Koumas,2645211,0,False,0,0,0,0,0,0,0,0,0,0,0,0,0,0.0,0.0,0.0,0.0,0,0,0,0,0,0.00,0.00,0.00,0.00,50,-54,2137,156,210,14
381,MID,514514,Lewis,Koumas,2645221,1,False,1,0,0,0,0,0,0,0,0,0,0,0,3,0.0,0.0,0.0,0.0,0,0,0,0,0,0.00,0.00,0.00,0.10,50,-217,2473,161,378,14
381,MID,514514,Lewis,Koumas,2645231,0,False,0,0,0,0,0,0,0,0,0,0,0,0,0,0.0,0.0,0.0,0.0,0,0,0,0,0,0.00,0.00,0.00,0.00,50,-163,2699,155,318,14
381,MID,514514,Lewis,Koumas,2645235,1,False,9,0,0,0,0,0,0,0,0,0,0,0,7,3.0,0.0,17.0,2.0,0,0,0,0,0,0.25,0.00,0.25,0.14,50,-88,2933,207,295,14
382,FWD,500058,Jayden,Danns,2645203,0,False,0,0,0,0,0,0,0,0,0,0,0,0,0,0.0,0.0,0.0,0.0,0,0,0,0,0,0.00,0.00,0.00,0.00,45,0,3221,0,0,14
382,FWD,500058,Jayden,Danns,2645211,0,False,0,0,0,0,0,0,0,0,0,0,0,0,0,0.0,0.0,0.0,0.0,0,0,0,0,0,0.00,0.00,0.00,0.00,45,-253,3423,309,562,14
382,FWD,500058,Jayden,Danns,2645221,0,False,0,0,0,0,0,0,0,0,0,0,0,0,0,0.0,0.0,0.0,0.0,0,0,0,0,0,0.00,0.00,0.00,0.00,45,1969,7591,2915,946,14
382,FWD,500058,Jayden,Danns,2645231,0,False,0,0,0,0,0,0,0,0,0,0,0,0,0,0.0,0.0,0.0,0.0,0,0,0,0,0,0.00,0.00,0.00,0.00,45,4586,14211,7016,2430,14
382,FWD,500058,Jayden,Danns,2645235,0,False,0,0,0,0,0,0,0,0,0,0,0,0,0,0.0,0.0,0.0,0.0,0,0,0,0,0,0.00,0.00,0.00,0.00,45,6226,25967,9567,3341,14
383,MID,444884,Harvey,Elliott,2645203,0,False,0,0,0,0,0,0,0,0,0,0,0,0,0,0.0,0.0,0.0,0.0,0,0,0,0,0,0.00,0.00,0.00,0.00,55,0,6399,0,0,14
383,MID,444884,Harvey,Elliott,2645211,0,False,0,0,0,0,0,0,0,0,0,0,0,0,0,0.0,0.0,0.0,0.0,0,0,0,0,0,0.00,0.00,0.00,0.00,55,-836,7117,380,1216,14
383,MID,444884,Harvey,Elliott,2645221,0,False,0,0,0,0,0,0,0,0,0,0,0,0,0,0.0,0.0,0.0,0.0,0,0,0,0,0,0.00,0.00,0.00,0.00,54,-1929,5742,527,2456,14
383,MID,444884,Harvey,Elliott,2645231,0,False,0,0,0,0,0,0,0,0,0,0,0,0,0,0.0,0.0,0.0,0.0,0,0,0,0,0,0.00,0.00,0.00,0.00,54,-1672,4155,0,1672,14
383,MID,444884,Harvey,Elliott,2645235,0,False,0,0,0,0,0,0,0,0,0,0,0,0,0,0.0,0.0,0.0,0.0,0,0,0,0,0,0.00,0.00,0.00,0.00,54,-576,3642,0,576,14
579,DEF,445087,Ronald,Araujo,2645203,1,False,20,0,0,0,0,0,0,0,0,0,0,0,3,13.2,1.2,0.0,1.4,3,1,1,4,0,0.00,0.03,0.03,0.54,55,0,211388,0,0,14
579,DEF,445087,Ronald,Araujo,2645211,0,False,13,0,0,0,0,0,0,0,1,0,0,0,-1,5.8,2.3,0.0,0.8,1,2,0,1,0,0.00,0.01,0.01,0.07,55,-9867,267054,23907,33774,14
579,DEF,445087,Ronald,Araujo,2645221,8,False,90,0,0,1,0,0,0,0,0,0,0,0,27,20.0,2.4,2.0,2.4,9,1,1,10,1,0.00,0.01,0.01,0.75,54,-69165,212525,11375,80540,14
579,DEF,445087,Ronald,Araujo,2645231,6,False,71,0,0,1,0,0,0,0,0,0,0,0,24,9.8,1.8,2.0,1.4,3,5,1,4,1,0.00,0.00,0.00,0.60,54,41974,292366,59861,17887,14
579,DEF,445087,Ronald,Araujo,2645235,7,False,90,0,0,1,0,0,0,0,0,0,0,1,28,12.0,2.8,2.0,1.7,3,6,2,5,1,0.00,0.01,0.01,0.79,54,19285,315443,36773,17488,14
627,MID,482616,Bradley,Barcola,2645221,1,False,26,0,0,0,0,0,0,0,0,0,0,0,5,3.0,10.5,2.0,1.6,0,0,0,0,0,0.00,0.07,0.07,0.17,80,116172,145340,135788,19616,14
627,MID,482616,Bradley,Barcola,2645231,3,False,71,0,0,1,0,0,0,0,0,0,0,0,9,5.6,13.6,8.0,2.7,0,2,3,5,1,0.21,0.03,0.24,0.60,80,70941,238639,116804,45863,14
627,MID,482616,Bradley,Barcola,2645235,3,False,71,0,0,1,0,0,0,0,0,0,0,0,8,2.2,3.3,21.0,2.7,0,3,0,3,1,0.05,0.03,0.08,0.66,80,-20897,203917,24870,45767,14
155,MID,448047,Enzo,Fernández,2645204,1,False,25,0,0,0,0,0,0,0,0,0,0,0,6,3.4,12.0,0.0,1.5,0,3,0,3,0,0.00,0.02,0.02,0.28,70,0,442051,0,0,43
155,MID,448047,Enzo,Fernández,2645207,0,False,0,0,0,0,0,0,0,0,0,0,0,0,0,0.0,0.0,0.0,0.0,0,0,0,0,0,0.00,0.00,0.00,0.00,70,-74211,430662,14954,89165,43
155,MID,448047,Enzo,Fernández,2645222,3,False,75,0,0,1,0,0,0,0,0,0,0,0,17,10.2,18.9,18.0,4.7,1,1,1,3,1,0.13,0.12,0.25,1.00,69,-101968,341334,30968,132936,43
155,MID,448047,Enzo,Fernández,2645232,2,False,81,0,0,1,0,0,0,0,1,0,0,0,17,10.4,20.7,15.0,4.6,4,4,2,10,1,0.18,0.13,0.31,0.50,69,-12688,344271,39194,51882,43
155,MID,448047,Enzo,Fernández,2645241,7,False,90,1,0,0,3,0,0,0,0,0,0,0,33,39.8,21.2,9.0,7.0,1,4,0,5,1,0.04,0.26,0.30,3.57,69,23625,380480,56551,32926,43
237,MID,440993,Iliman,Ndiaye,2645197,9,False,90,0,1,1,0,0,0,0,0,0,0,1,36,40.8,39.8,48.0,12.9,0,8,4,12,1,0.24,0.32,0.56,1.96,60,0,1434152,0,0,43
237,MID,440993,Iliman,Ndiaye,2645205,4,False,90,0,0,0,1,0,0,0,0,0,0,0,16,12.6,14.5,10.0,3.7,5,7,1,13,1,0.02,0.07,0.09,2.16,60,62668,1595715,122688,60020,43
237,MID,440993,Iliman,Ndiaye,2645222,3,False,86,0,0,1,0,0,0,0,0,0,0,0,12,7.0,17.9,10.0,3.5,1,2,2,5,1,0.02,0.04,0.06,1.35,60,-391471,1152171,81681,473152,43
237,MID,440993,Iliman,Ndiaye,2645232,1,False,45,0,0,0,0,0,0,0,0,0,0,0,15,9.8,1.8,2.0,1.4,3,6,1,10,0,0.00,0.01,0.01,0.80,59,-300679,900785,43012,343691,43
237,MID,440993,Iliman,Ndiaye,2645241,5,False,74,0,1,0,3,0,0,0,0,0,0,0,31,7.6,28.6,10.0,4.6,1,3,0,4,1,0.10,0.14,0.24,3.15,59,-147652,784775,43488,191140,43
384,GKP,204936,Gianluigi,Donnarumma,2645202,3,False,90,0,0,0,1,0,0,0,0,0,3,0,12,26.8,0.0,0.0,2.7,1,4,0,0,1,0.00,0.00,0.00,0.65,55,0,722204,0,0,43
384,GKP,204936,Gianluigi,Donnarumma,2645209,0,False,90,0,0,0,1,1,0,0,0,0,1,0,5,6.8,0.0,0.0,0.7,0,8,0,0,1,0.00,0.00,0.00,0.66,55,-10944,828113,34008,44952,43
384,GKP,204936,Gianluigi,Donnarumma,2645222,7,False,90,0,0,1,0,0,0,0,0,0,3,0,29,26.8,0.0,0.0,2.7,1,2,0,0,1,0.00,0.00,0.00,1.37,55,-48925,836587,71140,120065,43
384,GKP,204936,Gianluigi,Donnarumma,2645232,7,False,90,0,0,1,0,0,0,0,0,0,3,0,29,20.6,0.0,0.0,2.1,0,10,0,0,1,0.00,0.00,0.00,1.00,55,-46242,797609,32234,78476,43
384,GKP,204936,Gianluigi,Donnarumma,2645241,2,False,90,0,0,0,3,0,0,0,0,0,4,0,9,31.6,0.0,0.0,3.2,2,8,0,0,1,0.00,0.00,0.00,3.57,55,16386,879025,58809,42423,43
386,GKP,122074,Marcus,Bettinelli,2645202,0,False,0,0,0,0,0,0,0,0,0,0,0,0,0,0.0,0.0,0.0,0.0,0,0,0,0,0,0.00,0.00,0.00,0.00,45,0,2479,0,0,43
386,GKP,122074,Marcus,Bettinelli,2645209,0,False,0,0,0,0,0,0,0,0,0,0,0,0,0,0.0,0.0,0.0,0.0,0,0,0,0,0,0.00,0.00,0.00,0.00,45,-101,2853,135,236,43
386,GKP,122074,Marcus,Bettinelli,2645222,0,False,0,0,0,0,0,0,0,0,0,0,0,0,0,0.0,0.0,0.0,0.0,0,0,0,0,0,0.00,0.00,0.00,0.00,45,-201,2867,172,373,43
386,GKP,122074,Marcus,Bettinelli,2645232,0,False,0,0,0,0,0,0,0,0,0,0,0,0,0,0.0,0.0,0.0,0.0,0,0,0,0,0,0.00,0.00,0.00,0.00,45,-113,2911,128,241,43
386,GKP,122074,Marcus,Bettinelli,2645241,0,False,0,0,0,0,0,0,0,0,0,0,0,0,0,0.0,0.0,0.0,0.0,0,0,0,0,0,0.00,0.00,0.00,0.00,45,-106,2873,80,186,43
387,DEF,472769,Nico,O'Reilly,2645202,2,False,62,0,0,0,1,0,0,0,0,0,0,0,5,8.8,30.4,11.0,5.0,1,5,1,2,1,0.07,0.41,0.48,0.55,65,0,1877660,0,0,43
387,DEF,472769,Nico,O'Reilly,2645209,2,False,88,0,0,0,1,0,0,0,0,0,0,0,11,3.6,7.8,5.0,1.6,0,2,1,1,1,0.02,0.02,0.04,0.66,65,-38546,2068744,68784,107330,43
387,DEF,472769,Nico,O'Reilly,2645222,0,False,0,0,0,0,0,0,0,0,0,0,0,0,0,0.0,0.0,0.0,0.0,0,0,0,0,0,0.00,0.00,0.00,0.00,65,-193787,1933486,97243,291030,43
387,DEF,472769,Nico,O'Reilly,2645232,1,False,8,0,0,0,0,0,0,0,0,0,0,0,3,0.0,0.5,0.0,0.1,0,1,0,0,0,0.00,0.00,0.00,0.50,64,-538591,1381174,8499,547090,43
387,DEF,472769,Nico,O'Reilly,2645241,1,False,5,0,0,0,0,0,0,0,0,0,0,0,3,5.4,0.8,17.0,2.3,1,1,1,2,0,0.78,0.00,0.78,0.39,64,-178243,1243931,12818,191061,43
388,DEF,209036,Marc,Guéhi,2645202,10,False,90,1,0,0,1,0,0,0,0,0,0,2,31,43.6,17.5,28.0,8.9,1,4,3,4,1,0.89,0.32,1.21,0.65,60,0,1521853,0,0,43
388,DEF,209036,Marc,Guéhi,2645209,2,False,90,0,0,0,1,0,0,0,0,0,0,0,12,24.2,15.8,0.0,4.0,5,4,0,5,1,0.00,0.04,0.04,0.66,60,140987,1952448,182745,41758,43
388,DEF,209036,Marc,Guéhi,2645222,8,False,90,0,0,1,0,0,0,0,0,0,0,2,31,28.8,9.6,2.0,4.0,9,6,0,9,1,0.00,0.02,0.02,1.37,60,-59173,1945720,122887,182060,43
388,DEF,209036,Marc,Guéhi,2645232,6,False,90,0,0,1,0,0,0,0,0,0,0,0,27,16.6,0.6,2.0,1.9,7,3,0,7,1,0.00,0.00,0.00,1.00,60,-25207,1956435,90239,115446,43
388,DEF,209036,Marc,Guéhi,2645241,4,False,90,0,1,0,3,0,0,0,0,0,0,0,13,32.8,13.1,9.0,5.5,4,2,0,4,1,0.06,0.01,0.07,3.57,60,13337,2017850,86049,72712,43
389,DEF,465351,Matheus,Nunes,2645202,1,False,33,0,0,0,0,0,0,0,0,0,0,0,4,3.8,1.5,4.0,0.9,1,2,0,1,0,0.00,0.04,0.04,0.10,60,0,123928,0,0,43
389,DEF,465351,Matheus,Nunes,2645209,0,False,0,0,0,0,0,0,0,0,0,0,0,0,0,0.0,0.0,0.0,0.0,0,0,0,0,0,0.00,0.00,0.00,0.00,60,-14462,142089,3031,17493,43
389,DEF,465351,Matheus,Nunes,2645222,0,False,0,0,0,0,0,0,0,0,0,0,0,0,0,0.0,0.0,0.0,0.0,0,0,0,0,0,0.00,0.00,0.00,0.00,59,-37940,103772,479,38419,43
389,DEF,465351,Matheus,Nunes,2645232,9,False,90,0,0,1,0,0,0,0,0,0,0,1,34,31.2,1.5,0.0,3.3,9,8,2,11,1,0.00,0.01,0.01,1.00,59,-8606,99893,2401,11007,43
389,DEF,465351,Matheus,Nunes,2645241,1,False,90,0,0,0,3,0,0,0,0,0,0,0,0,25.0,3.3,0.0,2.8,8,0,1,9,1,0.00,0.01,0.01,3.57,59,3022,107181,7244,4222,43
390,DEF,171314,Rúben,dos Santos Gato Alves Dias,2645202,2,False,90,0,0,0,1,0,0,0,0,0,0,0,11,24.4,17.9,2.0,4.4,6,8,0,6,1,0.00,0.14,0.14,0.65,55,0,148709,0,0,43
390,DEF,171314,Rúben,dos Santos Gato Alves Dias,2645209,2,False,90,0,0,0,1,0,0,0,0,0,0,0,19,27.0,22.3,35.0,8.4,5,6,1,6,1,0.09,0.57,0.66,0.66,55,-2699,176387,9858,12557,43
390,DEF,171314,Rúben,dos Santos Gato Alves Dias,2645222,6,False,90,0,0,1,0,0,0,0,0,0,0,0,25,20.6,6.6,0.0,2.7,3,0,0,3,1,0.00,0.03,0.03,1.37,55,-3537,186055,20417,23954,43
390,DEF,171314,Rúben,dos Santos Gato Alves Dias,2645232,6,False,90,0,0,1,0,0,0,0,0,0,0,0,24,17.4,0.2,2.0,2.0,7,2,0,7,1,0.00,0.00,0.00,1.00,55,-6512,188216,11031,17543,43
390,DEF,171314,Rúben,dos Santos Gato Alves Dias,2645241,1,False,90,0,0,0,3,0,0,0,0,0,0,0,-7,4.8,0.3,7.0,1.2,4,0,0,4,1,0.20,0.00,0.20,3.57,55,10534,208870,21282,10748,43
391,DEF,477424,Joško,Gvardiol,2645202,9,False,90,1,0,0,1,0,0,0,0,0,0,1,28,47.6,13.3,17.0,7.8,5,5,2,7,1,0.19,0.05,0.24,0.65,55,0,980214,0,0,43
391,DEF,477424,Joško,Gvardiol,2645209,5,False,74,0,1,0,1,0,0,0,0,0,0,0,18,27.6,30.8,2.0,6.0,1,0,1,2,1,0.00,0.04,0.04,0.66,55,193061,1383738,228418,35357,43
391,DEF,477424,Joško,Gvardiol,2645222,8,False,90,0,0,1,0,0,0,0,0,0,0,2,31,18.8,6.9,7.0,3.3,4,7,4,8,1,0.01,0.02,0.03,1.37,56,427408,2019409,548352,120944,43
391,DEF,477424,Joško,Gvardiol,2645232,11,False,90,0,1,1,0,0,0,0,1,0,0,3,36,16.4,1.1,4.0,2.2,3,3,4,7,1,0.02,0.00,0.02,1.00,56,152896,2126959,315722,162826,43
391,DEF,477424,Joško,Gvardiol,2645241,4,False,90,0,1,0,3,0,0,0,0,0,0,0,22,34.0,11.4,2.0,4.7,7,6,0,7,1,0.00,0.63,0.63,3.57,57,548451,2895075,589540,41089,43
392,DEF,448514,Rayan,Aït-Nouri,2645202,0,False,0,0,0,0,0,0,0,0,0,0,0,0,0,0.0,0.0,0.0,0.0,0,0,0,0,0,0.00,0.00,0.00,0.00,55,0,79425,0,0,43
392,DEF,448514,Rayan,Aït-Nouri,2645209,0,False,0,0,0,0,0,0,0,0,0,0,0,0,0,0.0,0.0,0.0,0.0,0,0,0,0,0,0.00,0.00,0.00,0.00,55,-14163,77633,2616,16779,43
392,DEF,448514,Rayan,Aït-Nouri,2645222,0,False,0,0,0,0,0,0,0,0,0,0,0,0,0,0.0,0.0,0.0,0.0,0,0,0,0,0,0.00,0.00,0.00,0.00,54,-23051,56252,2020,25071,43
392,DEF,448514,Rayan,Aït-Nouri,2645232,0,False,0,0,0,0,0,0,0,0,0,0,0,0,0,0.0,0.0,0.0,0.0,0,0,0,0,0,0.00,0.00,0.00,0.00,53,-9974,48901,1355,11329,43
392,DEF,448514,Rayan,Aït-Nouri,2645241,0,False,0,0,0,0,0,0,0,0,0,0,0,0,0,0.0,0.0,0.0,0.0,0,0,0,0,0,0.00,0.00,0.00,0.00,53,-4869,45028,1361,6230,43
393,DEF,578153,Abdukodir,Khusanov,2645202,2,False,90,0,0,0,1,0,0,0,0,0,0,0,14,17.0,3.4,0.0,2.0,2,6,2,4,1,0.00,0.02,0.02,0.65,55,0,147622,0,0,43
393,DEF,578153,Abdukodir,Khusanov,2645209,2,False,88,0,0,0,1,0,0,0,0,0,0,0,17,21.0,5.3,4.0,3.0,3,3,4,7,1,0.00,0.02,0.02,0.66,55,-8451,170855,6086,14537,43
393,DEF,578153,Abdukodir,Khusanov,2645222,5,False,90,0,0,1,0,0,0,0,1,0,0,0,22,13.6,3.9,0.0,1.8,4,4,2,6,1,0.00,0.02,0.02,1.37,55,-14491,166742,9792,24283,43
393,DEF,578153,Abdukodir,Khusanov,2645232,0,False,0,0,0,0,0,0,0,0,0,0,0,0,0,0.0,0.0,0.0,0.0,0,0,0,0,0,0.00,0.00,0.00,0.00,55,-8055,166165,6115,14170,43
393,DEF,578153,Abdukodir,Khusanov,2645241,0,False,0,0,0,0,0,0,0,0,0,0,0,0,0,0.0,0.0,0.0,0.0,0,0,0,0,0,0.00,0.00,0.00,0.00,54,-15213,154215,3443,18656,43
394,DEF,494307,Max,Alleyne,2645202,0,False,0,0,0,0,0,0,0,0,0,0,0,0,0,0.0,0.0,0.0,0.0,0,0,0,0,0,0.00,0.00,0.00,0.00,50,0,1089,0,0,43
394,DEF,494307,Max,Alleyne,2645209,0,False,0,0,0,0,0,0,0,0,0,0,0,0,0,0.0,0.0,0.0,0.0,0,0,0,0,0,0.00,0.00,0.00,0.00,50,-357,720,0,357,43
394,DEF,494307,Max,Alleyne,2645222,0,False,0,0,0,0,0,0,0,0,0,0,0,0,0,0.0,0.0,0.0,0.0,0,0,0,0,0,0.00,0.00,0.00,0.00,50,-142,589,0,142,43
394,DEF,494307,Max,Alleyne,2645232,0,False,0,0,0,0,0,0,0,0,0,0,0,0,0,0.0,0.0,0.0,0.0,0,0,0,0,0,0.00,0.00,0.00,0.00,50,-60,537,0,60,43
394,DEF,494307,Max,Alleyne,2645241,0,False,0,0,0,0,0,0,0,0,0,0,0,0,0,0.0,0.0,0.0,0.0,0,0,0,0,0,0.00,0.00,0.00,0.00,50,-39,500,0,39,43
395,DEF,477064,Rico,Lewis,2645202,1,False,56,0,0,0,1,0,0,0,0,0,0,0,-1,3.8,3.8,39.0,4.7,2,0,0,2,1,0.17,0.02,0.19,0.55,45,0,18491,0,0,43
395,DEF,477064,Rico,Lewis,2645209,0,False,0,0,0,0,0,0,0,0,0,0,0,0,0,0.0,0.0,0.0,0.0,0,0,0,0,0,0.00,0.00,0.00,0.00,45,1097,25045,3620,2523,43
395,DEF,477064,Rico,Lewis,2645222,0,False,0,0,0,0,0,0,0,0,0,0,0,0,0,0.0,0.0,0.0,0.0,0,0,0,0,0,0.00,0.00,0.00,0.00,45,-3581,23634,2152,5733,43
395,DEF,477064,Rico,Lewis,2645232,0,False,0,0,0,0,0,0,0,0,0,0,0,0,0,0.0,0.0,0.0,0.0,0,0,0,0,0,0.00,0.00,0.00,0.00,44,-3042,22298,1037,4079,43
395,DEF,477064,Rico,Lewis,2645241,0,False,0,0,0,0,0,0,0,0,0,0,0,0,0,0.0,0.0,0.0,0.0,0,0,0,0,0,0.00,0.00,0.00,0.00,44,-1584,21617,1147,2731,43
396,DEF,616222,Vitor,de Oliveira Nunes dos Reis,2645202,0,False,0,0,0,0,0,0,0,0,0,0,0,0,0,0.0,0.0,0.0,0.0,0,0,0,0,0,0.00,0.00,0.00,0.00,45,0,1856,0,0,43
396,DEF,616222,Vitor,de Oliveira Nunes dos Reis,2645209,1,False,1,0,0,0,0,0,0,0,0,0,0,0,3,1.2,0.9,0.0,0.2,0,0,0,0,0,0.00,0.00,0.00,0.00,45,-138,2034,102,240,43
396,DEF,616222,Vitor,de Oliveira Nunes dos Reis,2645222,0,False,0,0,0,0,0,0,0,0,0,0,0,0,0,0.0,0.0,0.0,0.0,0,0,0,0,0,0.00,0.00,0.00,0.00,45,-130,2767,132,262,43
396,DEF,616222,Vitor,de Oliveira Nunes dos Reis,2645232,0,False,0,0,0,0,0,0,0,0,0,0,0,0,0,0.0,0.0,0.0,0.0,0,0,0,0,0,0.00,0.00,0.00,0.00,45,-193,3187,90,283,43
396,DEF,616222,Vitor,de Oliveira Nunes dos Reis,2645241,0,False,0,0,0,0,0,0,0,0,0,0,0,0,0,0.0,0.0,0.0,0.0,0,0,0,0,0,0.00,0.00,0.00,0.00,45,-82,3479,156,238,43
397,MID,437730,Antoine,Semenyo,2645202,2,False,90,0,0,0,1,0,0,0,0,0,0,0,16,5.8,8.9,31.0,4.6,0,4,1,5,1,0.06,0.02,0.08,0.65,85,0,2354040,0,0,43
397,MID,437730,Antoine,Semenyo,2645209,5,False,90,0,1,0,1,0,0,0,0,0,0,0,33,29.2,43.0,40.0,11.2,0,2,1,3,1,0.06,0.57,0.63,0.66,85,-124110,2377196,49100,173210,43
397,MID,437730,Antoine,Semenyo,2645222,6,False,90,0,1,1,0,0,0,0,0,0,0,0,26,22.6,45.9,11.0,8.0,0,3,1,4,1,0.05,0.34,0.39,1.37,85,-362493,2009104,68628,431121,43
397,MID,437730,Antoine,Semenyo,2645232,3,False,90,0,0,1,0,0,0,0,0,0,0,0,7,2.2,16.1,6.0,2.4,0,2,1,3,1,0.00,0.06,0.06,1.00,84,-325768,1689535,35764,361532,43
397,MID,437730,Antoine,Semenyo,2645241,17,False,90,2,1,0,3,0,0,0,0,0,0,2,65,95.6,34.2,42.0,17.2,2,3,2,7,1,0.16,0.17,0.33,3.57,84,-139426,1598756,37411,176837,43
398,MID,209244,Phil,Foden,2645202,1,False,81,0,0,0,1,0,0,0,1,0,0,0,15,10.4,49.6,15.0,7.5,0,3,3,6,1,0.12,0.40,0.52,0.65,70,0,387178,0,0,43
398,MID,209244,Phil,Foden,2645209,9,False,90,0,2,0,1,0,0,0,0,0,0,1,38,42.8,45.8,17.0,10.6,2,4,1,7,1,0.87,0.45,1.32,0.66,70,-26374,400716,20147,46521,43
398,MID,209244,Phil,Foden,2645222,1,False,24,0,0,0,0,0,0,0,0,0,0,0,3,4.4,14.8,7.0,2.6,0,1,0,1,0,0.62,0.01,0.63,0.50,70,187857,687362,262736,74879,43
398,MID,209244,Phil,Foden,2645232,-2,False,22,0,0,0,0,0,0,0,0,1,0,0,-4,0.0,12.1,6.0,1.6,0,0,0,0,1,0.00,0.02,0.02,0.10,70,-191380,396620,18307,209687,43
398,MID,209244,Phil,Foden,2645241,0,False,0,0,0,0,0,0,0,0,0,0,0,0,0,0.0,0.0,0.0,0.0,0,0,0,0,0,0.00,0.00,0.00,0.00,69,-204579,209654,2056,206635,43
399,MID,466052,Rayan,Cherki,2645202,8,False,27,0,2,0,0,0,0,0,0,0,0,1,28,39.2,48.8,4.0,9.2,0,0,0,0,0,0.00,0.50,0.50,0.10,75,0,679336,0,0,43
399,MID,466052,Rayan,Cherki,2645209,14,False,81,2,0,0,1,0,0,0,1,0,0,3,60,74.8,47.8,49.0,17.2,0,3,0,3,1,0.35,0.55,0.90,0.66,75,161916,1073154,203318,41402,43
399,MID,466052,Rayan,Cherki,2645222,3,False,65,0,0,1,0,0,0,0,0,0,0,0,23,7.4,52.2,24.0,8.4,0,3,0,3,1,0.21,0.30,0.51,0.86,77,1783948,3431400,1865890,81942,43
399,MID,466052,Rayan,Cherki,2645232,1,False,45,0,0,0,0,0,0,0,0,0,0,0,4,1.6,6.6,4.0,1.2,1,0,0,1,1,0.03,0.06,0.09,0.20,78,-139414,3069702,314949,454363,43
399,MID,466052,Rayan,Cherki,2645241,8,False,84,1,0,0,3,0,0,0,0,0,0,1,35,42.8,43.6,27.0,11.3,2,3,0,5,1,0.13,0.13,0.26,3.18,78,-126234,3041594,163004,289238,43
400,MID,248875,Jérémy,Doku,2645202,0,False,0,0,0,0,0,0,0,0,0,0,0,0,0,0.0,0.0,0.0,0.0,0,0,0,0,0,0.00,0.00,0.00,0.00,75,0,191182,0,0,43
400,MID,248875,Jérémy,Doku,2645209,0,False,0,0,0,0,0,0,0,0,0,0,0,0,0,0.0,0.0,0.0,0.0,0,0,0,0,0,0.00,0.00,0.00,0.00,75,-69521,122950,494,70015,43
400,MID,248875,Jérémy,Doku,2645222,0,False,0,0,0,0,0,0,0,0,0,0,0,0,0,0.0,0.0,0.0,0.0,0,0,0,0,0,0.00,0.00,0.00,0.00,74,-33918,90983,453,34371,43
400,MID,248875,Jérémy,Doku,2645232,0,False,0,0,0,0,0,0,0,0,0,0,0,0,0,0.0,0.0,0.0,0.0,0,0,0,0,0,0.00,0.00,0.00,0.00,74,-14480,77943,249,14729,43
400,MID,248875,Jérémy,Doku,2645241,1,False,15,0,0,0,0,0,0,0,0,0,0,0,7,3.6,13.8,5.0,2.2,1,1,0,2,0,0.23,0.32,0.55,0.42,74,-6700,71797,271,6971,43
402,MID,220566,Rodrigo 'Rodri',Hernandez Cascante,2645202,0,False,0,0,0,0,0,0,0,0,0,0,0,0,0,0.0,0.0,0.0,0.0,0,0,0,0,0,0.00,0.00,0.00,0.00,65,0,2341,0,0,43
402,MID,220566,Rodrigo 'Rodri',Hernandez Cascante,2645209,0,False,0,0,0,0,0,0,0,0,0,0,0,0,0,0.0,0.0,0.0,0.0,0,0,0,0,0,0.00,0.00,0.00,0.00,65,-796,1526,0,796,43
402,MID,220566,Rodrigo 'Rodri',Hernandez Cascante,2645222,0,False,0,0,0,0,0,0,0,0,0,0,0,0,0,0.0,0.0,0.0,0.0,0,0,0,0,0,0.00,0.00,0.00,0.00,65,-269,1283,0,269,43
402,MID,220566,Rodrigo 'Rodri',Hernandez Cascante,2645232,0,False,0,0,0,0,0,0,0,0,0,0,0,0,0,0.0,0.0,0.0,0.0,0,0,0,0,0,0.00,0.00,0.00,0.00,65,-87,1206,0,87,43
402,MID,220566,Rodrigo 'Rodri',Hernandez Cascante,2645241,0,False,0,0,0,0,0,0,0,0,0,0,0,0,0,0.0,0.0,0.0,0.0,0,0,0,0,0,0.00,0.00,0.00,0.00,65,-52,1158,0,52,43
404,MID,433036,Tijjani,Reijnders,2645202,0,False,0,0,0,0,0,0,0,0,0,0,0,0,0,0.0,0.0,0.0,0.0,0,0,0,0,0,0.00,0.00,0.00,0.00,60,0,11692,0,0,43
404,MID,433036,Tijjani,Reijnders,2645209,0,False,0,0,0,0,0,0,0,0,0,0,0,0,0,0.0,0.0,0.0,0.0,0,0,0,0,0,0.00,0.00,0.00,0.00,60,-5624,5966,0,5624,43
404,MID,433036,Tijjani,Reijnders,2645222,0,False,0,0,0,0,0,0,0,0,0,0,0,0,0,0.0,0.0,0.0,0.0,0,0,0,0,0,0.00,0.00,0.00,0.00,60,-1696,4425,0,1696,43
404,MID,433036,Tijjani,Reijnders,2645232,0,False,0,0,0,0,0,0,0,0,0,0,0,0,0,0.0,0.0,0.0,0.0,0,0,0,0,0,0.00,0.00,0.00,0.00,60,-541,3943,0,541,43
404,MID,433036,Tijjani,Reijnders,2645241,0,False,0,0,0,0,0,0,0,0,0,0,0,0,0,0.0,0.0,0.0,0.0,0,0,0,0,0,0.00,0.00,0.00,0.00,60,-224,3723,0,224,43
406,MID,91651,Mateo,Kovačić,2645202,1,False,27,0,0,0,0,0,0,0,0,0,0,0,3,2.2,2.1,0.0,0.4,0,2,0,2,0,0.00,0.01,0.01,0.10,55,0,6303,0,0,43
406,MID,91651,Mateo,Kovačić,2645209,1,False,15,0,0,0,0,0,0,0,0,0,0,0,9,2.0,3.1,0.0,0.5,0,0,0,0,0,0.00,0.01,0.01,0.00,55,-460,8589,829,1289,43
406,MID,91651,Mateo,Kovačić,2645222,0,False,0,0,0,0,0,0,0,0,0,0,0,0,0,0.0,0.0,0.0,0.0,0,0,0,0,0,0.00,0.00,0.00,0.00,55,-1500,8577,647,2147,43
406,MID,91651,Mateo,Kovačić,2645232,0,False,0,0,0,0,0,0,0,0,0,0,0,0,0,0.0,0.0,0.0,0.0,0,0,0,0,0,0.00,0.00,0.00,0.00,54,-996,8409,425,1421,43
406,MID,91651,Mateo,Kovačić,2645241,0,False,0,0,0,0,0,0,0,0,0,0,0,0,0,0.0,0.0,0.0,0.0,0,0,0,0,0,0.00,0.00,0.00,0.00,54,-731,8157,241,972,43
407,MID,575204,Claudio,Echeverri,2645202,0,False,0,0,0,0,0,0,0,0,0,0,0,0,0,0.0,0.0,0.0,0.0,0,0,0,0,0,0.00,0.00,0.00,0.00,50,0,1572,0,0,43
407,MID,575204,Claudio,Echeverri,2645209,0,False,0,0,0,0,0,0,0,0,0,0,0,0,0,0.0,0.0,0.0,0.0,0,0,0,0,0,0.00,0.00,0.00,0.00,50,-204,1653,93,297,43
407,MID,575204,Claudio,Echeverri,2645222,0,False,0,0,0,0,0,0,0,0,0,0,0,0,0,0.0,0.0,0.0,0.0,0,0,0,0,0,0.00,0.00,0.00,0.00,49,-349,1429,157,506,43
407,MID,575204,Claudio,Echeverri,2645232,0,False,0,0,0,0,0,0,0,0,0,0,0,0,0,0.0,0.0,0.0,0.0,0,0,0,0,0,0.00,0.00,0.00,0.00,49,-350,1077,0,350,43
407,MID,575204,Claudio,Echeverri,2645241,0,False,0,0,0,0,0,0,0,0,0,0,0,0,0,0.0,0.0,0.0,0.0,0,0,0,0,0,0.00,0.00,0.00,0.00,49,-136,955,0,136,43
408,MID,155405,Kalvin,Phillips,2645202,0,False,0,0,0,0,0,0,0,0,0,0,0,0,0,0.0,0.0,0.0,0.0,0,0,0,0,0,0.00,0.00,0.00,0.00,50,0,1073,0,0,43
408,MID,155405,Kalvin,Phillips,2645209,0,False,0,0,0,0,0,0,0,0,0,0,0,0,0,0.0,0.0,0.0,0.0,0,0,0,0,0,0.00,0.00,0.00,0.00,50,-305,762,0,305,43
408,MID,155405,Kalvin,Phillips,2645222,0,False,0,0,0,0,0,0,0,0,0,0,0,0,0,0.0,0.0,0.0,0.0,0,0,0,0,0,0.00,0.00,0.00,0.00,50,-156,608,0,156,43
408,MID,155405,Kalvin,Phillips,2645232,0,False,0,0,0,0,0,0,0,0,0,0,0,0,0,0.0,0.0,0.0,0.0,0,0,0,0,0,0.00,0.00,0.00,0.00,50,-59,553,0,59,43
408,MID,155405,Kalvin,Phillips,2645241,0,False,0,0,0,0,0,0,0,0,0,0,0,0,0,0.0,0.0,0.0,0.0,0,0,0,0,0,0.00,0.00,0.00,0.00,50,-39,517,0,39,43
409,MID,590039,Divine,Mukasa,2645202,0,False,0,0,0,0,0,0,0,0,0,0,0,0,0,0.0,0.0,0.0,0.0,0,0,0,0,0,0.00,0.00,0.00,0.00,45,0,16621,0,0,43
409,MID,590039,Divine,Mukasa,2645209,0,False,0,0,0,0,0,0,0,0,0,0,0,0,0,0.0,0.0,0.0,0.0,0,0,0,0,0,0.00,0.00,0.00,0.00,45,-1559,17482,927,2486,43
409,MID,590039,Divine,Mukasa,2645222,0,False,0,0,0,0,0,0,0,0,0,0,0,0,0,0.0,0.0,0.0,0.0,0,0,0,0,0,0.00,0.00,0.00,0.00,45,-3281,14465,694,3975,43
409,MID,590039,Divine,Mukasa,2645232,0,False,0,0,0,0,0,0,0,0,0,0,0,0,0,0.0,0.0,0.0,0.0,0,0,0,0,0,0.00,0.00,0.00,0.00,45,-3408,11304,0,3408,43
409,MID,590039,Divine,Mukasa,2645241,0,False,0,0,0,0,0,0,0,0,0,0,0,0,0,0.0,0.0,0.0,0.0,0,0,0,0,0,0.00,0.00,0.00,0.00,45,-1698,9744,0,1698,43
410,MID,649208,Jeremy,Monga,2645202,0,False,0,0,0,0,0,0,0,0,0,0,0,0,0,0.0,0.0,0.0,0.0,0,0,0,0,0,0.00,0.00,0.00,0.00,50,0,1505,0,0,43
410,MID,649208,Jeremy,Monga,2645209,0,False,0,0,0,0,0,0,0,0,0,0,0,0,0,0.0,0.0,0.0,0.0,0,0,0,0,0,0.00,0.00,0.00,0.00,50,-207,1523,76,283,43
410,MID,649208,Jeremy,Monga,2645222,0,False,0,0,0,0,0,0,0,0,0,0,0,0,0,0.0,0.0,0.0,0.0,0,0,0,0,0,0.00,0.00,0.00,0.00,49,-309,1321,143,452,43
410,MID,649208,Jeremy,Monga,2645232,0,False,0,0,0,0,0,0,0,0,0,0,0,0,0,0.0,0.0,0.0,0.0,0,0,0,0,0,0.00,0.00,0.00,0.00,49,-363,989,0,363,43
410,MID,649208,Jeremy,Monga,2645241,0,False,0,0,0,0,0,0,0,0,0,0,0,0,0,0.0,0.0,0.0,0.0,0,0,0,0,0,0.00,0.00,0.00,0.00,49,-122,874,0,122,43
411,FWD,223094,Erling,Haaland,2645202,2,False,90,0,0,0,1,0,0,0,0,0,0,0,6,3.8,5.2,50.0,5.9,0,3,0,3,1,0.74,0.02,0.76,0.65,155,0,6209794,0,0,43
411,FWD,223094,Erling,Haaland,2645209,13,False,90,2,0,0,1,0,0,0,0,0,0,3,60,69.0,0.1,51.0,12.0,3,2,0,5,1,0.66,0.00,0.66,0.66,155,-34247,6731685,69605,103852,43
411,FWD,223094,Erling,Haaland,2645222,9,False,90,1,0,1,0,0,0,0,0,0,0,3,40,48.8,13.6,63.0,12.5,5,2,0,7,1,1.06,0.48,1.54,1.37,155,360063,7594638,400573,40510,43
411,FWD,223094,Erling,Haaland,2645232,9,False,90,1,0,1,0,0,0,0,0,0,0,3,36,34.0,1.6,37.0,7.3,0,3,0,3,1,0.87,0.01,0.88,1.00,155,45312,7610939,178187,132875,43
411,FWD,223094,Erling,Haaland,2645241,6,False,90,1,0,0,3,0,0,0,0,0,0,0,25,28.6,2.0,57.0,8.8,2,0,0,2,1,1.09,0.02,1.11,3.57,156,172491,7989349,196912,24421,43
481,MID,215379,Elliot,Anderson,2645202,2,False,62,0,0,0,1,0,0,0,0,0,0,0,14,7.2,20.8,0.0,2.8,1,3,2,6,1,0.00,0.25,0.25,0.55,65,0,707651,0,0,43
481,MID,215379,Elliot,Anderson,2645209,3,False,81,0,0,0,1,0,0,0,1,0,0,0,25,25.0,20.2,13.0,5.8,4,5,5,14,1,0.07,0.22,0.29,0.66,64,-143069,597491,10236,153305,43
481,MID,215379,Elliot,Anderson,2645222,3,False,90,0,0,1,0,0,0,0,0,0,0,0,23,26.6,28.1,5.0,6.0,4,6,1,11,1,0.02,0.17,0.19,1.37,64,-91799,514714,41120,132919,43
481,MID,215379,Elliot,Anderson,2645232,5,False,90,0,0,1,0,0,0,0,0,0,0,0,18,15.2,3.3,0.0,1.9,5,6,3,14,1,0.00,0.01,0.01,1.00,63,-76716,447292,16389,93105,43
481,MID,215379,Elliot,Anderson,2645241,2,False,90,0,0,0,3,0,0,0,0,0,0,0,15,13.4,4.7,1.0,1.9,4,3,2,9,1,0.02,0.02,0.04,3.57,63,-8817,452582,29694,38511,43
587,GKP,106921,Gerónimo,Rulli,2645202,0,False,0,0,0,0,0,0,0,0,0,0,0,0,0,0.0,0.0,0.0,0.0,0,0,0,0,0,0.00,0.00,0.00,0.00,50,0,1589,0,0,43
587,GKP,106921,Gerónimo,Rulli,2645209,0,False,0,0,0,0,0,0,0,0,0,0,0,0,0,0.0,0.0,0.0,0.0,0,0,0,0,0,0.00,0.00,0.00,0.00,50,-130,2020,94,224,43
587,GKP,106921,Gerónimo,Rulli,2645222,0,False,0,0,0,0,0,0,0,0,0,0,0,0,0,0.0,0.0,0.0,0.0,0,0,0,0,0,0.00,0.00,0.00,0.00,50,-193,2050,147,340,43
587,GKP,106921,Gerónimo,Rulli,2645232,0,False,0,0,0,0,0,0,0,0,0,0,0,0,0,0.0,0.0,0.0,0.0,0,0,0,0,0,0.00,0.00,0.00,0.00,50,-127,2136,129,256,43
587,GKP,106921,Gerónimo,Rulli,2645241,0,False,0,0,0,0,0,0,0,0,0,0,0,0,0,0.0,0.0,0.0,0.0,0,0,0,0,0,0.00,0.00,0.00,0.00,50,-29,2254,162,191,43
616,MID,637238,Ayyoub,Bouaddi,2645209,1,False,8,0,0,0,0,0,0,0,0,0,0,0,3,1.8,4.3,0.0,0.6,1,0,0,1,0,0.00,0.12,0.12,0.00,55,2706,4327,3055,349,43
616,MID,637238,Ayyoub,Bouaddi,2645222,1,False,14,0,0,0,0,0,0,0,0,0,0,0,5,11.2,0.5,0.0,1.2,2,3,0,5,0,0.00,0.00,0.00,0.37,55,6041,15546,9299,3258,43
616,MID,637238,Ayyoub,Bouaddi,2645232,0,False,0,0,0,0,0,0,0,0,0,0,0,0,0,0.0,0.0,0.0,0.0,0,0,0,0,0,0.00,0.00,0.00,0.00,55,937,18618,4899,3962,43
616,MID,637238,Ayyoub,Bouaddi,2645241,0,False,0,0,0,0,0,0,0,0,0,0,0,0,0,0.0,0.0,0.0,0.0,0,0,0,0,0,0.00,0.00,0.00,0.00,55,-924,18994,2946,3870,43
621,MID,616288,Ryan,McAidoo,2645209,1,False,8,0,0,0,0,0,0,0,0,0,0,0,3,0.0,0.5,1.0,0.1,0,0,0,0,0,0.10,0.00,0.10,0.00,45,0,0,0,0,43
621,MID,616288,Ryan,McAidoo,2645222,1,False,3,0,0,0,0,0,0,0,0,0,0,0,5,5.2,0.0,2.0,0.7,0,2,2,4,0,0.00,0.00,0.00,0.02,45,4752,9526,6678,1926,43
621,MID,616288,Ryan,McAidoo,2645232,0,False,0,0,0,0,0,0,0,0,0,0,0,0,0,0.0,0.0,0.0,0.0,0,0,0,0,0,0.00,0.00,0.00,0.00,45,1361,13105,3586,2225,43
621,MID,616288,Ryan,McAidoo,2645241,0,False,0,0,0,0,0,0,0,0,0,0,0,0,0,0.0,0.0,0.0,0.0,0,0,0,0,0,0.00,0.00,0.00,0.00,45,-967,11797,905,1872,43
622,DEF,554054,Kaden,Braithwaite,2645209,1,False,1,0,0,0,0,0,0,0,0,0,0,0,3,0.6,0.8,0.0,0.1,0,1,0,0,0,0.00,0.00,0.00,0.00,40,0,0,0,0,43
622,DEF,554054,Kaden,Braithwaite,2645222,0,False,0,0,0,0,0,0,0,0,0,0,0,0,0,0.0,0.0,0.0,0.0,0,0,0,0,0,0.00,0.00,0.00,0.00,40,7079,14144,9284,2205,43
622,DEF,554054,Kaden,Braithwaite,2645232,0,False,0,0,0,0,0,0,0,0,0,0,0,0,0,0.0,0.0,0.0,0.0,0,0,0,0,0,0.00,0.00,0.00,0.00,40,1899,20693,4620,2721,43
622,DEF,554054,Kaden,Braithwaite,2645241,0,False,0,0,0,0,0,0,0,0,0,0,0,0,0,0.0,0.0,0.0,0.0,0,0,0,0,0,0.00,0.00,0.00,0.00,40,-322,18924,2303,2625,43
628,MID,624777,Allan,Andrade Elias,2645222,0,False,0,0,0,0,0,0,0,0,0,0,0,0,0,0.0,0.0,0.0,0.0,0,0,0,0,0,0.00,0.00,0.00,0.00,60,213,365,300,87,43
628,MID,624777,Allan,Andrade Elias,2645232,0,False,0,0,0,0,0,0,0,0,0,0,0,0,0,0.0,0.0,0.0,0.0,0,0,0,0,0,0.00,0.00,0.00,0.00,60,117,671,309,192,43
628,MID,624777,Allan,Andrade Elias,2645241,0,False,0,0,0,0,0,0,0,0,0,0,0,0,0,0.0,0.0,0.0,0.0,0,0,0,0,0,0.00,0.00,0.00,0.00,60,112,959,354,242,43
653,MID,595480,Floyd,Samba,2645222,0,False,0,0,0,0,0,0,0,0,0,0,0,0,0,0.0,0.0,0.0,0.0,0,0,0,0,0,0.00,0.00,0.00,0.00,45,0,0,0,0,43
653,MID,595480,Floyd,Samba,2645232,0,False,0,0,0,0,0,0,0,0,0,0,0,0,0,0.0,0.0,0.0,0.0,0,0,0,0,0,0.00,0.00,0.00,0.00,45,2090,5002,2898,808,43
653,MID,595480,Floyd,Samba,2645241,0,False,0,0,0,0,0,0,0,0,0,0,0,0,0,0.0,0.0,0.0,0.0,0,0,0,0,0,0.00,0.00,0.00,0.00,45,-124,3973,751,875,43
43,MID,166989,Youri,Tielemans,2645198,2,False,66,0,0,0,2,0,0,0,0,0,0,0,13,5.0,11.3,4.0,2.0,0,5,0,5,1,0.04,0.11,0.15,0.94,60,0,224637,0,0,1
43,MID,166989,Youri,Tielemans,2645212,4,False,90,0,0,0,2,0,0,0,0,0,0,0,26,33.2,46.3,20.0,10.0,4,7,2,13,1,0.47,0.11,0.58,2.06,60,-23073,232262,12631,35704,1
43,MID,166989,Youri,Tielemans,2645218,2,False,90,0,0,0,2,0,0,0,0,0,0,0,17,18.6,18.9,9.0,4.7,2,5,0,7,1,0.05,0.06,0.11,1.01,59,-38742,201931,12766,51508,1
43,MID,166989,Youri,Tielemans,2645232,2,False,66,0,0,0,1,0,0,0,0,0,0,0,15,12.2,13.8,4.0,3.0,3,0,2,5,1,0.00,0.04,0.04,0.53,59,-30355,177688,7880,38235,1
43,MID,166989,Youri,Tielemans,2645239,4,False,90,0,0,0,1,0,0,0,0,0,0,0,22,18.2,22.3,6.0,4.7,2,8,3,13,1,0.09,0.20,0.29,1.62,58,-17007,165689,8170,25177,1
131,MID,535301,Carlos,Baleba,2645201,0,False,0,0,0,0,0,0,0,0,0,0,0,0,0,0.0,0.0,0.0,0.0,0,0,0,0,0,0.00,0.00,0.00,0.00,50,0,17798,0,0,1
131,MID,535301,Carlos,Baleba,2645212,0,False,0,0,0,0,0,0,0,0,0,0,0,0,0,0.0,0.0,0.0,0.0,0,0,0,0,0,0.00,0.00,0.00,0.00,50,-2097,17743,2324,4421,1
131,MID,535301,Carlos,Baleba,2645218,0,False,0,0,0,0,0,0,0,0,0,0,0,0,0,0.0,0.0,0.0,0.0,0,0,0,0,0,0.00,0.00,0.00,0.00,50,-3278,14956,1696,4974,1
131,MID,535301,Carlos,Baleba,2645232,0,False,0,0,0,0,0,0,0,0,0,0,0,0,0,0.0,0.0,0.0,0.0,0,0,0,0,0,0.00,0.00,0.00,0.00,50,-1747,13457,783,2530,1
131,MID,535301,Carlos,Baleba,2645239,0,False,0,0,0,0,0,0,0,0,0,0,0,0,0,0.0,0.0,0.0,0.0,0,0,0,0,0,0.00,0.00,0.00,0.00,49,-1080,12600,636,1716,1
162,MID,532605,Andrey,Nascimento dos Santos,2645198,2,False,66,0,0,0,2,0,0,0,0,0,0,0,17,11.4,4.2,2.0,1.8,3,5,1,9,1,0.00,0.23,0.23,0.94,50,0,93940,0,0,1
162,MID,532605,Andrey,Nascimento dos Santos,2645212,1,False,10,0,0,0,1,0,0,0,0,0,0,0,2,6.2,0.7,0.0,0.7,0,2,3,5,0,0.00,0.00,0.00,1.00,50,-7693,96490,7456,15149,1
162,MID,532605,Andrey,Nascimento dos Santos,2645218,1,False,6,0,0,0,1,0,0,0,0,0,0,0,4,7.2,0.6,6.0,1.4,4,0,0,4,0,0.00,0.01,0.01,0.09,49,-16957,83163,7346,24303,1
162,MID,532605,Andrey,Nascimento dos Santos,2645232,0,False,0,0,0,0,0,0,0,0,0,0,0,0,0,0.0,0.0,0.0,0.0,0,0,0,0,0,0.00,0.00,0.00,0.00,49,-13179,72284,3527,16706,1
162,MID,532605,Andrey,Nascimento dos Santos,2645239,0,False,0,0,0,0,0,0,0,0,0,0,0,0,0,0.0,0.0,0.0,0.0,0,0,0,0,0,0.00,0.00,0.00,0.00,48,-9593,64624,2868,12461,1
325,GKP,59735,Karl,Darlow,2645198,0,False,0,0,0,0,0,0,0,0,0,0,0,0,0,0.0,0.0,0.0,0.0,0,0,0,0,0,0.00,0.00,0.00,0.00,45,0,3043,0,0,1
325,GKP,59735,Karl,Darlow,2645212,0,False,0,0,0,0,0,0,0,0,0,0,0,0,0,0.0,0.0,0.0,0.0,0,0,0,0,0,0.00,0.00,0.00,0.00,45,-15,3863,242,257,1
325,GKP,59735,Karl,Darlow,2645218,0,False,0,0,0,0,0,0,0,0,0,0,0,0,0,0.0,0.0,0.0,0.0,0,0,0,0,0,0.00,0.00,0.00,0.00,45,-122,4184,340,462,1
325,GKP,59735,Karl,Darlow,2645232,0,False,0,0,0,0,0,0,0,0,0,0,0,0,0,0.0,0.0,0.0,0.0,0,0,0,0,0,0.00,0.00,0.00,0.00,45,-89,4302,256,345,1
325,GKP,59735,Karl,Darlow,2645239,0,False,0,0,0,0,0,0,0,0,0,0,0,0,0,0.0,0.0,0.0,0.0,0,0,0,0,0,0.00,0.00,0.00,0.00,45,-148,4302,169,317,1
412,GKP,465247,Senne,Lammens,2645198,1,False,90,0,0,0,2,0,0,0,0,0,2,0,7,20.2,0.0,0.0,2.0,2,8,0,0,1,0.00,0.00,0.00,1.01,50,0,1497029,0,0,1
412,GKP,465247,Senne,Lammens,2645212,2,False,90,0,0,0,2,0,0,0,0,0,3,0,11,27.0,0.0,0.0,2.7,1,6,0,0,1,0.00,0.00,0.00,2.06,50,-53896,1543070,34714,88610,1
412,GKP,465247,Senne,Lammens,2645218,2,False,90,0,0,0,2,0,0,0,0,0,4,0,13,31.8,0.0,0.0,3.2,1,14,0,0,1,0.00,0.00,0.00,1.01,50,-158382,1379189,32200,190582,1
412,GKP,465247,Senne,Lammens,2645232,2,False,90,0,0,0,1,0,0,0,0,0,1,0,5,6.6,0.0,0.0,0.7,1,5,0,0,1,0.00,0.00,0.00,1.10,50,-227696,1178768,11379,239075,1
412,GKP,465247,Senne,Lammens,2645239,4,False,90,0,0,0,1,0,0,0,0,0,6,0,22,47.2,0.0,0.0,4.7,0,5,0,0,1,0.00,0.00,0.00,1.62,49,-106249,1105256,13915,120164,1
413,GKP,451302,Altay,Bayındır,2645198,0,False,0,0,0,0,0,0,0,0,0,0,0,0,0,0.0,0.0,0.0,0.0,0,0,0,0,0,0.00,0.00,0.00,0.00,45,0,2353,0,0,1
413,GKP,451302,Altay,Bayındır,2645212,0,False,0,0,0,0,0,0,0,0,0,0,0,0,0,0.0,0.0,0.0,0.0,0,0,0,0,0,0.00,0.00,0.00,0.00,45,-588,1739,0,588,1
413,GKP,451302,Altay,Bayındır,2645218,0,False,0,0,0,0,0,0,0,0,0,0,0,0,0,0.0,0.0,0.0,0.0,0,0,0,0,0,0.00,0.00,0.00,0.00,45,-292,1465,0,292,1
413,GKP,451302,Altay,Bayındır,2645232,0,False,0,0,0,0,0,0,0,0,0,0,0,0,0,0.0,0.0,0.0,0.0,0,0,0,0,0,0.00,0.00,0.00,0.00,45,-137,1335,0,137,1
413,GKP,451302,Altay,Bayındır,2645239,0,False,0,0,0,0,0,0,0,0,0,0,0,0,0,0.0,0.0,0.0,0.0,0,0,0,0,0,0.00,0.00,0.00,0.00,45,-93,1255,0,93,1
414,GKP,21205,Tom,Heaton,2645198,0,False,0,0,0,0,0,0,0,0,0,0,0,0,0,0.0,0.0,0.0,0.0,0,0,0,0,0,0.00,0.00,0.00,0.00,40,0,9078,0,0,1
414,GKP,21205,Tom,Heaton,2645212,0,False,0,0,0,0,0,0,0,0,0,0,0,0,0,0.0,0.0,0.0,0.0,0,0,0,0,0,0.00,0.00,0.00,0.00,40,-790,8703,215,1005,1
414,GKP,21205,Tom,Heaton,2645218,0,False,0,0,0,0,0,0,0,0,0,0,0,0,0,0.0,0.0,0.0,0.0,0,0,0,0,0,0.00,0.00,0.00,0.00,40,-342,8868,634,976,1
414,GKP,21205,Tom,Heaton,2645232,0,False,0,0,0,0,0,0,0,0,0,0,0,0,0,0.0,0.0,0.0,0.0,0,0,0,0,0,0.00,0.00,0.00,0.00,40,-119,8836,696,815,1
414,GKP,21205,Tom,Heaton,2645239,0,False,0,0,0,0,0,0,0,0,0,0,0,0,0,0.0,0.0,0.0,0.0,0,0,0,0,0,0.00,0.00,0.00,0.00,40,-118,8762,373,491,1
415,MID,596777,Patrick,Dorgu,2645198,0,False,45,0,0,0,2,0,0,0,1,0,0,0,-11,0.0,1.2,16.0,0.7,1,0,0,1,1,0.47,0.03,0.50,0.92,60,0,121744,0,0,1
415,MID,596777,Patrick,Dorgu,2645212,1,False,10,0,0,0,1,0,0,0,0,0,0,0,4,7.0,11.7,39.0,5.8,1,0,1,2,0,0.18,0.01,0.19,1.00,60,-23853,107542,4808,28661,1
415,MID,596777,Patrick,Dorgu,2645218,1,False,20,0,0,0,2,0,0,0,0,0,0,0,3,4.2,1.3,2.0,0.8,1,1,1,3,0,0.00,0.01,0.01,0.36,59,-33546,75573,3139,36685,1
415,MID,596777,Patrick,Dorgu,2645232,4,False,90,0,0,0,1,0,0,0,0,0,0,0,19,19.6,18.7,4.0,4.2,3,3,6,12,1,0.00,0.03,0.03,1.10,58,-16892,62553,2154,19046,1
415,MID,596777,Patrick,Dorgu,2645239,4,False,6,0,1,0,0,0,0,0,0,0,0,0,12,18.4,11.2,11.0,4.1,2,0,0,2,0,0.13,0.01,0.14,0.00,58,-6276,58577,2869,9145,1
416,DEF,209365,Matthijs,de Ligt,2645198,0,False,0,0,0,0,0,0,0,0,0,0,0,0,0,0.0,0.0,0.0,0.0,0,0,0,0,0,0.00,0.00,0.00,0.00,50,0,2274,0,0,1
416,DEF,209365,Matthijs,de Ligt,2645212,0,False,0,0,0,0,0,0,0,0,0,0,0,0,0,0.0,0.0,0.0,0.0,0,0,0,0,0,0.00,0.00,0.00,0.00,50,-381,2498,117,498,1
416,DEF,209365,Matthijs,de Ligt,2645218,0,False,0,0,0,0,0,0,0,0,0,0,0,0,0,0.0,0.0,0.0,0.0,0,0,0,0,0,0.00,0.00,0.00,0.00,50,-367,2390,96,463,1
416,DEF,209365,Matthijs,de Ligt,2645232,0,False,0,0,0,0,0,0,0,0,0,0,0,0,0,0.0,0.0,0.0,0.0,0,0,0,0,0,0.00,0.00,0.00,0.00,50,-177,2411,87,264,1
416,DEF,209365,Matthijs,de Ligt,2645239,0,False,0,0,0,0,0,0,0,0,0,0,0,0,0,0.0,0.0,0.0,0.0,0,0,0,0,0,0.00,0.00,0.00,0.00,50,-119,2417,79,198,1
417,DEF,216051,Diogo,Dalot Teixeira,2645198,1,False,10,0,0,0,0,0,0,0,0,0,0,0,6,7.6,11.3,0.0,1.9,1,1,2,3,0,0.00,0.00,0.00,0.00,50,0,246316,0,0,1
417,DEF,216051,Diogo,Dalot Teixeira,2645212,2,False,73,0,0,0,1,0,0,0,0,0,0,0,12,16.4,42.2,33.0,9.2,4,1,0,4,1,0.15,0.12,0.27,1.06,50,-25442,242125,8190,33632,1
417,DEF,216051,Diogo,Dalot Teixeira,2645218,1,False,83,0,0,0,1,0,0,0,1,0,0,0,8,4.8,22.7,6.0,3.4,2,3,2,4,1,0.01,0.01,0.02,0.92,50,-29674,219064,9011,38685,1
417,DEF,216051,Diogo,Dalot Teixeira,2645232,2,False,90,0,0,0,1,0,0,0,0,0,0,0,9,6.2,16.5,3.0,2.6,2,9,1,3,1,0.02,0.05,0.07,1.10,49,-32120,192489,3882,36002,1
417,DEF,216051,Diogo,Dalot Teixeira,2645239,2,False,90,0,0,0,1,0,0,0,0,0,0,0,11,8.6,15.0,7.0,3.1,1,7,1,2,1,0.06,0.05,0.11,1.62,49,-16480,180890,3696,20176,1
418,DEF,95658,Harry,Maguire,2645198,1,False,90,0,0,0,2,0,0,0,0,0,0,0,15,25.4,28.6,19.0,7.3,4,5,0,4,1,0.04,0.40,0.44,1.01,50,0,1650905,0,0,1
418,DEF,95658,Harry,Maguire,2645212,4,False,90,0,1,0,2,0,0,0,0,0,0,0,13,7.2,1.5,6.0,1.5,4,4,1,5,1,0.03,0.01,0.04,2.06,50,-53358,1686850,52953,106311,1
418,DEF,95658,Harry,Maguire,2645218,2,False,90,0,0,0,2,0,0,0,1,0,0,0,1,26.8,1.3,2.0,3.0,12,2,0,12,1,0.00,0.01,0.01,1.01,50,-240933,1407635,49780,290713,1
418,DEF,95658,Harry,Maguire,2645232,1,False,90,0,0,0,1,0,0,0,1,0,0,0,4,9.4,1.6,11.0,2.2,4,6,1,5,1,0.12,0.01,0.13,1.10,49,-358924,1091541,17287,376211,1
418,DEF,95658,Harry,Maguire,2645239,2,False,90,0,0,0,1,0,0,0,0,0,0,0,17,17.2,17.1,12.0,4.6,4,4,1,5,1,0.01,0.03,0.04,1.62,49,-142518,993742,13938,156456,1
419,DEF,221820,Lisandro,Martínez,2645198,0,False,0,0,0,0,0,0,0,0,0,0,0,0,0,0.0,0.0,0.0,0.0,0,0,0,0,0,0.00,0.00,0.00,0.00,50,0,115360,0,0,1
419,DEF,221820,Lisandro,Martínez,2645212,1,False,90,0,0,0,2,0,0,0,0,0,0,0,2,4.8,1.8,3.0,1.0,0,6,0,0,1,0.03,0.06,0.09,2.06,50,-12800,127444,6775,19575,1
419,DEF,221820,Lisandro,Martínez,2645218,3,False,90,0,0,0,2,0,0,0,0,0,0,0,7,29.0,0.3,0.0,2.9,10,2,0,10,1,0.00,0.00,0.00,1.01,50,-9944,128156,8174,18118,1
419,DEF,221820,Lisandro,Martínez,2645232,2,False,90,0,0,0,1,0,0,0,0,0,0,0,14,20.2,3.4,7.0,3.1,3,5,3,6,1,0.03,0.08,0.11,1.10,50,-6006,130813,7461,13467,1
419,DEF,221820,Lisandro,Martínez,2645239,0,False,90,0,0,0,1,1,0,0,0,0,0,0,6,12.4,13.3,22.0,4.8,4,1,0,4,1,0.15,0.02,0.17,1.62,50,823,138877,10516,9693,1
420,DEF,550864,Leny,Yoro,2645198,0,False,0,0,0,0,0,0,0,0,0,0,0,0,0,0.0,0.0,0.0,0.0,0,0,0,0,0,0.00,0.00,0.00,0.00,50,0,62047,0,0,1
420,DEF,550864,Leny,Yoro,2645212,1,False,16,0,0,0,1,0,0,0,0,0,0,0,-2,1.8,1.8,0.0,0.4,2,1,0,2,0,0.00,0.01,0.01,1.00,50,-9208,62806,1536,10744,1
420,DEF,550864,Leny,Yoro,2645218,1,False,6,0,0,0,1,0,0,0,0,0,0,0,1,6.0,0.6,2.0,0.9,1,0,2,3,0,0.00,0.01,0.01,0.09,49,-9461,56599,1735,11196,1
420,DEF,550864,Leny,Yoro,2645232,0,False,0,0,0,0,0,0,0,0,0,0,0,0,0,0.0,0.0,0.0,0.0,0,0,0,0,0,0.00,0.00,0.00,0.00,49,-6069,52988,894,6963,1
420,DEF,550864,Leny,Yoro,2645239,0,False,0,0,0,0,0,0,0,0,0,0,0,0,0,0.0,0.0,0.0,0.0,0,0,0,0,0,0.00,0.00,0.00,0.00,49,-4322,50197,617,4939,1
421,DEF,606745,Ayden,Heaven,2645198,1,False,90,0,0,0,2,0,0,0,0,0,0,0,5,6.8,2.6,11.0,2.0,1,4,1,2,1,0.12,0.04,0.16,1.01,45,0,33647,0,0,1
421,DEF,606745,Ayden,Heaven,2645212,0,False,0,0,0,0,0,0,0,0,0,0,0,0,0,0.0,0.0,0.0,0.0,0,0,0,0,0,0.00,0.00,0.00,0.00,45,-1103,40184,3088,4191,1
421,DEF,606745,Ayden,Heaven,2645218,0,False,0,0,0,0,0,0,0,0,0,0,0,0,0,0.0,0.0,0.0,0.0,0,0,0,0,0,0.00,0.00,0.00,0.00,45,-7661,34853,1300,8961,1
421,DEF,606745,Ayden,Heaven,2645232,0,False,0,0,0,0,0,0,0,0,0,0,0,0,0,0.0,0.0,0.0,0.0,0,0,0,0,0,0.00,0.00,0.00,0.00,44,-5029,31486,769,5798,1
421,DEF,606745,Ayden,Heaven,2645239,0,False,0,0,0,0,0,0,0,0,0,0,0,0,0,0.0,0.0,0.0,0.0,0,0,0,0,0,0.00,0.00,0.00,0.00,44,-3023,29351,613,3636,1
422,DEF,230001,Noussair,Mazraoui,2645198,1,False,79,0,0,0,2,0,0,0,0,0,0,0,8,17.4,29.4,9.0,5.6,4,3,1,5,1,0.22,0.05,0.27,1.01,45,0,56217,0,0,1
422,DEF,230001,Noussair,Mazraoui,2645212,1,False,17,0,0,0,1,0,0,0,0,0,0,0,-1,1.4,1.3,0.0,0.3,0,0,0,0,0,0.00,0.00,0.00,1.00,45,-238,70057,5854,6092,1
422,DEF,230001,Noussair,Mazraoui,2645218,1,False,1,0,0,0,1,0,0,0,0,0,0,0,-1,2.2,0.5,2.0,0.5,0,0,1,1,0,0.00,0.01,0.01,0.07,45,-9779,64636,3244,13023,1
422,DEF,230001,Noussair,Mazraoui,2645232,0,False,0,0,0,0,0,0,0,0,0,0,0,0,0,0.0,0.0,0.0,0.0,0,0,0,0,0,0.00,0.00,0.00,0.00,44,-8954,59306,2102,11056,1
422,DEF,230001,Noussair,Mazraoui,2645239,0,False,0,0,0,0,0,0,0,0,0,0,0,0,0,0.0,0.0,0.0,0.0,0,0,0,0,0,0.00,0.00,0.00,0.00,44,-5332,55791,2584,7916,1
423,DEF,106760,Luke,Shaw,2645198,1,False,90,0,0,0,2,0,0,0,0,0,0,0,13,25.2,59.2,6.0,9.0,3,3,1,4,1,0.00,0.26,0.26,1.01,45,0,1947696,0,0,1
423,DEF,106760,Luke,Shaw,2645212,2,False,72,0,0,0,1,0,0,0,0,0,0,0,12,18.4,1.6,4.0,2.4,4,2,4,8,1,0.00,0.02,0.02,1.06,45,-74162,1935721,42927,117089,1
423,DEF,106760,Luke,Shaw,2645218,4,False,90,0,1,0,1,0,0,0,1,0,0,0,22,42.4,24.8,3.0,7.0,7,1,1,8,1,0.02,0.23,0.25,0.94,45,-303431,1575355,30459,333890,1
423,DEF,106760,Luke,Shaw,2645232,0,False,0,0,0,0,0,0,0,0,0,0,0,0,0,0.0,0.0,0.0,0.0,0,0,0,0,0,0.00,0.00,0.00,0.00,44,-396169,1210238,21871,418040,1
423,DEF,106760,Luke,Shaw,2645239,2,False,83,0,0,0,1,0,0,0,0,0,0,0,7,6.6,6.0,4.0,1.7,3,1,0,3,1,0.01,0.07,0.08,1.62,44,-360683,879239,2227,362910,1
424,DEF,577974,Harry,Amass,2645198,0,False,0,0,0,0,0,0,0,0,0,0,0,0,0,0.0,0.0,0.0,0.0,0,0,0,0,0,0.00,0.00,0.00,0.00,40,0,18310,0,0,1
424,DEF,577974,Harry,Amass,2645212,0,False,0,0,0,0,0,0,0,0,0,0,0,0,0,0.0,0.0,0.0,0.0,0,0,0,0,0,0.00,0.00,0.00,0.00,40,-1093,19337,888,1981,1
424,DEF,577974,Harry,Amass,2645218,0,False,0,0,0,0,0,0,0,0,0,0,0,0,0,0.0,0.0,0.0,0.0,0,0,0,0,0,0.00,0.00,0.00,0.00,40,-414,21308,1942,2356,1
424,DEF,577974,Harry,Amass,2645232,0,False,0,0,0,0,0,0,0,0,0,0,0,0,0,0.0,0.0,0.0,0.0,0,0,0,0,0,0.00,0.00,0.00,0.00,40,-300,21846,1680,1980,1
424,DEF,577974,Harry,Amass,2645239,0,False,0,0,0,0,0,0,0,0,0,0,0,0,0,0.0,0.0,0.0,0.0,0,0,0,0,0,0.00,0.00,0.00,0.00,40,-321,21588,1392,1713,1
425,DEF,547676,Tyler,Fredricson,2645198,0,False,0,0,0,0,0,0,0,0,0,0,0,0,0,0.0,0.0,0.0,0.0,0,0,0,0,0,0.00,0.00,0.00,0.00,40,0,2582,0,0,1
425,DEF,547676,Tyler,Fredricson,2645212,0,False,0,0,0,0,0,0,0,0,0,0,0,0,0,0.0,0.0,0.0,0.0,0,0,0,0,0,0.00,0.00,0.00,0.00,40,-680,1885,0,680,1
425,DEF,547676,Tyler,Fredricson,2645218,0,False,0,0,0,0,0,0,0,0,0,0,0,0,0,0.0,0.0,0.0,0.0,0,0,0,0,0,0.00,0.00,0.00,0.00,40,-329,1561,0,329,1
425,DEF,547676,Tyler,Fredricson,2645232,0,False,0,0,0,0,0,0,0,0,0,0,0,0,0,0.0,0.0,0.0,0.0,0,0,0,0,0,0.00,0.00,0.00,0.00,40,-152,1428,0,152,1
425,DEF,547676,Tyler,Fredricson,2645239,0,False,0,0,0,0,0,0,0,0,0,0,0,0,0,0.0,0.0,0.0,0.0,0,0,0,0,0,0.00,0.00,0.00,0.00,40,-107,1329,0,107,1
426,MID,141746,Bruno,Borges Fernandes,2645198,2,False,90,0,0,0,2,0,0,0,0,0,0,0,18,20.2,55.4,17.0,9.3,1,5,0,6,1,0.08,0.26,0.34,1.01,120,0,4653303,0,0,1
426,MID,141746,Bruno,Borges Fernandes,2645212,23,False,90,3,1,0,2,0,0,0,0,0,0,3,87,132.4,62.5,66.0,26.1,1,5,2,8,1,2.02,0.48,2.50,2.06,120,-180062,4770471,48518,228580,1
426,MID,141746,Bruno,Borges Fernandes,2645218,2,False,90,0,0,0,2,0,0,0,0,0,0,0,11,3.4,33.6,14.0,5.1,0,2,0,2,1,0.15,0.06,0.21,1.01,120,36750,5025755,371832,335082,1
426,MID,141746,Bruno,Borges Fernandes,2645232,2,False,90,0,0,0,1,0,0,0,0,0,0,0,17,17.0,31.4,7.0,5.5,1,4,2,7,1,0.03,0.33,0.36,1.10,120,-615807,4455713,123022,738829,1
426,MID,141746,Bruno,Borges Fernandes,2645239,2,False,90,0,0,0,1,0,0,0,0,0,0,0,15,14.0,58.8,13.0,8.6,0,5,1,6,1,0.28,0.19,0.47,1.62,120,-282231,4318751,68228,350459,1
427,MID,446008,Bryan,Mbeumo,2645198,2,False,90,0,0,0,2,0,0,0,0,0,0,0,12,9.6,28.1,49.0,8.7,0,4,0,4,1,0.50,0.23,0.73,1.01,80,0,3492739,0,0,1
427,MID,446008,Bryan,Mbeumo,2645212,11,False,90,1,1,0,2,0,0,0,1,0,0,2,37,45.6,43.3,35.0,12.4,0,2,3,5,1,1.76,0.21,1.97,2.06,80,-137963,3537164,82225,220188,1
427,MID,446008,Bryan,Mbeumo,2645218,8,False,90,1,0,0,2,0,0,0,0,0,0,1,29,39.8,13.7,18.0,7.2,4,4,0,8,1,0.05,0.03,0.08,1.01,80,-752284,2705759,92628,844912,1
427,MID,446008,Bryan,Mbeumo,2645232,2,False,90,0,0,0,1,0,0,0,0,0,0,0,9,11.2,32.8,24.0,6.8,1,3,1,5,1,0.49,0.08,0.57,1.10,79,-362745,2456322,156650,519395,1
427,MID,446008,Bryan,Mbeumo,2645239,2,False,90,0,0,0,1,0,0,0,0,0,0,0,23,14.6,46.3,30.0,9.1,2,1,1,4,1,0.27,0.25,0.52,1.62,79,-206528,2322581,95476,302004,1
428,MID,430871,Matheus,Santos Carneiro da Cunha,2645198,2,False,79,0,0,0,2,0,0,0,0,0,0,0,14,5.4,28.2,35.0,6.9,0,3,0,3,1,0.24,0.21,0.45,1.01,80,0,901042,0,0,1
428,MID,430871,Matheus,Santos Carneiro da Cunha,2645212,9,False,79,0,2,0,1,0,0,0,0,0,0,1,31,20.0,27.6,28.0,7.6,0,2,0,2,1,0.11,0.15,0.26,1.06,80,-66103,924196,26854,92957,1
428,MID,430871,Matheus,Santos Carneiro da Cunha,2645218,3,False,69,0,0,1,0,0,0,0,0,0,0,0,10,2.8,6.2,10.0,1.9,0,1,2,3,1,0.12,0.05,0.17,0.65,80,-134183,802045,23584,157767,1
428,MID,430871,Matheus,Santos Carneiro da Cunha,2645232,2,False,90,0,0,0,1,0,0,0,0,0,0,0,8,2.4,14.3,15.0,3.2,0,1,1,2,1,0.11,0.03,0.14,1.10,79,-138505,680785,11751,150256,1
428,MID,430871,Matheus,Santos Carneiro da Cunha,2645239,10,False,90,1,0,0,1,0,0,0,0,0,0,3,32,42.4,35.2,26.0,10.4,1,2,0,3,1,0.05,0.39,0.44,1.62,79,-75494,620030,11557,87051,1
429,MID,176297,Marcus,Rashford,2645198,1,False,45,0,0,0,0,0,0,0,0,0,0,0,9,11.6,48.6,4.0,6.4,0,1,0,1,0,0.00,0.10,0.10,0.09,70,0,134653,0,0,1
429,MID,176297,Marcus,Rashford,2645212,2,False,79,0,0,0,1,0,0,0,0,0,0,0,17,16.0,34.3,58.0,10.8,0,3,3,6,1,0.26,0.05,0.31,1.06,70,-7014,165554,15064,22078,1
429,MID,176297,Marcus,Rashford,2645218,3,False,69,0,0,1,0,0,0,0,0,0,0,0,11,3.8,12.5,8.0,2.4,0,4,0,4,1,0.00,0.06,0.06,0.65,70,-15044,166436,22811,37855,1
429,MID,176297,Marcus,Rashford,2645232,2,False,82,0,0,0,1,0,0,0,0,0,0,0,6,5.4,14.1,29.0,4.9,2,2,1,5,1,0.12,0.08,0.20,1.08,70,-3479,172900,24764,28243,1
429,MID,176297,Marcus,Rashford,2645239,2,False,76,0,0,0,1,0,0,0,0,0,0,0,15,16.6,53.7,58.0,12.8,2,0,0,2,1,0.40,0.14,0.54,1.62,70,-4515,171653,18390,22905,1
430,MID,184341,Mason,Mount,2645198,0,False,0,0,0,0,0,0,0,0,0,0,0,0,0,0.0,0.0,0.0,0.0,0,0,0,0,0,0.00,0.00,0.00,0.00,55,0,3202,0,0,1
430,MID,184341,Mason,Mount,2645212,0,False,0,0,0,0,0,0,0,0,0,0,0,0,0,0.0,0.0,0.0,0.0,0,0,0,0,0,0.00,0.00,0.00,0.00,55,-660,2752,35,695,1
430,MID,184341,Mason,Mount,2645218,0,False,0,0,0,0,0,0,0,0,0,0,0,0,0,0.0,0.0,0.0,0.0,0,0,0,0,0,0.00,0.00,0.00,0.00,54,-530,2327,60,590,1
430,MID,184341,Mason,Mount,2645232,0,False,0,0,0,0,0,0,0,0,0,0,0,0,0,0.0,0.0,0.0,0.0,0,0,0,0,0,0.00,0.00,0.00,0.00,54,54,2733,272,218,1
430,MID,184341,Mason,Mount,2645239,1,False,10,0,0,0,0,0,0,0,0,0,0,0,3,0.6,1.1,5.0,0.7,0,1,0,1,0,0.09,0.01,0.10,0.00,54,88,3100,361,273,1
431,MID,493250,Amad,Diallo,2645198,0,False,0,0,0,0,0,0,0,0,0,0,0,0,0,0.0,0.0,0.0,0.0,0,0,0,0,0,0.00,0.00,0.00,0.00,60,0,145627,0,0,1
431,MID,493250,Amad,Diallo,2645212,0,False,0,0,0,0,0,0,0,0,0,0,0,0,0,0.0,0.0,0.0,0.0,0,0,0,0,0,0.00,0.00,0.00,0.00,59,-57883,91945,1576,59459,1
431,MID,493250,Amad,Diallo,2645218,0,False,0,0,0,0,0,0,0,0,0,0,0,0,0,0.0,0.0,0.0,0.0,0,0,0,0,0,0.00,0.00,0.00,0.00,58,-42560,50069,243,42803,1
431,MID,493250,Amad,Diallo,2645232,0,False,0,0,0,0,0,0,0,0,0,0,0,0,0,0.0,0.0,0.0,0.0,0,0,0,0,0,0.00,0.00,0.00,0.00,58,-13432,38595,148,13580,1
431,MID,493250,Amad,Diallo,2645239,0,False,0,0,0,0,0,0,0,0,0,0,0,0,0,0.0,0.0,0.0,0.0,0,0,0,0,0,0.00,0.00,0.00,0.00,57,-5804,33185,75,5879,1
432,MID,516895,Kobbie,Mainoo,2645198,1,False,23,0,0,0,0,0,0,0,0,0,0,0,7,2.8,2.5,2.0,0.7,0,1,0,1,0,0.07,0.01,0.08,0.07,55,0,89014,0,0,1
432,MID,516895,Kobbie,Mainoo,2645212,4,False,79,0,0,0,1,0,0,0,0,0,0,0,25,15.2,7.2,9.0,3.1,2,10,3,15,1,0.14,0.27,0.41,1.06,55,-10233,93316,3460,13693,1
432,MID,516895,Kobbie,Mainoo,2645218,9,False,83,0,1,0,1,0,0,0,0,0,0,2,32,34.2,24.5,0.0,5.9,3,10,2,15,1,0.00,0.07,0.07,0.92,55,6351,117218,19482,13131,1
432,MID,516895,Kobbie,Mainoo,2645232,4,False,90,0,0,0,1,0,0,0,0,0,0,0,20,19.8,37.2,1.0,5.8,4,9,0,13,1,0.03,0.07,0.10,1.10,55,17969,147734,30157,12188,1
432,MID,516895,Kobbie,Mainoo,2645239,4,False,79,0,0,0,1,0,0,0,0,0,0,0,18,11.2,17.4,9.0,3.8,1,10,1,12,1,0.06,0.10,0.16,1.62,55,20730,177650,33995,13265,1
433,MID,232112,Manuel,Ugarte Ribeiro,2645198,0,False,0,0,0,0,0,0,0,0,0,0,0,0,0,0.0,0.0,0.0,0.0,0,0,0,0,0,0.00,0.00,0.00,0.00,50,0,333,0,0,1
433,MID,232112,Manuel,Ugarte Ribeiro,2645212,0,False,0,0,0,0,0,0,0,0,0,0,0,0,0,0.0,0.0,0.0,0.0,0,0,0,0,0,0.00,0.00,0.00,0.00,50,-64,348,24,88,1
433,MID,232112,Manuel,Ugarte Ribeiro,2645218,0,False,0,0,0,0,0,0,0,0,0,0,0,0,0,0.0,0.0,0.0,0.0,0,0,0,0,0,0.00,0.00,0.00,0.00,50,-37,371,32,69,1
433,MID,232112,Manuel,Ugarte Ribeiro,2645232,0,False,0,0,0,0,0,0,0,0,0,0,0,0,0,0.0,0.0,0.0,0.0,0,0,0,0,0,0.00,0.00,0.00,0.00,50,-22,388,25,47,1
433,MID,232112,Manuel,Ugarte Ribeiro,2645239,0,False,0,0,0,0,0,0,0,0,0,0,0,0,0,0.0,0.0,0.0,0.0,0,0,0,0,0,0.00,0.00,0.00,0.00,50,-21,386,15,36,1
434,MID,547037,Jack,Fletcher,2645198,0,False,0,0,0,0,0,0,0,0,0,0,0,0,0,0.0,0.0,0.0,0.0,0,0,0,0,0,0.00,0.00,0.00,0.00,50,0,1008,0,0,1
434,MID,547037,Jack,Fletcher,2645212,0,False,0,0,0,0,0,0,0,0,0,0,0,0,0,0.0,0.0,0.0,0.0,0,0,0,0,0,0.00,0.00,0.00,0.00,50,-128,1094,41,169,1
434,MID,547037,Jack,Fletcher,2645218,0,False,0,0,0,0,0,0,0,0,0,0,0,0,0,0.0,0.0,0.0,0.0,0,0,0,0,0,0.00,0.00,0.00,0.00,50,-102,1121,84,186,1
434,MID,547037,Jack,Fletcher,2645232,0,False,0,0,0,0,0,0,0,0,0,0,0,0,0,0.0,0.0,0.0,0.0,0,0,0,0,0,0.00,0.00,0.00,0.00,49,-67,1170,101,168,1
434,MID,547037,Jack,Fletcher,2645239,0,False,0,0,0,0,0,0,0,0,0,0,0,0,0,0.0,0.0,0.0,0.0,0,0,0,0,0,0.00,0.00,0.00,0.00,49,-71,1151,54,125,1
435,MID,576628,Shea,Lacey,2645198,1,False,10,0,0,0,0,0,0,0,0,0,0,0,3,0.2,0.6,0.0,0.1,0,1,0,1,0,0.00,0.00,0.00,0.00,50,0,4147,0,0,1
435,MID,576628,Shea,Lacey,2645212,0,False,0,0,0,0,0,0,0,0,0,0,0,0,0,0.0,0.0,0.0,0.0,0,0,0,0,0,0.00,0.00,0.00,0.00,50,-263,4851,327,590,1
435,MID,576628,Shea,Lacey,2645218,0,False,0,0,0,0,0,0,0,0,0,0,0,0,0,0.0,0.0,0.0,0.0,0,0,0,0,0,0.00,0.00,0.00,0.00,50,-740,5286,298,1038,1
435,MID,576628,Shea,Lacey,2645232,0,False,0,0,0,0,0,0,0,0,0,0,0,0,0,0.0,0.0,0.0,0.0,0,0,0,0,0,0.00,0.00,0.00,0.00,49,-577,5384,197,774,1
435,MID,576628,Shea,Lacey,2645239,0,False,0,0,0,0,0,0,0,0,0,0,0,0,0,0.0,0.0,0.0,0.0,0,0,0,0,0,0.00,0.00,0.00,0.00,49,-32,5831,531,563,1
436,MID,490881,Toby,Collyer,2645198,0,False,0,0,0,0,0,0,0,0,0,0,0,0,0,0.0,0.0,0.0,0.0,0,0,0,0,0,0.00,0.00,0.00,0.00,50,0,1568,0,0,1
436,MID,490881,Toby,Collyer,2645212,0,False,0,0,0,0,0,0,0,0,0,0,0,0,0,0.0,0.0,0.0,0.0,0,0,0,0,0,0.00,0.00,0.00,0.00,50,-174,1667,60,234,1
436,MID,490881,Toby,Collyer,2645218,0,False,0,0,0,0,0,0,0,0,0,0,0,0,0,0.0,0.0,0.0,0.0,0,0,0,0,0,0.00,0.00,0.00,0.00,50,-291,1461,90,381,1
436,MID,490881,Toby,Collyer,2645232,0,False,0,0,0,0,0,0,0,0,0,0,0,0,0,0.0,0.0,0.0,0.0,0,0,0,0,0,0.00,0.00,0.00,0.00,50,-257,1225,0,257,1
436,MID,490881,Toby,Collyer,2645239,0,False,0,0,0,0,0,0,0,0,0,0,0,0,0,0.0,0.0,0.0,0.0,0,0,0,0,0,0.00,0.00,0.00,0.00,50,-135,1099,0,135,1
437,MID,576620,Bendito,Mantato,2645198,0,False,0,0,0,0,0,0,0,0,0,0,0,0,0,0.0,0.0,0.0,0.0,0,0,0,0,0,0.00,0.00,0.00,0.00,45,0,16079,0,0,1
437,MID,576620,Bendito,Mantato,2645212,0,False,0,0,0,0,0,0,0,0,0,0,0,0,0,0.0,0.0,0.0,0.0,0,0,0,0,0,0.00,0.00,0.00,0.00,45,-1410,17670,961,2371,1
437,MID,576620,Bendito,Mantato,2645218,0,False,0,0,0,0,0,0,0,0,0,0,0,0,0,0.0,0.0,0.0,0.0,0,0,0,0,0,0.00,0.00,0.00,0.00,45,-934,18885,1762,2696,1
437,MID,576620,Bendito,Mantato,2645232,0,False,0,0,0,0,0,0,0,0,0,0,0,0,0,0.0,0.0,0.0,0.0,0,0,0,0,0,0.00,0.00,0.00,0.00,45,-694,19130,1317,2011,1
437,MID,576620,Bendito,Mantato,2645239,0,False,0,0,0,0,0,0,0,0,0,0,0,0,0,0.0,0.0,0.0,0.0,0,0,0,0,0,0.00,0.00,0.00,0.00,45,-1079,18231,624,1703,1
438,MID,519913,Tyler,Fletcher,2645198,0,False,0,0,0,0,0,0,0,0,0,0,0,0,0,0.0,0.0,0.0,0.0,0,0,0,0,0,0.00,0.00,0.00,0.00,45,0,31336,0,0,1
438,MID,519913,Tyler,Fletcher,2645212,0,False,0,0,0,0,0,0,0,0,0,0,0,0,0,0.0,0.0,0.0,0.0,0,0,0,0,0,0.00,0.00,0.00,0.00,45,-2656,32667,1328,3984,1
438,MID,519913,Tyler,Fletcher,2645218,0,False,0,0,0,0,0,0,0,0,0,0,0,0,0,0.0,0.0,0.0,0.0,0,0,0,0,0,0.00,0.00,0.00,0.00,45,-2436,32226,1884,4320,1
438,MID,519913,Tyler,Fletcher,2645232,0,False,0,0,0,0,0,0,0,0,0,0,0,0,0,0.0,0.0,0.0,0.0,0,0,0,0,0,0.00,0.00,0.00,0.00,45,-1858,31369,1320,3178,1
438,MID,519913,Tyler,Fletcher,2645239,0,False,0,0,0,0,0,0,0,0,0,0,0,0,0,0.0,0.0,0.0,0.0,0,0,0,0,0,0.00,0.00,0.00,0.00,44,250,36458,3537,3287,1
439,FWD,485711,Benjamin,Sesko,2645198,1,False,23,0,0,0,0,0,0,0,0,0,0,0,2,0.0,0.5,9.0,0.9,0,0,0,0,0,0.04,0.00,0.04,0.07,70,0,114788,0,0,1
439,FWD,485711,Benjamin,Sesko,2645212,1,False,10,0,0,0,1,0,0,0,0,0,0,0,5,2.2,10.5,2.0,1.5,0,3,0,3,0,0.00,0.01,0.01,1.00,70,15428,181866,30554,15126,1
439,FWD,485711,Benjamin,Sesko,2645218,5,False,20,1,0,0,2,0,0,0,0,0,0,0,28,31.2,0.2,21.0,5.2,0,0,0,0,0,0.29,0.00,0.29,0.36,70,-32919,161952,15581,48500,1
439,FWD,485711,Benjamin,Sesko,2645232,1,False,23,0,0,0,0,0,0,0,0,0,0,0,4,1.2,0.7,4.0,0.6,0,2,0,2,0,0.06,0.00,0.06,0.57,70,3627,182217,26345,22718,1
439,FWD,485711,Benjamin,Sesko,2645239,0,False,0,0,0,0,0,0,0,0,0,0,0,0,0,0.0,0.0,0.0,0.0,0,0,0,0,0,0.00,0.00,0.00,0.00,70,1630,192336,24959,23329,1
440,FWD,458249,Joshua,Zirkzee,2645198,0,False,0,0,0,0,0,0,0,0,0,0,0,0,0,0.0,0.0,0.0,0.0,0,0,0,0,0,0.00,0.00,0.00,0.00,55,0,56060,0,0,1
440,FWD,458249,Joshua,Zirkzee,2645212,0,False,0,0,0,0,0,0,0,0,0,0,0,0,0,0.0,0.0,0.0,0.0,0,0,0,0,0,0.00,0.00,0.00,0.00,55,-11086,51589,2045,13131,1
440,FWD,458249,Joshua,Zirkzee,2645218,0,False,0,0,0,0,0,0,0,0,0,0,0,0,0,0.0,0.0,0.0,0.0,0,0,0,0,0,0.00,0.00,0.00,0.00,54,-7291,47734,5615,12906,1
440,FWD,458249,Joshua,Zirkzee,2645232,1,False,7,0,0,0,0,0,0,0,0,0,0,0,4,4.4,4.8,0.0,0.9,1,2,0,3,0,0.00,0.01,0.01,0.02,54,-4849,45127,3614,8463,1
440,FWD,458249,Joshua,Zirkzee,2645239,1,False,13,0,0,0,0,0,0,0,0,0,0,0,4,3.2,10.1,0.0,1.3,1,0,0,1,0,0.00,0.00,0.00,0.00,54,-3447,43505,2606,6053,1
441,FWD,596047,Chido,Obi,2645198,0,False,0,0,0,0,0,0,0,0,0,0,0,0,0,0.0,0.0,0.0,0.0,0,0,0,0,0,0.00,0.00,0.00,0.00,45,0,100521,0,0,1
441,FWD,596047,Chido,Obi,2645212,0,False,0,0,0,0,0,0,0,0,0,0,0,0,0,0.0,0.0,0.0,0.0,0,0,0,0,0,0.00,0.00,0.00,0.00,45,-5253,109991,6316,11569,1
441,FWD,596047,Chido,Obi,2645218,0,False,0,0,0,0,0,0,0,0,0,0,0,0,0,0.0,0.0,0.0,0.0,0,0,0,0,0,0.00,0.00,0.00,0.00,45,3280,125871,19118,15838,1
441,FWD,596047,Chido,Obi,2645232,0,False,0,0,0,0,0,0,0,0,0,0,0,0,0,0.0,0.0,0.0,0.0,0,0,0,0,0,0.00,0.00,0.00,0.00,45,775,129085,15048,14273,1
441,FWD,596047,Chido,Obi,2645239,0,False,0,0,0,0,0,0,0,0,0,0,0,0,0,0.0,0.0,0.0,0.0,0,0,0,0,0,0.00,0.00,0.00,0.00,45,-16201,111907,5061,21262,1
405,MID,465694,Nico,González Iglesias,2645202,0,False,0,0,0,0,0,0,0,0,0,0,0,0,0,0.0,0.0,0.0,0.0,0,0,0,0,0,0.00,0.00,0.00,0.00,55,0,11878,0,0,4
405,MID,465694,Nico,González Iglesias,2645214,2,False,70,0,0,1,0,0,0,0,1,0,0,0,9,7.2,29.5,0.0,3.7,2,2,0,4,1,0.00,0.20,0.20,0.74,55,645,15669,2387,1742,4
405,MID,465694,Nico,González Iglesias,2645223,2,False,76,0,0,0,2,0,0,0,0,0,0,0,11,6.2,12.4,2.0,2.1,1,6,0,7,1,0.00,0.01,0.01,1.33,55,7163,26047,10136,2973,4
405,MID,465694,Nico,González Iglesias,2645230,1,False,18,0,0,0,0,0,0,0,0,0,0,0,3,0.0,0.1,0.0,0.0,0,1,0,1,1,0.00,0.00,0.00,0.27,55,215,26871,3834,3619,4
405,MID,465694,Nico,González Iglesias,2645242,0,False,0,0,0,0,0,0,0,0,0,0,0,0,0,0.0,0.0,0.0,0.0,0,0,0,0,0,0.00,0.00,0.00,0.00,55,-5729,21094,1106,6835,4
442,GKP,98747,Nick,Pope,2645203,0,False,0,0,0,0,0,0,0,0,0,0,0,0,0,0.0,0.0,0.0,0.0,0,0,0,0,0,0.00,0.00,0.00,0.00,50,0,113822,0,0,4
442,GKP,98747,Nick,Pope,2645214,0,False,0,0,0,0,0,0,0,0,0,0,0,0,0,0.0,0.0,0.0,0.0,0,0,0,0,0,0.00,0.00,0.00,0.00,50,-9598,124934,2706,12304,4
442,GKP,98747,Nick,Pope,2645223,0,False,0,0,0,0,0,0,0,0,0,0,0,0,0,0.0,0.0,0.0,0.0,0,0,0,0,0,0.00,0.00,0.00,0.00,50,-14257,115196,4952,19209,4
442,GKP,98747,Nick,Pope,2645230,0,False,0,0,0,0,0,0,0,0,0,0,0,0,0,0.0,0.0,0.0,0.0,0,0,0,0,0,0.00,0.00,0.00,0.00,49,-8971,108982,3004,11975,4
442,GKP,98747,Nick,Pope,2645242,0,False,0,0,0,0,0,0,0,0,0,0,0,0,0,0.0,0.0,0.0,0.0,0,0,0,0,0,0.00,0.00,0.00,0.00,49,-5404,105050,1831,7235,4
443,GKP,81441,Mark,Gillespie,2645203,0,False,0,0,0,0,0,0,0,0,0,0,0,0,0,0.0,0.0,0.0,0.0,0,0,0,0,0,0.00,0.00,0.00,0.00,45,0,2989,0,0,4
443,GKP,81441,Mark,Gillespie,2645214,0,False,0,0,0,0,0,0,0,0,0,0,0,0,0,0.0,0.0,0.0,0.0,0,0,0,0,0,0.00,0.00,0.00,0.00,45,-69,3435,162,231,4
443,GKP,81441,Mark,Gillespie,2645223,0,False,0,0,0,0,0,0,0,0,0,0,0,0,0,0.0,0.0,0.0,0.0,0,0,0,0,0,0.00,0.00,0.00,0.00,45,-143,3576,239,382,4
443,GKP,81441,Mark,Gillespie,2645230,0,False,0,0,0,0,0,0,0,0,0,0,0,0,0,0.0,0.0,0.0,0.0,0,0,0,0,0,0.00,0.00,0.00,0.00,45,-150,3541,141,291,4
443,GKP,81441,Mark,Gillespie,2645242,0,False,0,0,0,0,0,0,0,0,0,0,0,0,0,0.0,0.0,0.0,0.0,0,0,0,0,0,0.00,0.00,0.00,0.00,45,-33,3606,183,216,4
444,GKP,554578,Ewen,Jaouen,2645203,0,False,0,0,0,0,0,0,0,0,0,0,0,0,0,0.0,0.0,0.0,0.0,0,0,0,0,0,0.00,0.00,0.00,0.00,45,0,2666,0,0,4
444,GKP,554578,Ewen,Jaouen,2645214,0,False,0,0,0,0,0,0,0,0,0,0,0,0,0,0.0,0.0,0.0,0.0,0,0,0,0,0,0.00,0.00,0.00,0.00,45,-224,2775,124,348,4
444,GKP,554578,Ewen,Jaouen,2645223,0,False,0,0,0,0,0,0,0,0,0,0,0,0,0,0.0,0.0,0.0,0.0,0,0,0,0,0,0.00,0.00,0.00,0.00,45,-279,2647,182,461,4
444,GKP,554578,Ewen,Jaouen,2645230,0,False,0,0,0,0,0,0,0,0,0,0,0,0,0,0.0,0.0,0.0,0.0,0,0,0,0,0,0.00,0.00,0.00,0.00,45,-244,2484,97,341,4
444,GKP,554578,Ewen,Jaouen,2645242,0,False,0,0,0,0,0,0,0,0,0,0,0,0,0,0.0,0.0,0.0,0.0,0,0,0,0,0,0.00,0.00,0.00,0.00,45,-225,2273,30,255,4
445,DEF,465642,Malick,Thiaw,2645203,3,False,90,0,0,0,2,0,0,0,0,0,0,0,0,37.8,0.2,0.0,3.8,15,2,0,15,1,0.00,0.00,0.00,2.98,50,0,146838,0,0,4
445,DEF,465642,Malick,Thiaw,2645214,6,False,90,0,0,1,0,0,0,0,0,0,0,0,25,6.8,1.5,0.0,0.8,3,1,0,3,1,0.00,0.02,0.02,1.12,50,8900,175248,19798,10898,4
445,DEF,465642,Malick,Thiaw,2645223,-1,False,90,0,0,0,2,1,0,0,0,0,0,0,0,7.6,12.3,2.0,2.2,3,3,0,3,1,0.00,0.05,0.05,1.37,50,40274,238054,72237,31963,4
445,DEF,465642,Malick,Thiaw,2645230,2,False,90,0,0,0,4,0,0,0,0,0,0,0,-6,22.6,0.9,0.0,2.4,11,1,0,11,1,0.00,0.00,0.00,2.08,50,2995,227385,48297,45302,4
445,DEF,465642,Malick,Thiaw,2645242,4,False,90,0,0,0,1,0,0,0,0,0,0,0,13,31.4,1.4,2.0,3.5,13,3,0,13,1,0.00,0.01,0.01,1.59,50,4121,240813,28969,24848,4
446,DEF,119471,Fabian,Schär,2645203,1,False,1,0,0,0,1,0,0,0,0,0,0,0,-1,0.0,0.0,0.0,0.0,0,0,0,0,0,0.00,0.00,0.00,0.79,50,0,20496,0,0,4
446,DEF,119471,Fabian,Schär,2645214,0,False,0,0,0,0,0,0,0,0,0,0,0,0,0,0.0,0.0,0.0,0.0,0,0,0,0,0,0.00,0.00,0.00,0.00,50,10,26250,1895,1885,4
446,DEF,119471,Fabian,Schär,2645223,0,False,0,0,0,0,0,0,0,0,0,0,0,0,0,0.0,0.0,0.0,0.0,0,0,0,0,0,0.00,0.00,0.00,0.00,50,-2838,24845,2055,4893,4
446,DEF,119471,Fabian,Schär,2645230,0,False,0,0,0,0,0,0,0,0,0,0,0,0,0,0.0,0.0,0.0,0.0,0,0,0,0,0,0.00,0.00,0.00,0.00,50,-2216,23553,1440,3656,4
446,DEF,119471,Fabian,Schär,2645242,1,False,24,0,0,0,1,0,0,0,0,0,0,0,1,25.0,10.5,0.0,3.6,7,0,0,7,0,0.00,0.01,0.01,1.08,49,-1391,22572,1121,2512,4
447,DEF,220237,Sven,Botman,2645203,3,False,90,0,0,0,2,0,0,0,0,0,0,0,4,32.4,0.3,0.0,3.3,10,2,0,10,1,0.00,0.01,0.01,2.98,50,0,34765,0,0,4
447,DEF,220237,Sven,Botman,2645214,5,False,90,0,0,1,0,0,0,0,1,0,0,0,22,11.2,1.8,2.0,1.5,4,4,1,5,1,0.01,0.00,0.01,1.12,50,5603,52947,8885,3282,4
447,DEF,220237,Sven,Botman,2645223,1,False,90,0,0,0,2,0,0,0,0,0,0,0,3,26.0,0.9,4.0,3.1,8,3,1,9,1,0.00,0.16,0.16,1.37,50,8611,69972,15452,6841,4
447,DEF,220237,Sven,Botman,2645230,2,False,90,0,0,0,4,0,0,0,0,0,0,0,2,31.2,0.3,0.0,3.2,15,4,2,17,1,0.00,0.00,0.00,2.08,50,1208,71884,9972,8764,4
447,DEF,220237,Sven,Botman,2645242,4,False,90,0,0,0,1,0,0,0,0,0,0,0,12,35.2,0.8,17.0,5.3,17,1,1,18,1,0.05,0.00,0.05,1.59,50,1958,76821,8365,6407,4
448,DEF,78916,Dan,Burn,2645203,0,False,0,0,0,0,0,0,0,0,0,0,0,0,0,0.0,0.0,0.0,0.0,0,0,0,0,0,0.00,0.00,0.00,0.00,50,0,213973,0,0,4
448,DEF,78916,Dan,Burn,2645214,0,False,0,0,0,0,0,0,0,0,0,0,0,0,0,0.0,0.0,0.0,0.0,0,0,0,0,0,0.00,0.00,0.00,0.00,50,-69064,159459,6247,75311,4
448,DEF,78916,Dan,Burn,2645223,0,False,0,0,0,0,0,0,0,0,0,0,0,0,0,0.0,0.0,0.0,0.0,0,0,0,0,0,0.00,0.00,0.00,0.00,49,-46419,114109,549,46968,4
448,DEF,78916,Dan,Burn,2645230,0,False,0,0,0,0,0,0,0,0,0,0,0,0,0,0.0,0.0,0.0,0.0,0,0,0,0,0,0.00,0.00,0.00,0.00,49,-20317,96018,239,20556,4
448,DEF,78916,Dan,Burn,2645242,0,False,0,0,0,0,0,0,0,0,0,0,0,0,0,0.0,0.0,0.0,0.0,0,0,0,0,0,0.00,0.00,0.00,0.00,49,-11893,84798,180,12073,4
449,DEF,487838,Lewis,Hall,2645203,3,False,90,0,0,0,2,0,0,0,0,0,0,0,8,22.0,15.2,0.0,3.7,6,8,5,11,1,0.00,0.35,0.35,2.98,50,0,310247,0,0,4
449,DEF,487838,Lewis,Hall,2645214,11,False,90,0,0,1,0,0,0,0,0,0,0,3,52,39.0,27.3,4.0,7.0,11,6,2,13,1,0.03,0.31,0.34,1.12,50,33265,411061,52701,19436,4
449,DEF,487838,Lewis,Hall,2645223,4,False,89,0,1,0,2,0,0,0,0,0,0,0,20,28.0,13.4,3.0,4.4,5,13,1,6,1,0.01,0.01,0.02,1.35,51,496570,1101917,576636,80066,4
449,DEF,487838,Lewis,Hall,2645230,0,False,90,0,0,0,4,0,0,0,0,0,0,0,9,21.0,3.9,7.0,3.2,2,4,4,6,1,0.02,0.01,0.03,2.08,52,448146,1512788,563772,115626,4
449,DEF,487838,Lewis,Hall,2645242,13,False,90,1,0,0,1,0,0,0,0,0,0,3,38,65.6,29.2,24.0,11.9,9,7,1,10,1,0.19,0.11,0.30,1.59,52,107688,1629142,220393,112705,4
450,DEF,441191,Tino,Livramento,2645203,0,False,0,0,0,0,0,0,0,0,0,0,0,0,0,0.0,0.0,0.0,0.0,0,0,0,0,0,0.00,0.00,0.00,0.00,50,0,4326,0,0,4
450,DEF,441191,Tino,Livramento,2645214,0,False,0,0,0,0,0,0,0,0,0,0,0,0,0,0.0,0.0,0.0,0.0,0,0,0,0,0,0.00,0.00,0.00,0.00,50,-1137,3475,91,1228,4
450,DEF,441191,Tino,Livramento,2645223,1,False,1,0,0,0,0,0,0,0,0,0,0,0,3,0.2,0.0,0.0,0.0,0,0,0,0,0,0.00,0.00,0.00,0.02,49,-745,2841,115,860,4
450,DEF,441191,Tino,Livramento,2645230,3,False,32,0,1,0,1,0,0,0,1,0,0,0,9,4.8,3.8,4.0,1.3,1,4,2,3,0,0.00,0.01,0.01,0.16,49,2452,6615,3493,1041,4
450,DEF,441191,Tino,Livramento,2645242,0,False,0,0,0,0,0,0,0,0,0,0,0,0,0,0.0,0.0,0.0,0.0,0,0,0,0,0,0.00,0.00,0.00,0.00,49,4786,12541,6097,1311,4
451,DEF,545477,Alex,Murphy,2645203,0,False,0,0,0,0,0,0,0,0,0,0,0,0,0,0.0,0.0,0.0,0.0,0,0,0,0,0,0.00,0.00,0.00,0.00,40,0,12873,0,0,4
451,DEF,545477,Alex,Murphy,2645214,0,False,0,0,0,0,0,0,0,0,0,0,0,0,0,0.0,0.0,0.0,0.0,0,0,0,0,0,0.00,0.00,0.00,0.00,40,-3276,9468,0,3276,4
451,DEF,545477,Alex,Murphy,2645223,0,False,0,0,0,0,0,0,0,0,0,0,0,0,0,0.0,0.0,0.0,0.0,0,0,0,0,0,0.00,0.00,0.00,0.00,40,-1826,7660,0,1826,4
451,DEF,545477,Alex,Murphy,2645230,0,False,0,0,0,0,0,0,0,0,0,0,0,0,0,0.0,0.0,0.0,0.0,0,0,0,0,0,0.00,0.00,0.00,0.00,40,-957,6793,0,957,4
451,DEF,545477,Alex,Murphy,2645242,0,False,0,0,0,0,0,0,0,0,0,0,0,0,0,0.0,0.0,0.0,0.0,0,0,0,0,0,0.00,0.00,0.00,0.00,40,-592,6248,0,592,4
453,MID,201666,Harvey,Barnes,2645203,2,False,90,0,0,0,2,0,0,0,0,0,0,0,12,5.2,2.4,9.0,1.7,3,4,1,8,1,0.07,0.02,0.09,2.98,60,0,95531,0,0,4
453,MID,201666,Harvey,Barnes,2645214,3,False,90,0,0,1,0,0,0,0,0,0,0,0,9,7.2,22.1,7.0,3.6,2,0,2,4,1,0.04,0.01,0.05,1.12,60,4665,113402,14995,10330,4
453,MID,201666,Harvey,Barnes,2645223,12,False,90,1,1,0,2,0,0,0,0,0,0,2,37,33.0,2.8,23.0,5.9,2,4,0,6,1,0.11,0.03,0.14,1.37,60,2446,122479,25187,22741,4
453,MID,201666,Harvey,Barnes,2645230,2,False,90,0,0,0,4,0,0,0,0,0,0,0,13,12.2,16.8,30.0,5.9,3,3,0,6,1,0.29,0.31,0.60,2.08,60,152668,290007,210527,57859,4
453,MID,201666,Harvey,Barnes,2645242,9,False,90,0,2,0,1,0,0,0,0,0,0,1,34,47.6,36.8,27.0,11.1,4,5,0,9,1,0.11,0.11,0.22,1.59,60,179416,496155,220394,40978,4
454,MID,449434,Anthony,Elanga,2645203,9,False,75,1,0,0,1,0,0,0,0,0,0,2,31,37.4,3.5,28.0,6.9,1,1,0,2,1,0.22,0.01,0.23,1.94,60,0,64591,0,0,4
454,MID,449434,Anthony,Elanga,2645214,8,False,81,1,0,1,0,0,0,0,0,0,0,0,32,36.8,15.3,29.0,8.1,0,1,2,3,1,0.20,0.10,0.30,0.74,60,83568,215548,95441,11873,4
454,MID,449434,Anthony,Elanga,2645223,1,False,76,0,0,0,2,0,0,0,1,0,0,0,8,8.4,31.8,4.0,4.4,1,1,2,4,1,0.00,0.23,0.23,1.33,61,716203,1142637,810672,94469,4
454,MID,449434,Anthony,Elanga,2645230,0,False,0,0,0,0,0,0,0,0,0,0,0,0,0,0.0,0.0,0.0,0.0,0,0,0,0,0,0.00,0.00,0.00,0.00,62,130728,1209834,326071,195343,4
454,MID,449434,Anthony,Elanga,2645242,0,False,0,0,0,0,0,0,0,0,0,0,0,0,0,0.0,0.0,0.0,0.0,0,0,0,0,0,0.00,0.00,0.00,0.00,62,-564623,616024,53653,618276,4
456,MID,232653,Jacob,Ramsey,2645203,0,False,34,0,0,0,1,0,0,0,1,0,0,0,1,7.8,1.3,4.0,1.3,3,1,2,6,0,0.06,0.01,0.07,1.50,50,0,34032,0,0,4
456,MID,232653,Jacob,Ramsey,2645214,1,False,8,0,0,0,0,0,0,0,0,0,0,0,3,0.2,4.2,0.0,0.4,0,1,0,1,0,0.00,0.13,0.13,0.38,50,-3238,34073,1442,4680,4
456,MID,232653,Jacob,Ramsey,2645223,6,False,27,1,0,0,0,0,0,0,0,0,0,0,22,32.4,0.8,17.0,5.0,0,4,0,4,0,0.11,0.02,0.13,0.04,50,-4753,30127,1799,6552,4
456,MID,232653,Jacob,Ramsey,2645230,0,False,0,0,0,0,0,0,0,0,0,0,0,0,0,0.0,0.0,0.0,0.0,0,0,0,0,0,0.00,0.00,0.00,0.00,49,6540,39795,11516,4976,4
456,MID,232653,Jacob,Ramsey,2645242,0,False,0,0,0,0,0,0,0,0,0,0,0,0,0,0.0,0.0,0.0,0.0,0,0,0,0,0,0.00,0.00,0.00,0.00,49,-8206,30346,1789,9995,4
457,MID,114243,Jacob,Murphy,2645203,0,False,14,0,0,0,1,0,0,0,1,0,0,0,-1,0.0,0.1,2.0,0.1,1,1,0,2,0,0.00,0.00,0.00,1.04,60,0,14816,0,0,4
457,MID,114243,Jacob,Murphy,2645214,1,False,8,0,0,0,0,0,0,0,0,0,0,0,3,2.2,3.1,2.0,0.7,0,2,1,3,0,0.00,0.20,0.20,0.38,60,-1965,15641,717,2682,4
457,MID,114243,Jacob,Murphy,2645223,1,False,13,0,0,0,0,0,0,0,0,0,0,0,5,0.2,0.3,0.0,0.1,0,1,0,1,0,0.00,0.00,0.00,0.04,59,-2357,14114,1115,3472,4
457,MID,114243,Jacob,Murphy,2645230,0,False,56,0,0,0,3,0,0,0,1,0,0,0,2,1.2,3.7,2.0,0.7,0,3,1,4,1,0.00,0.14,0.14,1.91,59,-1103,13575,1062,2165,4
457,MID,114243,Jacob,Murphy,2645242,1,False,90,0,0,0,1,0,0,0,1,0,0,0,12,9.4,19.7,4.0,3.3,3,3,2,8,1,0.03,0.07,0.10,1.59,59,349,14522,2209,1860,4
458,MID,180974,Joelinton Cássio,Apolinário de Lira,2645203,0,False,0,0,0,0,0,0,0,0,0,0,0,0,0,0.0,0.0,0.0,0.0,0,0,0,0,0,0.00,0.00,0.00,0.00,55,0,3620,0,0,4
458,MID,180974,Joelinton Cássio,Apolinário de Lira,2645214,0,False,0,0,0,0,0,0,0,0,0,0,0,0,0,0.0,0.0,0.0,0.0,0,0,0,0,0,0.00,0.00,0.00,0.00,55,-1020,2722,48,1068,4
458,MID,180974,Joelinton Cássio,Apolinário de Lira,2645223,0,False,0,0,0,0,0,0,0,0,0,0,0,0,0,0.0,0.0,0.0,0.0,0,0,0,0,0,0.00,0.00,0.00,0.00,54,-546,2235,86,632,4
458,MID,180974,Joelinton Cássio,Apolinário de Lira,2645230,0,False,0,0,0,0,0,0,0,0,0,0,0,0,0,0.0,0.0,0.0,0.0,0,0,0,0,0,0.00,0.00,0.00,0.00,54,-249,2032,33,282,4
458,MID,180974,Joelinton Cássio,Apolinário de Lira,2645242,0,False,0,0,0,0,0,0,0,0,0,0,0,0,0,0.0,0.0,0.0,0.0,0,0,0,0,0,0.00,0.00,0.00,0.00,54,-136,1916,44,180,4
459,MID,547719,Lewis,Miley,2645203,3,False,75,0,0,0,1,0,0,0,1,0,0,0,13,15.6,21.4,3.0,4.0,6,6,1,13,1,0.05,0.01,0.06,1.94,55,0,4093,0,0,4
459,MID,547719,Lewis,Miley,2645214,3,False,90,0,0,1,0,0,0,0,0,0,0,0,16,11.2,14.7,0.0,2.6,3,6,0,9,1,0.00,0.04,0.04,1.12,55,857,6985,1391,534,4
459,MID,547719,Lewis,Miley,2645223,2,False,62,0,0,0,2,0,0,0,0,0,0,0,11,3.2,1.1,2.0,0.6,1,3,0,4,1,0.00,0.02,0.02,1.33,55,629,8538,2211,1582,4
459,MID,547719,Lewis,Miley,2645230,0,False,79,0,0,0,4,1,0,0,0,0,0,0,9,6.6,4.5,0.0,1.1,3,6,1,10,1,0.00,0.03,0.03,1.97,55,-528,8285,1045,1573,4
459,MID,547719,Lewis,Miley,2645242,4,False,90,0,0,0,1,0,0,0,0,0,0,0,19,21.8,15.6,0.0,3.7,7,5,4,16,1,0.00,0.04,0.04,1.59,55,-101,8479,1217,1318,4
460,MID,200089,Joe,Willock,2645203,6,False,34,1,0,0,1,0,0,0,0,0,0,0,28,38.4,13.9,9.0,6.1,0,1,2,3,0,0.09,0.17,0.26,1.50,50,0,10181,0,0,4
460,MID,200089,Joe,Willock,2645214,3,False,70,0,0,1,0,0,0,0,0,0,0,0,0,0.0,4.3,8.0,0.5,1,1,0,2,1,0.07,0.02,0.09,0.74,50,6831,24746,8763,1932,4
460,MID,200089,Joe,Willock,2645223,2,False,62,0,0,0,2,0,0,0,0,0,0,0,6,6.0,2.2,11.0,1.9,1,1,1,3,1,0.36,0.01,0.37,1.33,50,14485,45043,22227,7742,4
460,MID,200089,Joe,Willock,2645230,1,False,32,0,0,0,1,0,0,0,0,0,0,0,8,7.6,13.3,18.0,3.9,1,2,1,4,0,0.12,0.06,0.18,0.16,50,6640,52306,16531,9891,4
460,MID,200089,Joe,Willock,2645242,10,False,86,1,0,0,1,0,0,0,0,0,0,3,38,40.2,7.3,22.0,7.0,1,4,1,6,1,0.17,0.04,0.21,1.46,50,-1121,51669,7299,8420,4
461,MID,611665,Bazoumana,Touré,2645203,0,False,0,0,0,0,0,0,0,0,0,0,0,0,0,0.0,0.0,0.0,0.0,0,0,0,0,0,0.00,0.00,0.00,0.00,60,0,22780,0,0,4
461,MID,611665,Bazoumana,Touré,2645214,1,False,1,0,0,0,0,0,0,0,0,0,0,0,3,0.0,0.0,0.0,0.0,0,0,0,0,0,0.00,0.00,0.00,0.00,60,-3945,20967,513,4458,4
461,MID,611665,Bazoumana,Touré,2645223,0,False,0,0,0,0,0,0,0,0,0,0,0,0,0,0.0,0.0,0.0,0.0,0,0,0,0,0,0.00,0.00,0.00,0.00,59,-5573,15932,657,6230,4
461,MID,611665,Bazoumana,Touré,2645230,6,False,33,1,0,0,1,0,0,0,0,0,0,0,24,36.6,5.3,21.0,6.3,0,2,0,2,0,0.28,0.01,0.29,0.16,58,-3031,13401,376,3407,4
461,MID,611665,Bazoumana,Touré,2645242,1,False,16,0,0,0,0,0,0,0,0,0,0,0,2,1.0,0.0,0.0,0.1,1,1,0,2,0,0.00,0.00,0.00,0.60,58,325,14309,1837,1512,4
462,MID,636852,Sean,Steur,2645203,1,False,55,0,0,0,1,0,0,0,0,0,0,0,3,0.4,1.2,0.0,0.2,0,2,0,2,1,0.00,0.00,0.00,1.48,50,0,9830,0,0,4
462,MID,636852,Sean,Steur,2645214,1,False,19,0,0,0,0,0,0,0,0,0,0,0,4,5.0,0.0,0.0,0.5,3,0,0,3,0,0.00,0.00,0.00,0.38,50,-238,10539,762,1000,4
462,MID,636852,Sean,Steur,2645223,1,False,13,0,0,0,0,0,0,0,0,0,0,0,3,2.0,0.5,0.0,0.3,1,1,0,2,0,0.00,0.00,0.00,0.04,50,-1763,8925,584,2347,4
462,MID,636852,Sean,Steur,2645230,2,False,71,0,0,0,4,0,0,0,0,0,0,0,14,12.0,20.2,0.0,3.2,3,2,2,7,0,0.00,0.03,0.03,1.81,49,-1064,8079,390,1454,4
462,MID,636852,Sean,Steur,2645242,3,False,65,0,0,1,0,0,0,0,0,0,0,0,18,16.0,30.3,0.0,4.6,2,3,2,7,1,0.00,0.03,0.03,0.52,49,-576,7714,420,996,4
463,FWD,470313,Nick,Woltemade,2645203,0,False,0,0,0,0,0,0,0,0,0,0,0,0,0,0.0,0.0,0.0,0.0,0,0,0,0,0,0.00,0.00,0.00,0.00,60,0,151424,0,0,4
463,FWD,470313,Nick,Woltemade,2645214,4,False,19,0,1,0,0,0,0,0,0,0,0,0,18,18.2,10.5,11.0,4.0,0,0,0,0,0,0.02,0.01,0.03,0.38,60,-23591,150038,7193,30784,4
463,FWD,470313,Nick,Woltemade,2645223,0,False,0,0,0,0,0,0,0,0,0,0,0,0,0,0.0,0.0,0.0,0.0,0,0,0,0,0,0.00,0.00,0.00,0.00,59,-49449,103336,7327,56776,4
463,FWD,470313,Nick,Woltemade,2645230,0,False,0,0,0,0,0,0,0,0,0,0,0,0,0,0.0,0.0,0.0,0.0,0,0,0,0,0,0.00,0.00,0.00,0.00,59,-39340,66136,0,39340,4
463,FWD,470313,Nick,Woltemade,2645242,0,False,0,0,0,0,0,0,0,0,0,0,0,0,0,0.0,0.0,0.0,0.0,0,0,0,0,0,0.00,0.00,0.00,0.00,59,-11535,55762,0,11535,4
464,FWD,216646,Yoane,Wissa,2645203,4,False,90,0,1,0,1,0,0,0,1,0,0,0,7,20.0,16.3,28.0,6.4,1,3,4,8,1,1.00,0.02,1.02,2.19,60,0,142989,0,0,4
464,FWD,216646,Yoane,Wissa,2645214,8,False,81,1,0,1,0,0,0,0,0,0,0,2,37,35.6,10.3,46.0,9.2,1,4,1,6,1,0.35,0.00,0.35,0.74,60,134869,359321,158957,24088,4
464,FWD,216646,Yoane,Wissa,2645223,1,False,90,0,0,0,2,0,0,0,1,0,0,0,7,0.0,7.3,0.0,0.7,0,3,0,3,1,0.00,0.03,0.03,1.37,61,1029731,1697200,1119139,89408,4
464,FWD,216646,Yoane,Wissa,2645230,2,False,90,0,0,0,4,0,0,0,0,0,0,0,3,2.2,21.5,12.0,3.6,2,2,1,5,1,0.16,0.00,0.16,2.08,62,319416,1925334,578506,259090,4
464,FWD,216646,Yoane,Wissa,2645242,0,False,90,0,0,0,1,0,0,1,0,0,0,0,0,8.8,5.2,20.0,3.4,2,3,0,5,1,0.84,0.01,0.85,1.59,62,124486,2094339,338910,214424,4
465,FWD,538207,William,Osula,2645203,4,False,55,0,1,0,1,0,0,0,0,0,0,0,18,28.2,13.7,8.0,5.0,2,2,1,5,1,0.06,0.14,0.20,1.48,60,0,83021,0,0,4
465,FWD,538207,William,Osula,2645214,0,False,0,0,0,0,0,0,0,0,0,0,0,0,0,0.0,0.0,0.0,0.0,0,0,0,0,0,0.00,0.00,0.00,0.00,60,-6163,90550,20344,26507,4
465,FWD,538207,William,Osula,2645223,0,False,0,0,0,0,0,0,0,0,0,0,0,0,0,0.0,0.0,0.0,0.0,0,0,0,0,0,0.00,0.00,0.00,0.00,59,-37692,51608,557,38249,4
465,FWD,538207,William,Osula,2645230,0,False,0,0,0,0,0,0,0,0,0,0,0,0,0,0.0,0.0,0.0,0.0,0,0,0,0,0,0.00,0.00,0.00,0.00,59,-12652,41129,234,12886,4
465,FWD,538207,William,Osula,2645242,0,False,0,0,0,0,0,0,0,0,0,0,0,0,0,0.0,0.0,0.0,0.0,0,0,0,0,0,0.00,0.00,0.00,0.00,59,-6475,35111,188,6663,4
466,FWD,599303,Sean,Neave,2645203,0,False,0,0,0,0,0,0,0,0,0,0,0,0,0,0.0,0.0,0.0,0.0,0,0,0,0,0,0.00,0.00,0.00,0.00,45,0,66588,0,0,4
466,FWD,599303,Sean,Neave,2645214,0,False,0,0,0,0,0,0,0,0,0,0,0,0,0,0.0,0.0,0.0,0.0,0,0,0,0,0,0.00,0.00,0.00,0.00,45,-1647,75688,6478,8125,4
466,FWD,599303,Sean,Neave,2645223,0,False,0,0,0,0,0,0,0,0,0,0,0,0,0,0.0,0.0,0.0,0.0,0,0,0,0,0,0.00,0.00,0.00,0.00,45,3928,87795,17327,13399,4
466,FWD,599303,Sean,Neave,2645230,0,False,0,0,0,0,0,0,0,0,0,0,0,0,0,0.0,0.0,0.0,0.0,0,0,0,0,0,0.00,0.00,0.00,0.00,45,-17854,66182,0,17854,4
466,FWD,599303,Sean,Neave,2645242,0,False,0,0,0,0,0,0,0,0,0,0,0,0,0,0.0,0.0,0.0,0.0,0,0,0,0,0,0.00,0.00,0.00,0.00,45,-9244,58232,0,9244,4
559,MID,632794,Aladji,Bamba,2645203,1,False,14,0,0,0,1,0,0,0,0,0,0,0,5,4.0,0.0,0.0,0.4,1,0,1,2,0,0.00,0.00,0.00,1.04,50,0,12608,0,0,4
559,MID,632794,Aladji,Bamba,2645214,0,False,0,0,0,0,0,0,0,0,0,0,0,0,0,0.0,0.0,0.0,0.0,0,0,0,0,0,0.00,0.00,0.00,0.00,50,-977,13188,690,1667,4
559,MID,632794,Aladji,Bamba,2645223,0,False,0,0,0,0,0,0,0,0,0,0,0,0,0,0.0,0.0,0.0,0.0,0,0,0,0,0,0.00,0.00,0.00,0.00,50,-1788,11930,834,2622,4
559,MID,632794,Aladji,Bamba,2645230,1,False,10,0,0,0,0,0,0,0,0,0,0,0,4,1.4,0.3,0.0,0.2,0,1,1,2,0,0.00,0.00,0.00,0.11,49,-1098,11166,539,1637,4
559,MID,632794,Aladji,Bamba,2645242,1,False,3,0,0,0,0,0,0,0,0,0,0,0,3,6.2,0.1,0.0,0.6,2,1,1,4,0,0.00,0.00,0.00,0.14,49,-781,10531,377,1158,4
567,GKP,470551,Lukás,Hornícek,2645203,1,False,90,0,0,0,2,0,0,0,1,0,5,0,12,41.2,0.0,0.0,4.1,3,5,0,0,1,0.00,0.00,0.00,2.98,50,0,55382,0,0,4
567,GKP,470551,Lukás,Hornícek,2645214,7,False,90,0,0,1,0,0,0,0,0,0,4,0,32,34.6,0.0,0.0,3.5,2,4,0,0,1,0.00,0.00,0.00,1.12,50,1279,70807,5537,4258,4
567,GKP,470551,Lukás,Hornícek,2645223,2,False,90,0,0,0,2,0,0,0,0,0,4,0,12,33.4,0.0,0.0,3.3,0,6,0,0,1,0.00,0.00,0.00,1.37,50,39154,125893,58261,19107,4
567,GKP,470551,Lukás,Hornícek,2645230,1,False,90,0,0,0,4,0,0,0,0,0,3,0,2,29.4,0.0,0.0,2.9,3,4,0,0,1,0.00,0.00,0.00,2.08,50,29466,150531,58083,28617,4
567,GKP,470551,Lukás,Hornícek,2645242,3,False,90,0,0,0,1,0,0,0,0,0,3,0,14,17.0,0.0,0.0,1.7,3,12,0,0,1,0.00,0.00,0.00,1.59,50,8198,163512,22769,14571,4
593,DEF,463726,Amar,Dedic,2645203,1,False,90,0,0,0,2,0,0,0,0,0,0,0,-1,16.4,1.2,5.0,2.3,7,2,2,9,1,0.03,0.00,0.03,2.98,45,0,20712,0,0,4
593,DEF,463726,Amar,Dedic,2645214,11,False,90,0,1,1,0,0,0,0,0,0,0,2,37,42.6,30.4,0.0,7.3,5,5,3,8,1,0.00,0.06,0.06,1.12,45,8203,36928,10359,2156,4
593,DEF,463726,Amar,Dedic,2645223,1,False,90,0,0,0,2,0,0,0,0,0,0,0,3,0.6,6.4,10.0,1.7,1,4,0,1,1,0.11,0.02,0.13,1.37,45,269442,365061,318645,49203,4
593,DEF,463726,Amar,Dedic,2645230,0,False,57,0,0,0,3,0,0,0,0,0,0,0,-3,10.4,2.7,0.0,1.3,3,4,3,6,1,0.00,0.00,0.00,1.91,45,-7549,313784,107522,115071,4
593,DEF,463726,Amar,Dedic,2645242,0,False,0,0,0,0,0,0,0,0,0,0,0,0,0,0.0,0.0,0.0,0.0,0,0,0,0,0,0.00,0.00,0.00,0.00,45,-92524,219257,11096,103620,4
609,DEF,553746,Leo,Shahar,2645203,0,False,0,0,0,0,0,0,0,0,0,0,0,0,0,0.0,0.0,0.0,0.0,0,0,0,0,0,0.00,0.00,0.00,0.00,40,0,0,0,0,4
609,DEF,553746,Leo,Shahar,2645214,0,False,0,0,0,0,0,0,0,0,0,0,0,0,0,0.0,0.0,0.0,0.0,0,0,0,0,0,0.00,0.00,0.00,0.00,40,3348,11777,3993,645,4
609,DEF,553746,Leo,Shahar,2645223,0,False,0,0,0,0,0,0,0,0,0,0,0,0,0,0.0,0.0,0.0,0.0,0,0,0,0,0,0.00,0.00,0.00,0.00,40,7555,31239,10871,3316,4
609,DEF,553746,Leo,Shahar,2645230,0,False,0,0,0,0,0,0,0,0,0,0,0,0,0,0.0,0.0,0.0,0.0,0,0,0,0,0,0.00,0.00,0.00,0.00,40,-1044,26576,3372,4416,4
609,DEF,553746,Leo,Shahar,2645242,0,False,0,0,0,0,0,0,0,0,0,0,0,0,0,0.0,0.0,0.0,0.0,0,0,0,0,0,0.00,0.00,0.00,0.00,40,-5521,20140,0,5521,4
634,FWD,613221,Matias,Fernandez-Pardo,2645223,1,False,27,0,0,0,0,0,0,0,0,0,0,0,4,0.0,0.8,6.0,0.7,0,1,0,1,0,0.00,0.00,0.00,0.04,60,4798,5694,5384,586,4
634,FWD,613221,Matias,Fernandez-Pardo,2645230,1,False,57,0,0,0,3,0,0,0,0,0,0,0,5,2.2,10.9,4.0,1.7,0,1,1,2,1,0.00,0.01,0.01,1.91,60,4168,10646,6117,1949,4
634,FWD,613221,Matias,Fernandez-Pardo,2645242,2,False,73,0,0,0,1,0,0,0,0,0,0,0,7,1.2,0.8,5.0,0.7,0,1,1,2,1,0.05,0.00,0.05,0.99,60,1205,12360,3570,2365,4
659,MID,665243,Mason,Miley,2645230,0,False,0,0,0,0,0,0,0,0,0,0,0,0,0,0.0,0.0,0.0,0.0,0,0,0,0,0,0.00,0.00,0.00,0.00,45,0,0,0,0,4
659,MID,665243,Mason,Miley,2645242,0,False,0,0,0,0,0,0,0,0,0,0,0,0,0,0.0,0.0,0.0,0.0,0,0,0,0,0,0.00,0.00,0.00,0.00,45,2836,4509,3438,602,4
663,DEF,578512,Miodrag,Pivas,2645242,0,False,0,0,0,0,0,0,0,0,0,0,0,0,0,0.0,0.0,0.0,0.0,0,0,0,0,0,0.00,0.00,0.00,0.00,40,0,0,0,0,4
664,FWD,601767,Vakhtang,Salia,2645242,0,False,0,0,0,0,0,0,0,0,0,0,0,0,0,0.0,0.0,0.0,0.0,0,0,0,0,0,0.00,0.00,0.00,0.00,45,0,0,0,0,4
665,MID,655585,Michael,Mills,2645242,0,False,0,0,0,0,0,0,0,0,0,0,0,0,0,0.0,0.0,0.0,0.0,0,0,0,0,0,0.00,0.00,0.00,0.00,45,0,0,0,0,4
666,MID,671875,Kyran,Thompson,2645242,0,False,0,0,0,0,0,0,0,0,0,0,0,0,0,0.0,0.0,0.0,0.0,0,0,0,0,0,0.00,0.00,0.00,0.00,45,0,0,0,0,4
167,FWD,463034,Liam,Delap,2645204,0,False,0,0,0,0,0,0,0,0,0,0,0,0,0,0.0,0.0,0.0,0.0,0,0,0,0,0,0.00,0.00,0.00,0.00,55,0,40156,0,0,17
167,FWD,463034,Liam,Delap,2645211,1,False,24,0,0,0,1,0,0,0,0,0,0,0,9,4.0,10.1,7.0,2.1,0,0,0,0,0,0.07,0.00,0.07,0.33,55,175,48067,7740,7565,17
167,FWD,463034,Liam,Delap,2645224,2,False,73,0,0,1,0,0,0,0,0,0,0,0,6,2.4,20.8,5.0,2.8,2,3,0,5,1,0.06,0.06,0.12,0.89,55,24969,83350,36946,11977,17
167,FWD,463034,Liam,Delap,2645226,5,False,90,1,0,0,1,0,0,0,1,0,0,0,25,28.6,12.6,38.0,7.9,1,2,1,4,1,0.63,0.08,0.71,0.73,55,7672,93051,20097,12425,17
167,FWD,463034,Liam,Delap,2645243,1,False,90,0,0,0,1,0,0,0,1,0,0,0,9,5.0,25.1,21.0,5.1,2,5,1,8,1,0.13,0.21,0.34,0.67,55,200788,344489,222393,21605,17
201,DEF,247348,Daniel,Muñoz Mejía,2645197,0,False,54,0,0,0,2,0,0,0,0,0,0,0,-4,1.2,1.8,21.0,2.4,3,1,1,4,1,0.23,0.01,0.24,0.84,55,0,873015,0,0,17
201,DEF,247348,Daniel,Muñoz Mejía,2645209,0,False,0,0,0,0,0,0,0,0,0,0,0,0,0,0.0,0.0,0.0,0.0,0,0,0,0,0,0.00,0.00,0.00,0.00,55,-109781,815530,15645,125426,17
201,DEF,247348,Daniel,Muñoz Mejía,2645224,1,False,31,0,0,0,0,0,0,0,0,0,0,0,5,2.4,0.8,4.0,0.7,0,0,1,1,0,0.03,0.00,0.03,0.26,54,-158458,658550,23260,181718,17
201,DEF,247348,Daniel,Muñoz Mejía,2645226,2,False,90,0,0,0,1,0,0,0,0,0,0,0,23,31.6,55.9,39.0,12.7,3,4,4,7,1,0.22,0.18,0.40,0.82,54,-83474,588016,11222,94696,17
201,DEF,247348,Daniel,Muñoz Mejía,2645243,2,False,82,0,0,0,1,0,0,0,0,0,0,0,5,4.0,3.8,15.0,2.3,2,3,1,3,1,0.12,0.02,0.14,0.67,54,48095,706118,100431,52336,17
467,GKP,85633,Matz,Sels,2645200,2,False,90,0,0,0,1,0,0,0,0,0,2,0,11,14.2,0.0,0.0,1.4,0,9,0,0,1,0.00,0.00,0.00,0.47,50,0,140711,0,0,17
467,GKP,85633,Matz,Sels,2645211,1,False,90,0,0,0,2,0,0,0,0,0,2,0,6,16.6,0.0,0.0,1.7,3,6,0,0,1,0.00,0.01,0.01,1.75,50,-8396,148147,3350,11746,17
467,GKP,85633,Matz,Sels,2645224,6,False,90,0,0,1,0,0,0,0,0,0,0,0,21,2.4,0.0,0.0,0.2,1,11,0,0,1,0.00,0.00,0.00,1.06,50,-9819,143042,8404,18223,17
467,GKP,85633,Matz,Sels,2645226,3,False,90,0,0,0,1,0,0,0,0,0,5,0,19,35.0,0.0,0.0,3.5,2,11,0,0,1,0.00,0.00,0.00,0.82,50,2211,147158,15113,12902,17
467,GKP,85633,Matz,Sels,2645243,2,False,90,0,0,0,1,0,0,0,0,0,2,0,10,13.8,0.0,0.0,1.4,0,9,0,0,1,0.00,0.00,0.00,0.67,50,26195,207232,39386,13191,17
468,GKP,221389,John Victor,Maciel Furtado,2645200,0,False,0,0,0,0,0,0,0,0,0,0,0,0,0,0.0,0.0,0.0,0.0,0,0,0,0,0,0.00,0.00,0.00,0.00,45,0,5970,0,0,17
468,GKP,221389,John Victor,Maciel Furtado,2645211,0,False,0,0,0,0,0,0,0,0,0,0,0,0,0,0.0,0.0,0.0,0.0,0,0,0,0,0,0.00,0.00,0.00,0.00,45,-288,6338,178,466,17
468,GKP,221389,John Victor,Maciel Furtado,2645224,0,False,0,0,0,0,0,0,0,0,0,0,0,0,0,0.0,0.0,0.0,0.0,0,0,0,0,0,0.00,0.00,0.00,0.00,45,-392,6270,259,651,17
468,GKP,221389,John Victor,Maciel Furtado,2645226,0,False,0,0,0,0,0,0,0,0,0,0,0,0,0,0.0,0.0,0.0,0.0,0,0,0,0,0,0.00,0.00,0.00,0.00,45,-238,6251,173,411,17
468,GKP,221389,John Victor,Maciel Furtado,2645243,0,False,0,0,0,0,0,0,0,0,0,0,0,0,0,0.0,0.0,0.0,0.0,0,0,0,0,0,0.00,0.00,0.00,0.00,45,-135,6278,197,332,17
469,DEF,215136,Neco,Williams,2645200,2,False,90,0,0,0,1,0,0,0,0,0,0,0,13,15.2,5.8,6.0,2.7,3,10,3,6,1,0.00,0.02,0.02,0.47,50,0,924685,0,0,17
469,DEF,215136,Neco,Williams,2645211,6,False,90,0,1,0,2,0,0,0,0,0,0,0,16,34.4,25.3,6.0,6.6,6,1,6,12,1,0.12,0.15,0.27,1.75,50,-67984,880209,14150,82134,17
469,DEF,215136,Neco,Williams,2645224,7,False,90,0,0,1,0,0,0,0,0,0,0,1,28,11.4,10.9,4.0,2.6,3,8,3,6,1,0.00,0.07,0.07,1.06,50,-35180,851007,53518,88698,17
469,DEF,215136,Neco,Williams,2645226,2,False,90,0,0,0,1,0,0,0,0,0,0,0,9,8.8,19.9,10.0,3.9,2,1,1,3,1,0.20,0.16,0.36,0.82,50,7392,864022,91886,84494,17
469,DEF,215136,Neco,Williams,2645243,2,False,90,0,0,0,1,0,0,0,0,0,0,0,19,20.6,61.8,16.0,9.8,1,8,1,2,1,0.09,0.21,0.30,0.67,50,105000,1063643,154932,49932,17
470,DEF,485047,Felipe,Rodrigues da Silva,2645200,0,False,0,0,0,0,0,0,0,0,0,0,0,0,0,0.0,0.0,0.0,0.0,0,0,0,0,0,0.00,0.00,0.00,0.00,50,0,4345,0,0,17
470,DEF,485047,Felipe,Rodrigues da Silva,2645211,0,False,0,0,0,0,0,0,0,0,0,0,0,0,0,0.0,0.0,0.0,0.0,0,0,0,0,0,0.00,0.00,0.00,0.00,50,-437,4633,230,667,17
470,DEF,485047,Felipe,Rodrigues da Silva,2645224,0,False,0,0,0,0,0,0,0,0,0,0,0,0,0,0.0,0.0,0.0,0.0,0,0,0,0,0,0.00,0.00,0.00,0.00,50,-1172,3599,194,1366,17
470,DEF,485047,Felipe,Rodrigues da Silva,2645226,0,False,0,0,0,0,0,0,0,0,0,0,0,0,0,0.0,0.0,0.0,0.0,0,0,0,0,0,0.00,0.00,0.00,0.00,50,-1122,2529,0,1122,17
470,DEF,485047,Felipe,Rodrigues da Silva,2645243,0,False,0,0,0,0,0,0,0,0,0,0,0,0,0,0.0,0.0,0.0,0.0,0,0,0,0,0,0.00,0.00,0.00,0.00,50,-425,2127,0,425,17
471,DEF,227444,Nikola,Milenković,2645200,2,False,90,0,0,0,1,0,0,0,0,0,0,0,4,7.6,0.6,14.0,2.2,7,6,0,7,1,0.11,0.02,0.13,0.47,55,0,173511,0,0,17
471,DEF,227444,Nikola,Milenković,2645211,3,False,90,0,0,0,2,0,0,0,0,0,0,0,3,17.0,0.0,0.0,1.7,10,3,3,13,1,0.00,0.00,0.00,1.75,55,-14450,176049,2591,17041,17
471,DEF,227444,Nikola,Milenković,2645224,7,False,90,0,0,1,0,0,0,0,1,0,0,0,27,28.6,0.8,2.0,3.1,9,3,2,11,1,0.00,0.01,0.01,1.06,55,-12221,168090,5627,17848,17
471,DEF,227444,Nikola,Milenković,2645226,0,False,0,0,0,0,0,0,0,0,0,0,0,0,0,0.0,0.0,0.0,0.0,0,0,0,0,0,0.00,0.00,0.00,0.00,55,-346,171183,9458,9804,17
471,DEF,227444,Nikola,Milenković,2645243,0,False,0,0,0,0,0,0,0,0,0,0,0,0,0,0.0,0.0,0.0,0.0,0,0,0,0,0,0.00,0.00,0.00,0.00,55,-50208,119506,256,50464,17
472,DEF,575476,Murillo,Costa dos Santos,2645200,4,False,90,0,0,0,1,0,0,0,0,0,0,0,15,32.2,25.9,0.0,5.8,12,3,2,14,1,0.00,0.28,0.28,0.47,55,0,134909,0,0,17
472,DEF,575476,Murillo,Costa dos Santos,2645211,1,False,90,0,0,0,2,0,0,0,0,0,0,0,2,11.2,0.3,8.0,2.0,6,3,0,6,1,0.18,0.00,0.18,1.75,55,-3257,162661,8580,11837,17
472,DEF,575476,Murillo,Costa dos Santos,2645224,8,False,89,0,0,1,0,0,0,0,0,0,0,0,25,17.8,1.2,10.0,2.9,6,4,4,10,1,0.17,0.00,0.17,1.06,55,-10492,160118,9660,20152,17
472,DEF,575476,Murillo,Costa dos Santos,2645226,6,False,90,0,1,0,1,0,0,0,1,0,0,0,18,33.0,10.9,0.0,4.4,10,6,2,12,1,0.00,0.01,0.01,0.82,55,5868,172739,15727,9859,17
472,DEF,575476,Murillo,Costa dos Santos,2645243,4,False,90,0,0,0,1,0,0,0,0,0,0,0,16,30.0,24.3,9.0,6.3,10,2,1,11,1,0.07,0.08,0.15,0.67,55,50117,260474,61530,11413,17
473,DEF,159506,Ola,Aina,2645200,5,False,73,0,0,1,0,0,0,0,1,0,0,0,24,16.0,35.6,11.0,6.3,2,4,0,2,1,0.04,0.17,0.21,0.34,45,0,328883,0,0,17
473,DEF,159506,Ola,Aina,2645211,0,False,85,0,0,0,2,0,0,0,1,0,0,0,2,11.8,15.5,4.0,3.1,3,4,2,5,1,0.00,0.35,0.35,1.75,45,-5067,345943,17770,22837,17
473,DEF,159506,Ola,Aina,2645224,1,False,58,0,0,0,0,0,0,0,0,0,0,0,8,13.0,0.5,0.0,1.4,2,4,5,7,1,0.00,0.00,0.00,0.81,45,-30402,313105,20608,51010,17
473,DEF,159506,Ola,Aina,2645226,2,False,90,0,0,0,1,0,0,0,0,0,0,0,11,17.4,1.7,0.0,1.9,5,2,3,8,1,0.00,0.01,0.01,0.82,45,-43006,273323,8317,51323,17
473,DEF,159506,Ola,Aina,2645243,0,False,0,0,0,0,0,0,0,0,0,0,0,0,0,0.0,0.0,0.0,0.0,0,0,0,0,0,0.00,0.00,0.00,0.00,45,-3199,278049,21418,24617,17
474,DEF,575458,Jair,Paula da Cunha Filho,2645200,1,False,90,0,0,0,1,0,0,0,1,0,0,0,5,20.8,1.3,0.0,2.2,7,0,1,8,1,0.00,0.00,0.00,0.47,45,0,19663,0,0,17
474,DEF,575458,Jair,Paula da Cunha Filho,2645211,1,False,90,0,0,0,2,0,0,0,0,0,0,0,6,14.6,0.4,0.0,1.5,6,3,2,8,1,0.00,0.00,0.00,1.75,45,-1300,21029,259,1559,17
474,DEF,575458,Jair,Paula da Cunha Filho,2645224,8,False,90,0,0,1,0,0,0,0,0,0,0,0,24,20.0,0.7,1.0,2.2,10,2,2,12,1,0.03,0.01,0.04,1.06,45,-1070,20256,924,1994,17
474,DEF,575458,Jair,Paula da Cunha Filho,2645226,0,False,0,0,0,0,0,0,0,0,0,0,0,0,0,0.0,0.0,0.0,0.0,0,0,0,0,0,0.00,0.00,0.00,0.00,45,3885,24942,8098,4213,17
474,DEF,575458,Jair,Paula da Cunha Filho,2645243,1,False,90,0,0,0,1,0,0,0,1,0,0,0,5,14.2,11.8,1.0,2.7,6,3,2,8,1,0.02,0.01,0.03,0.67,45,-4535,19913,225,4760,17
475,DEF,500151,Nicolò,Savona,2645200,0,False,0,0,0,0,0,0,0,0,0,0,0,0,0,0.0,0.0,0.0,0.0,0,0,0,0,0,0.00,0.00,0.00,0.00,45,0,209,0,0,17
475,DEF,500151,Nicolò,Savona,2645211,0,False,0,0,0,0,0,0,0,0,0,0,0,0,0,0.0,0.0,0.0,0.0,0,0,0,0,0,0.00,0.00,0.00,0.00,45,65,304,113,48,17
475,DEF,500151,Nicolò,Savona,2645224,0,False,0,0,0,0,0,0,0,0,0,0,0,0,0,0.0,0.0,0.0,0.0,0,0,0,0,0,0.00,0.00,0.00,0.00,45,-97,221,34,131,17
475,DEF,500151,Nicolò,Savona,2645226,0,False,0,0,0,0,0,0,0,0,0,0,0,0,0,0.0,0.0,0.0,0.0,0,0,0,0,0,0.00,0.00,0.00,0.00,45,16,263,56,40,17
475,DEF,500151,Nicolò,Savona,2645243,0,False,0,0,0,0,0,0,0,0,0,0,0,0,0,0.0,0.0,0.0,0.0,0,0,0,0,0,0.00,0.00,0.00,0.00,45,-22,237,17,39,17
476,DEF,204822,Omar,Richards,2645200,0,False,0,0,0,0,0,0,0,0,0,0,0,0,0,0.0,0.0,0.0,0.0,0,0,0,0,0,0.00,0.00,0.00,0.00,40,0,23191,0,0,17
476,DEF,204822,Omar,Richards,2645211,0,False,0,0,0,0,0,0,0,0,0,0,0,0,0,0.0,0.0,0.0,0.0,0,0,0,0,0,0.00,0.00,0.00,0.00,40,-1513,23167,495,2008,17
476,DEF,204822,Omar,Richards,2645224,0,False,0,0,0,0,0,0,0,0,0,0,0,0,0,0.0,0.0,0.0,0.0,0,0,0,0,0,0.00,0.00,0.00,0.00,40,-858,23523,1258,2116,17
476,DEF,204822,Omar,Richards,2645226,0,False,0,0,0,0,0,0,0,0,0,0,0,0,0,0.0,0.0,0.0,0.0,0,0,0,0,0,0.00,0.00,0.00,0.00,40,-831,23161,925,1756,17
476,DEF,204822,Omar,Richards,2645243,0,False,0,0,0,0,0,0,0,0,0,0,0,0,0,0.0,0.0,0.0,0.0,0,0,0,0,0,0.00,0.00,0.00,0.00,40,-649,22848,1022,1671,17
477,DEF,549067,Zach,Abbott,2645200,0,False,0,0,0,0,0,0,0,0,0,0,0,0,0,0.0,0.0,0.0,0.0,0,0,0,0,0,0.00,0.00,0.00,0.00,40,0,23851,0,0,17
477,DEF,549067,Zach,Abbott,2645211,0,False,0,0,0,0,0,0,0,0,0,0,0,0,0,0.0,0.0,0.0,0.0,0,0,0,0,0,0.00,0.00,0.00,0.00,40,-1227,24822,996,2223,17
477,DEF,549067,Zach,Abbott,2645224,0,False,0,0,0,0,0,0,0,0,0,0,0,0,0,0.0,0.0,0.0,0.0,0,0,0,0,0,0.00,0.00,0.00,0.00,40,-2802,22912,1463,4265,17
477,DEF,549067,Zach,Abbott,2645226,0,False,0,0,0,0,0,0,0,0,0,0,0,0,0,0.0,0.0,0.0,0.0,0,0,0,0,0,0.00,0.00,0.00,0.00,40,-4322,18185,0,4322,17
477,DEF,549067,Zach,Abbott,2645243,0,False,0,0,0,0,0,0,0,0,0,0,0,0,0,0.0,0.0,0.0,0.0,0,0,0,0,0,0.00,0.00,0.00,0.00,40,-2263,16093,0,2263,17
478,DEF,470315,Luca,Netz,2645200,1,False,16,0,0,0,1,0,0,0,0,0,0,0,-2,0.0,0.9,0.0,0.1,0,1,0,0,0,0.00,0.00,0.00,0.13,45,0,2322,0,0,17
478,DEF,470315,Luca,Netz,2645211,1,False,4,0,0,0,0,0,0,0,0,0,0,0,5,2.0,0.0,0.0,0.2,0,0,1,1,0,0.00,0.00,0.00,0.00,45,-176,3516,112,288,17
478,DEF,470315,Luca,Netz,2645224,0,False,0,0,0,0,0,0,0,0,0,0,0,0,0,0.0,0.0,0.0,0.0,0,0,0,0,0,0.00,0.00,0.00,0.00,45,-304,3401,168,472,17
478,DEF,470315,Luca,Netz,2645226,0,False,0,0,0,0,0,0,0,0,0,0,0,0,0,0.0,0.0,0.0,0.0,0,0,0,0,0,0.00,0.00,0.00,0.00,45,-264,3279,104,368,17
478,DEF,470315,Luca,Netz,2645243,1,False,7,0,0,0,0,0,0,0,0,0,0,0,5,4.0,16.6,2.0,2.3,0,0,0,0,0,0.00,0.02,0.02,0.00,44,-97,3276,246,343,17
479,DEF,538638,Tyler,Bindon,2645200,0,False,0,0,0,0,0,0,0,0,0,0,0,0,0,0.0,0.0,0.0,0.0,0,0,0,0,0,0.00,0.00,0.00,0.00,40,0,18342,0,0,17
479,DEF,538638,Tyler,Bindon,2645211,0,False,0,0,0,0,0,0,0,0,0,0,0,0,0,0.0,0.0,0.0,0.0,0,0,0,0,0,0.00,0.00,0.00,0.00,40,-1052,18138,365,1417,17
479,DEF,538638,Tyler,Bindon,2645224,0,False,0,0,0,0,0,0,0,0,0,0,0,0,0,0.0,0.0,0.0,0.0,0,0,0,0,0,0.00,0.00,0.00,0.00,40,-2507,15742,434,2941,17
479,DEF,538638,Tyler,Bindon,2645226,0,False,0,0,0,0,0,0,0,0,0,0,0,0,0,0.0,0.0,0.0,0.0,0,0,0,0,0,0.00,0.00,0.00,0.00,40,-2375,13436,0,2375,17
479,DEF,538638,Tyler,Bindon,2645243,0,False,0,0,0,0,0,0,0,0,0,0,0,0,0,0.0,0.0,0.0,0.0,0,0,0,0,0,0.00,0.00,0.00,0.00,40,-1397,12104,0,1397,17
480,MID,222531,Morgan,Gibbs-White,2645200,2,False,90,0,0,0,1,0,0,0,0,0,0,0,10,0.0,9.3,16.0,2.4,1,2,0,3,1,0.13,0.06,0.19,0.47,80,0,1039647,0,0,17
480,MID,222531,Morgan,Gibbs-White,2645211,13,False,90,1,1,0,2,0,0,0,0,0,0,3,36,56.4,12.5,17.0,8.6,1,2,2,5,1,0.79,0.04,0.83,1.75,80,-274313,815842,8780,283093,17
480,MID,222531,Morgan,Gibbs-White,2645224,3,False,90,0,0,1,0,0,0,0,0,0,0,0,3,5.6,3.0,13.0,2.2,0,5,2,7,1,0.48,0.01,0.49,1.06,79,102526,1065969,215196,112670,17
480,MID,222531,Morgan,Gibbs-White,2645226,8,False,90,0,1,0,1,0,0,0,0,0,0,3,42,39.0,98.5,26.0,16.4,0,3,1,4,1,0.16,0.91,1.07,0.82,79,26861,1011180,175102,148241,17
480,MID,222531,Morgan,Gibbs-White,2645243,2,False,90,0,0,0,1,0,0,0,0,0,0,0,25,22.4,81.4,6.0,11.0,0,2,0,2,1,0.00,0.40,0.40,0.67,80,705914,1912107,744604,38690,17
482,MID,209046,Callum,Hudson-Odoi,2645200,0,False,0,0,0,0,0,0,0,0,0,0,0,0,0,0.0,0.0,0.0,0.0,0,0,0,0,0,0.00,0.00,0.00,0.00,60,0,23579,0,0,17
482,MID,209046,Callum,Hudson-Odoi,2645211,1,False,1,0,0,0,0,0,0,0,0,0,0,0,2,0.0,0.3,0.0,0.0,0,0,0,0,0,0.00,0.00,0.00,0.00,60,-4758,21667,726,5484,17
482,MID,209046,Callum,Hudson-Odoi,2645224,0,False,0,0,0,0,0,0,0,0,0,0,0,0,0,0.0,0.0,0.0,0.0,0,0,0,0,0,0.00,0.00,0.00,0.00,59,-3315,19189,1609,4924,17
482,MID,209046,Callum,Hudson-Odoi,2645226,0,False,0,0,0,0,0,0,0,0,0,0,0,0,0,0.0,0.0,0.0,0.0,0,0,0,0,0,0.00,0.00,0.00,0.00,59,-2586,17097,774,3360,17
482,MID,209046,Callum,Hudson-Odoi,2645243,0,False,0,0,0,0,0,0,0,0,0,0,0,0,0,0.0,0.0,0.0,0.0,0,0,0,0,0,0.00,0.00,0.00,0.00,58,-730,16903,1902,2632,17
483,MID,456512,Dan,Ndoye,2645200,3,False,61,0,0,1,0,0,0,0,0,0,0,0,5,1.4,2.5,0.0,0.4,1,1,1,3,1,0.00,0.00,0.00,0.25,55,0,39539,0,0,17
483,MID,456512,Dan,Ndoye,2645211,9,False,65,1,0,0,1,0,0,0,0,0,0,2,30,35.8,23.0,36.0,9.5,1,8,0,9,1,0.35,0.63,0.98,1.42,55,-3771,39501,1491,5262,17
483,MID,456512,Dan,Ndoye,2645224,1,False,58,0,0,0,0,0,0,0,0,0,0,0,5,0.4,0.3,0.0,0.1,0,4,1,5,1,0.00,0.00,0.00,0.81,55,22451,73790,33732,11281,17
483,MID,456512,Dan,Ndoye,2645226,1,False,74,0,0,0,1,0,0,0,1,0,0,0,1,0.0,12.5,38.0,4.7,0,2,0,2,1,0.70,0.25,0.95,0.73,55,-3202,67800,9828,13030,17
483,MID,456512,Dan,Ndoye,2645243,1,False,58,0,0,0,1,0,0,0,0,0,0,0,3,1.4,25.3,16.0,4.3,1,0,0,1,1,0.20,0.05,0.25,0.63,55,14955,87185,26545,11590,17
484,MID,503301,Omari,Hutchinson,2645200,0,False,0,0,0,0,0,0,0,0,0,0,0,0,0,0.0,0.0,0.0,0.0,0,0,0,0,0,0.00,0.00,0.00,0.00,55,0,15797,0,0,17
484,MID,503301,Omari,Hutchinson,2645211,0,False,0,0,0,0,0,0,0,0,0,0,0,0,0,0.0,0.0,0.0,0.0,0,0,0,0,0,0.00,0.00,0.00,0.00,55,-2032,15837,214,2246,17
484,MID,503301,Omari,Hutchinson,2645224,0,False,0,0,0,0,0,0,0,0,0,0,0,0,0,0.0,0.0,0.0,0.0,0,0,0,0,0,0.00,0.00,0.00,0.00,54,-4400,11458,213,4613,17
484,MID,503301,Omari,Hutchinson,2645226,0,False,0,0,0,0,0,0,0,0,0,0,0,0,0,0.0,0.0,0.0,0.0,0,0,0,0,0,0.00,0.00,0.00,0.00,54,-2676,8921,0,2676,17
484,MID,503301,Omari,Hutchinson,2645243,0,False,0,0,0,0,0,0,0,0,0,0,0,0,0,0.0,0.0,0.0,0.0,0,0,0,0,0,0.00,0.00,0.00,0.00,54,-1093,7897,0,1093,17
485,MID,476887,Dilane,Bakwa,2645200,0,False,0,0,0,0,0,0,0,0,0,0,0,0,0,0.0,0.0,0.0,0.0,0,0,0,0,0,0.00,0.00,0.00,0.00,55,0,1373,0,0,17
485,MID,476887,Dilane,Bakwa,2645211,0,False,0,0,0,0,0,0,0,0,0,0,0,0,0,0.0,0.0,0.0,0.0,0,0,0,0,0,0.00,0.00,0.00,0.00,55,-298,1297,107,405,17
485,MID,476887,Dilane,Bakwa,2645224,0,False,0,0,0,0,0,0,0,0,0,0,0,0,0,0.0,0.0,0.0,0.0,0,0,0,0,0,0.00,0.00,0.00,0.00,55,-532,761,0,532,17
485,MID,476887,Dilane,Bakwa,2645226,0,False,0,0,0,0,0,0,0,0,0,0,0,0,0,0.0,0.0,0.0,0.0,0,0,0,0,0,0.00,0.00,0.00,0.00,55,-145,638,0,145,17
485,MID,476887,Dilane,Bakwa,2645243,0,False,0,0,0,0,0,0,0,0,0,0,0,0,0,0.0,0.0,0.0,0.0,0,0,0,0,0,0.00,0.00,0.00,0.00,55,-60,579,0,60,17
486,MID,432714,James,McAtee,2645200,3,False,73,0,0,1,0,0,0,0,0,0,0,0,18,11.6,42.5,0.0,5.4,2,5,1,8,1,0.00,0.16,0.16,0.34,55,0,3147,0,0,17
486,MID,432714,James,McAtee,2645211,2,False,90,0,0,0,2,0,0,0,0,0,0,0,16,8.2,18.5,0.0,2.7,2,5,1,8,1,0.00,0.16,0.16,1.75,55,199,5218,674,475,17
486,MID,432714,James,McAtee,2645224,2,False,90,0,0,1,0,0,0,0,1,0,0,0,22,14.2,59.5,10.0,8.4,0,4,3,7,1,0.13,0.22,0.35,1.06,55,1865,8416,3393,1528,17
486,MID,432714,James,McAtee,2645226,3,False,81,0,0,0,1,0,0,0,1,0,0,0,18,14.8,27.3,10.0,5.2,4,5,3,12,1,0.03,0.38,0.41,0.73,55,546,9321,1956,1410,17
486,MID,432714,James,McAtee,2645243,2,False,82,0,0,0,1,0,0,0,0,0,0,0,17,13.6,27.0,18.0,5.9,1,2,1,4,1,0.21,0.04,0.25,0.67,55,1989,11916,3622,1633,17
487,MID,250199,Nicolás,Domínguez,2645200,0,False,0,0,0,0,0,0,0,0,0,0,0,0,0,0.0,0.0,0.0,0.0,0,0,0,0,0,0.00,0.00,0.00,0.00,50,0,7576,0,0,17
487,MID,250199,Nicolás,Domínguez,2645211,1,False,1,0,0,0,0,0,0,0,0,0,0,0,3,0.2,0.0,0.0,0.0,0,0,0,0,0,0.00,0.00,0.00,0.00,50,-848,7613,214,1062,17
487,MID,250199,Nicolás,Domínguez,2645224,0,False,0,0,0,0,0,0,0,0,0,0,0,0,0,0.0,0.0,0.0,0.0,0,0,0,0,0,0.00,0.00,0.00,0.00,50,-788,7052,358,1146,17
487,MID,250199,Nicolás,Domínguez,2645226,0,False,0,0,0,0,0,0,0,0,0,0,0,0,0,0.0,0.0,0.0,0.0,0,0,0,0,0,0.00,0.00,0.00,0.00,49,-569,6666,312,881,17
487,MID,250199,Nicolás,Domínguez,2645243,0,False,0,0,0,0,0,0,0,0,0,0,0,0,0,0.0,0.0,0.0,0.0,0,0,0,0,0,0.00,0.00,0.00,0.00,49,-459,6327,254,713,17
488,MID,210462,Ibrahim,Sangaré,2645200,2,False,90,0,0,0,1,0,0,0,0,0,0,0,10,17.8,13.0,3.0,3.4,3,3,0,6,1,0.03,0.01,0.04,0.47,50,0,100536,0,0,17
488,MID,210462,Ibrahim,Sangaré,2645211,0,False,0,0,0,0,0,0,0,0,0,0,0,0,0,0.0,0.0,0.0,0.0,0,0,0,0,0,0.00,0.00,0.00,0.00,50,-15127,88298,2850,17977,17
488,MID,210462,Ibrahim,Sangaré,2645224,0,False,0,0,0,0,0,0,0,0,0,0,0,0,0,0.0,0.0,0.0,0.0,0,0,0,0,0,0.00,0.00,0.00,0.00,49,-26662,60777,1817,28479,17
488,MID,210462,Ibrahim,Sangaré,2645226,1,False,8,0,0,0,0,0,0,0,0,0,0,0,2,2.4,0.4,2.0,0.5,1,0,1,2,0,0.06,0.01,0.07,0.09,49,-9453,52561,2665,12118,17
488,MID,210462,Ibrahim,Sangaré,2645243,1,False,7,0,0,0,0,0,0,0,0,0,0,0,3,1.4,0.3,0.0,0.2,0,0,0,0,0,0.00,0.00,0.00,0.00,49,-5438,48314,1567,7005,17
489,MID,204968,Ryan,Yates,2645200,0,False,0,0,0,0,0,0,0,0,0,0,0,0,0,0.0,0.0,0.0,0.0,0,0,0,0,0,0.00,0.00,0.00,0.00,45,0,177323,0,0,17
489,MID,204968,Ryan,Yates,2645211,0,False,0,0,0,0,0,0,0,0,0,0,0,0,0,0.0,0.0,0.0,0.0,0,0,0,0,0,0.00,0.00,0.00,0.00,45,-35340,142945,1743,37083,17
489,MID,204968,Ryan,Yates,2645224,0,False,0,0,0,0,0,0,0,0,0,0,0,0,0,0.0,0.0,0.0,0.0,0,0,0,0,0,0.00,0.00,0.00,0.00,45,-864,152628,17319,18183,17
489,MID,204968,Ryan,Yates,2645226,0,False,0,0,0,0,0,0,0,0,0,0,0,0,0,0.0,0.0,0.0,0.0,0,0,0,0,0,0.00,0.00,0.00,0.00,45,-8348,144588,7645,15993,17
489,MID,204968,Ryan,Yates,2645243,0,False,0,0,0,0,0,0,0,0,0,0,0,0,0,0.0,0.0,0.0,0.0,0,0,0,0,0,0.00,0.00,0.00,0.00,45,-12157,132416,2939,15096,17
490,FWD,60689,Chris,Wood,2645200,1,False,28,0,0,0,1,0,0,0,0,0,0,0,3,0.0,2.4,3.0,0.4,0,1,0,1,0,0.12,0.01,0.13,0.22,60,0,159951,0,0,17
490,FWD,60689,Chris,Wood,2645211,0,False,0,0,0,0,0,0,0,0,0,0,0,0,0,0.0,0.0,0.0,0.0,0,0,0,0,0,0.00,0.00,0.00,0.00,60,-24782,152998,4569,29351,17
490,FWD,60689,Chris,Wood,2645224,1,False,16,0,0,0,0,0,0,0,0,0,0,0,3,0.2,0.1,0.0,0.0,0,0,0,0,0,0.00,0.00,0.00,0.18,59,-35128,121647,7780,42908,17
490,FWD,60689,Chris,Wood,2645226,1,False,1,0,0,0,0,0,0,0,0,0,0,0,3,0.0,0.0,0.0,0.0,0,0,0,0,0,0.00,0.00,0.00,0.09,59,-17430,108335,4564,21994,17
490,FWD,60689,Chris,Wood,2645243,1,False,17,0,0,0,0,0,0,0,0,0,0,0,4,1.0,2.3,0.0,0.3,0,0,0,0,0,0.00,0.00,0.00,0.04,58,-9928,100797,5666,15594,17
491,FWD,482973,Igor Jesus,Maciel da Cruz,2645200,2,False,90,0,0,0,1,0,0,0,0,0,0,0,8,5.2,6.8,31.0,4.3,2,1,0,3,1,0.22,0.02,0.24,0.47,60,0,389784,0,0,17
491,FWD,482973,Igor Jesus,Maciel da Cruz,2645211,1,False,90,0,0,0,2,0,0,0,1,0,0,0,4,8.6,13.3,38.0,6.0,3,1,1,5,1,0.74,0.04,0.78,1.75,60,-48313,361702,10237,58550,17
491,FWD,482973,Igor Jesus,Maciel da Cruz,2645224,1,False,31,0,0,0,0,0,0,0,0,0,0,0,3,1.2,0.4,0.0,0.2,0,0,1,1,0,0.00,0.00,0.00,0.26,59,-56312,307784,25411,81723,17
491,FWD,482973,Igor Jesus,Maciel da Cruz,2645226,7,False,15,1,0,0,0,0,0,0,0,0,0,2,34,36.4,11.0,17.0,6.4,0,3,0,3,0,0.13,0.01,0.14,0.09,59,-61409,253573,12811,74220,17
491,FWD,482973,Igor Jesus,Maciel da Cruz,2645243,1,False,31,0,0,0,0,0,0,0,0,0,0,0,4,3.4,9.2,14.0,2.7,0,3,0,3,0,0.16,0.01,0.17,0.04,58,37689,310521,70541,32852,17
493,FWD,465680,Arnaud,Kalimuendo,2645200,1,False,1,0,0,0,0,0,0,0,0,0,0,0,3,0.0,0.0,0.0,0.0,0,0,0,0,0,0.00,0.00,0.00,0.00,55,0,4138,0,0,17
493,FWD,465680,Arnaud,Kalimuendo,2645211,0,False,0,0,0,0,0,0,0,0,0,0,0,0,0,0.0,0.0,0.0,0.0,0,0,0,0,0,0.00,0.00,0.00,0.00,55,-418,5177,339,757,17
493,FWD,465680,Arnaud,Kalimuendo,2645224,0,False,0,0,0,0,0,0,0,0,0,0,0,0,0,0.0,0.0,0.0,0.0,0,0,0,0,0,0.00,0.00,0.00,0.00,54,-411,5117,838,1249,17
493,FWD,465680,Arnaud,Kalimuendo,2645226,0,False,0,0,0,0,0,0,0,0,0,0,0,0,0,0.0,0.0,0.0,0.0,0,0,0,0,0,0.00,0.00,0.00,0.00,54,281,5715,1150,869,17
493,FWD,465680,Arnaud,Kalimuendo,2645243,0,False,0,0,0,0,0,0,0,0,0,0,0,0,0,0.0,0.0,0.0,0.0,0,0,0,0,0,0.00,0.00,0.00,0.00,54,-342,5589,483,825,17
558,MID,204561,Xaver,Schlager,2645200,1,False,16,0,0,0,1,0,0,0,0,0,0,0,3,0.6,1.0,2.0,0.4,0,1,0,1,0,0.00,0.00,0.00,0.13,50,0,10065,0,0,17
558,MID,204561,Xaver,Schlager,2645211,4,False,90,0,0,0,2,0,0,0,0,0,0,0,15,21.2,0.7,7.0,2.9,3,7,5,15,1,0.05,0.00,0.05,1.75,50,-986,9781,158,1144,17
558,MID,204561,Xaver,Schlager,2645224,3,False,90,0,0,1,0,0,0,0,0,0,0,0,18,11.2,2.3,1.0,1.5,3,3,4,10,1,0.03,0.06,0.09,1.06,50,99,10377,1419,1320,17
558,MID,204561,Xaver,Schlager,2645226,3,False,90,0,0,0,1,0,0,0,1,0,0,0,18,21.8,15.2,17.0,5.4,3,7,6,16,1,0.06,0.02,0.08,0.82,50,-224,10277,1040,1264,17
558,MID,204561,Xaver,Schlager,2645243,2,False,90,0,0,0,1,0,0,0,0,0,0,0,16,13.6,5.8,4.0,2.3,2,3,2,7,1,0.05,0.10,0.15,0.67,50,1774,12605,3063,1289,17
581,DEF,568420,Ousmane,Diomande,2645200,0,False,0,0,0,0,0,0,0,0,0,0,0,0,0,0.0,0.0,0.0,0.0,0,0,0,0,0,0.00,0.00,0.00,0.00,55,0,67092,0,0,17
581,DEF,568420,Ousmane,Diomande,2645211,0,False,0,0,0,0,0,0,0,0,0,0,0,0,0,0.0,0.0,0.0,0.0,0,0,0,0,0,0.00,0.00,0.00,0.00,55,-8617,71062,3484,12101,17
581,DEF,568420,Ousmane,Diomande,2645224,1,False,1,0,0,0,0,0,0,0,0,0,0,0,3,0.0,0.0,0.0,0.0,0,0,0,0,0,0.00,0.00,0.00,0.00,54,-12790,61213,3142,15932,17
581,DEF,568420,Ousmane,Diomande,2645226,4,False,90,0,0,0,1,0,0,0,0,0,0,0,10,24.6,0.4,11.0,3.6,13,3,1,14,1,0.11,0.00,0.11,0.82,54,-6555,56566,1486,8041,17
581,DEF,568420,Ousmane,Diomande,2645243,2,False,72,0,0,0,1,0,0,0,0,0,0,0,4,7.8,0.6,8.0,1.6,5,7,0,5,1,0.05,0.01,0.06,0.63,54,619,59651,4010,3391,17
590,GKP,428971,Steven,Benda,2645200,0,False,0,0,0,0,0,0,0,0,0,0,0,0,0,0.0,0.0,0.0,0.0,0,0,0,0,0,0.00,0.00,0.00,0.00,45,0,5245,0,0,17
590,GKP,428971,Steven,Benda,2645211,0,False,0,0,0,0,0,0,0,0,0,0,0,0,0,0.0,0.0,0.0,0.0,0,0,0,0,0,0.00,0.00,0.00,0.00,45,81,6630,625,544,17
590,GKP,428971,Steven,Benda,2645224,0,False,0,0,0,0,0,0,0,0,0,0,0,0,0,0.0,0.0,0.0,0.0,0,0,0,0,0,0.00,0.00,0.00,0.00,45,79,7389,950,871,17
590,GKP,428971,Steven,Benda,2645226,0,False,0,0,0,0,0,0,0,0,0,0,0,0,0,0.0,0.0,0.0,0.0,0,0,0,0,0,0.00,0.00,0.00,0.00,45,-80,7551,543,623,17
590,GKP,428971,Steven,Benda,2645243,0,False,0,0,0,0,0,0,0,0,0,0,0,0,0,0.0,0.0,0.0,0.0,0,0,0,0,0,0.00,0.00,0.00,0.00,45,-141,7565,422,563,17
112,DEF,469142,Jan Paul,van Hecke,2645196,1,False,90,0,0,0,3,0,0,0,0,0,0,0,3,28.2,2.8,2.0,3.3,7,3,2,9,1,0.00,0.03,0.03,3.87,50,0,955905,0,0,6
112,DEF,469142,Jan Paul,van Hecke,2645214,1,False,90,0,0,0,2,0,0,0,0,0,0,0,9,26.6,13.7,33.0,7.3,6,4,2,8,1,0.11,0.03,0.14,0.72,50,-62164,945549,36604,98768,6
112,DEF,469142,Jan Paul,van Hecke,2645224,8,False,90,0,0,1,0,0,0,0,0,0,0,2,29,16.6,12.8,11.0,4.0,3,4,1,4,1,0.09,0.01,0.10,0.92,49,-198387,733037,21192,219579,6
112,DEF,469142,Jan Paul,van Hecke,2645234,8,False,90,0,0,1,0,0,0,0,0,0,0,0,27,38.4,15.2,7.0,6.1,11,2,2,13,1,0.14,0.05,0.19,1.11,49,-45526,718579,37570,83096,6
112,DEF,469142,Jan Paul,van Hecke,2645244,6,False,90,1,0,0,3,0,0,0,1,0,0,0,17,62.0,30.4,17.0,10.9,6,4,3,9,1,0.35,0.30,0.65,1.16,49,-3149,721559,40803,43952,6
147,DEF,109646,Tosin,Adarabioyo,2645204,0,False,0,0,0,0,0,0,0,0,0,0,0,0,0,0.0,0.0,0.0,0.0,0,0,0,0,0,0.00,0.00,0.00,0.00,45,0,18070,0,0,6
147,DEF,109646,Tosin,Adarabioyo,2645207,0,False,0,0,0,0,0,0,0,0,0,0,0,0,0,0.0,0.0,0.0,0.0,0,0,0,0,0,0.00,0.00,0.00,0.00,45,-1857,19280,263,2120,6
147,DEF,109646,Tosin,Adarabioyo,2645224,0,False,0,0,0,0,0,0,0,0,0,0,0,0,0,0.0,0.0,0.0,0.0,0,0,0,0,0,0.00,0.00,0.00,0.00,45,-2004,17692,553,2557,6
147,DEF,109646,Tosin,Adarabioyo,2645234,1,False,5,0,0,0,0,0,0,0,0,0,0,0,5,9.0,0.2,0.0,0.9,2,1,2,4,0,0.00,0.00,0.00,0.03,44,-999,17024,639,1638,6
147,DEF,109646,Tosin,Adarabioyo,2645244,0,False,0,0,0,0,0,0,0,0,0,0,0,0,0,0.0,0.0,0.0,0.0,0,0,0,0,0,0.00,0.00,0.00,0.00,44,-600,16621,437,1037,6
401,FWD,438234,Omar,Marmoush,2645202,0,False,0,0,0,0,0,0,0,0,0,0,0,0,0,0.0,0.0,0.0,0.0,0,0,0,0,0,0.00,0.00,0.00,0.00,70,0,80421,0,0,6
401,FWD,438234,Omar,Marmoush,2645214,2,False,90,0,0,0,2,0,0,0,0,0,0,0,14,9.2,35.1,28.0,7.2,0,3,1,4,1,0.17,0.07,0.24,0.72,70,20447,131884,39808,19361,6
401,FWD,438234,Omar,Marmoush,2645224,2,False,83,0,0,1,0,0,0,0,0,0,0,0,6,0.0,2.4,10.0,1.0,0,0,0,0,1,0.17,0.01,0.18,0.88,70,64907,232425,100495,35588,6
401,FWD,438234,Omar,Marmoush,2645234,2,False,76,0,0,1,0,0,0,0,0,0,0,0,9,3.2,11.6,14.0,2.9,0,5,0,5,1,0.02,0.03,0.05,1.08,70,6113,250023,46956,40843,6
401,FWD,438234,Omar,Marmoush,2645244,2,False,90,0,0,0,3,0,0,0,0,0,0,0,8,5.6,6.4,6.0,1.8,0,3,1,4,1,0.02,0.04,0.06,1.16,70,-10121,240325,35220,45341,6
403,MID,510281,Sávio,Moreira de Oliveira,2645202,0,False,0,0,0,0,0,0,0,0,0,0,0,0,0,0.0,0.0,0.0,0.0,0,0,0,0,0,0.00,0.00,0.00,0.00,65,0,23783,0,0,6
403,MID,510281,Sávio,Moreira de Oliveira,2645214,0,False,0,0,0,0,0,0,0,0,0,0,0,0,0,0.0,0.0,0.0,0.0,0,0,0,0,0,0.00,0.00,0.00,0.00,65,48883,92925,55747,6864,6
403,MID,510281,Sávio,Moreira de Oliveira,2645224,3,False,60,0,0,1,0,0,0,0,0,0,0,0,15,6.2,17.3,15.0,3.9,0,0,0,0,1,0.02,0.27,0.29,0.49,65,-23670,68277,15136,38806,6
403,MID,510281,Sávio,Moreira de Oliveira,2645234,3,False,90,0,0,1,0,0,0,0,0,0,0,0,22,20.8,53.7,28.0,10.3,1,5,0,6,1,0.10,0.26,0.36,1.11,65,-583,75171,13225,13808,6
403,MID,510281,Sávio,Moreira de Oliveira,2645244,2,False,90,0,0,0,3,0,0,0,0,0,0,0,29,24.4,59.0,53.0,13.6,2,3,0,5,1,0.29,0.17,0.46,1.16,65,-481,74946,12804,13285,6
455,MID,432422,Sandro,Tonali,2645196,2,False,90,0,0,0,3,0,0,0,0,0,0,0,14,6.2,6.4,8.0,2.1,0,3,1,4,1,0.04,0.06,0.10,3.87,55,0,376914,0,0,6
455,MID,432422,Sandro,Tonali,2645214,2,False,74,0,0,0,2,0,0,0,0,0,0,0,16,5.0,26.3,4.0,3.5,1,3,0,4,1,0.05,0.02,0.07,0.72,55,-38097,369291,14119,52216,6
455,MID,432422,Sandro,Tonali,2645224,5,False,90,0,0,1,0,0,0,0,0,0,0,0,22,22.8,8.0,0.0,3.1,4,4,4,12,1,0.00,0.01,0.01,0.92,54,-83285,288825,14031,97316,6
455,MID,432422,Sandro,Tonali,2645234,3,False,90,0,0,1,0,0,0,0,0,0,0,0,16,12.2,30.7,6.0,4.9,5,6,0,11,1,0.09,0.31,0.40,1.11,54,-31266,265893,12899,44165,6
455,MID,432422,Sandro,Tonali,2645244,2,False,83,0,0,0,3,0,0,0,0,0,0,0,18,16.8,17.6,10.0,4.4,1,4,6,11,1,0.06,0.21,0.27,1.10,54,-56370,210274,4540,60910,6
494,GKP,184254,Guglielmo,Vicario,2645196,0,False,0,0,0,0,0,0,0,0,0,0,0,0,0,0.0,0.0,0.0,0.0,0,0,0,0,0,0.00,0.00,0.00,0.00,45,0,35657,0,0,6
494,GKP,184254,Guglielmo,Vicario,2645214,0,False,0,0,0,0,0,0,0,0,0,0,0,0,0,0.0,0.0,0.0,0.0,0,0,0,0,0,0.00,0.00,0.00,0.00,45,-11437,23872,0,11437,6
494,GKP,184254,Guglielmo,Vicario,2645224,0,False,0,0,0,0,0,0,0,0,0,0,0,0,0,0.0,0.0,0.0,0.0,0,0,0,0,0,0.00,0.00,0.00,0.00,45,-5759,18205,0,5759,6
494,GKP,184254,Guglielmo,Vicario,2645234,0,False,0,0,0,0,0,0,0,0,0,0,0,0,0,0.0,0.0,0.0,0.0,0,0,0,0,0,0.00,0.00,0.00,0.00,45,-2498,16026,0,2498,6
494,GKP,184254,Guglielmo,Vicario,2645244,0,False,0,0,0,0,0,0,0,0,0,0,0,0,0,0.0,0.0,0.0,0.0,0,0,0,0,0,0.00,0.00,0.00,0.00,45,-1689,14414,0,1689,6
495,GKP,214572,Brandon,Austin,2645196,0,False,0,0,0,0,0,0,0,0,0,0,0,0,0,0.0,0.0,0.0,0.0,0,0,0,0,0,0.00,0.00,0.00,0.00,40,0,78400,0,0,6
495,GKP,214572,Brandon,Austin,2645214,0,False,0,0,0,0,0,0,0,0,0,0,0,0,0,0.0,0.0,0.0,0.0,0,0,0,0,0,0.00,0.00,0.00,0.00,40,-490,88358,3212,3702,6
495,GKP,214572,Brandon,Austin,2645224,0,False,0,0,0,0,0,0,0,0,0,0,0,0,0,0.0,0.0,0.0,0.0,0,0,0,0,0,0.00,0.00,0.00,0.00,40,3899,104639,9717,5818,6
495,GKP,214572,Brandon,Austin,2645234,0,False,0,0,0,0,0,0,0,0,0,0,0,0,0,0.0,0.0,0.0,0.0,0,0,0,0,0,0.00,0.00,0.00,0.00,40,2998,108986,8583,5585,6
495,GKP,214572,Brandon,Austin,2645244,0,False,0,0,0,0,0,0,0,0,0,0,0,0,0,0.0,0.0,0.0,0.0,0,0,0,0,0,0.00,0.00,0.00,0.00,40,1559,112272,6139,4580,6
496,GKP,485055,Antonín,Kinský,2645196,2,False,90,0,0,0,3,0,0,0,0,0,5,0,15,43.6,0.0,0.0,4.4,4,12,0,0,1,0.00,0.00,0.00,3.87,45,0,2208330,0,0,6
496,GKP,485055,Antonín,Kinský,2645214,1,False,90,0,0,0,2,0,0,0,0,0,0,0,4,3.8,0.0,0.0,0.4,0,6,0,0,1,0.00,0.00,0.00,0.72,45,-41526,2247365,40625,82151,6
496,GKP,485055,Antonín,Kinský,2645224,6,False,90,0,0,1,0,0,0,0,0,0,1,0,24,10.4,10.0,0.0,2.0,2,8,0,0,1,0.00,0.00,0.00,0.92,45,-225719,1949396,46420,272139,6
496,GKP,485055,Antonín,Kinský,2645234,7,False,90,0,0,1,0,0,0,0,0,0,3,0,29,19.8,0.0,0.0,2.0,4,3,0,0,1,0.00,0.00,0.00,1.11,45,-84513,1930350,146399,230912,6
496,GKP,485055,Antonín,Kinský,2645244,2,False,90,0,0,0,3,0,0,0,0,0,3,0,5,27.2,0.0,0.0,2.7,0,5,0,0,1,0.00,0.00,0.00,1.16,45,-1315,1963942,95710,97025,6
497,GKP,67089,Martin,Dubravka,2645196,0,False,0,0,0,0,0,0,0,0,0,0,0,0,0,0.0,0.0,0.0,0.0,0,0,0,0,0,0.00,0.00,0.00,0.00,40,0,1778139,0,0,6
497,GKP,67089,Martin,Dubravka,2645214,0,False,0,0,0,0,0,0,0,0,0,0,0,0,0,0.0,0.0,0.0,0.0,0,0,0,0,0,0.00,0.00,0.00,0.00,40,-28731,1835588,35086,63817,6
497,GKP,67089,Martin,Dubravka,2645224,0,False,0,0,0,0,0,0,0,0,0,0,0,0,0,0.0,0.0,0.0,0.0,0,0,0,0,0,0.00,0.00,0.00,0.00,40,12181,1908726,131012,118831,6
497,GKP,67089,Martin,Dubravka,2645234,0,False,0,0,0,0,0,0,0,0,0,0,0,0,0,0.0,0.0,0.0,0.0,0,0,0,0,0,0.00,0.00,0.00,0.00,40,19545,1929614,144708,125163,6
497,GKP,67089,Martin,Dubravka,2645244,0,False,0,0,0,0,0,0,0,0,0,0,0,0,0,0.0,0.0,0.0,0.0,0,0,0,0,0,0.00,0.00,0.00,0.00,40,-25006,1908194,59833,84839,6
498,DEF,221466,Marcos,Senesi Barón,2645196,3,False,90,0,0,0,3,0,0,0,0,0,0,0,10,36.6,2.2,0.0,3.9,11,2,5,16,1,0.00,0.02,0.02,3.87,60,0,724252,0,0,6
498,DEF,221466,Marcos,Senesi Barón,2645214,0,False,0,0,0,0,0,0,0,0,0,0,0,0,0,0.0,0.0,0.0,0.0,0,0,0,0,0,0.00,0.00,0.00,0.00,60,-48293,746751,15942,64235,6
498,DEF,221466,Marcos,Senesi Barón,2645224,0,False,0,0,0,0,0,0,0,0,0,0,0,0,0,0.0,0.0,0.0,0.0,0,0,0,0,0,0.00,0.00,0.00,0.00,59,-185202,558130,5382,190584,6
498,DEF,221466,Marcos,Senesi Barón,2645234,0,False,0,0,0,0,0,0,0,0,0,0,0,0,0,0.0,0.0,0.0,0.0,0,0,0,0,0,0.00,0.00,0.00,0.00,59,-104635,468891,4311,108946,6
498,DEF,221466,Marcos,Senesi Barón,2645244,0,False,0,0,0,0,0,0,0,0,0,0,0,0,0,0.0,0.0,0.0,0.0,0,0,0,0,0,0.00,0.00,0.00,0.00,58,-70189,403044,2509,72698,6
499,DEF,441164,Pedro,Porro Sauceda,2645196,0,False,0,0,0,0,0,0,0,0,0,0,0,0,0,0.0,0.0,0.0,0.0,0,0,0,0,0,0.00,0.00,0.00,0.00,55,0,1595087,0,0,6
499,DEF,441164,Pedro,Porro Sauceda,2645214,1,False,90,0,0,0,2,0,0,0,0,0,0,0,1,9.4,7.9,21.0,3.8,3,2,1,4,1,0.33,0.10,0.43,0.72,55,-296944,1331308,20574,317518,6
499,DEF,441164,Pedro,Porro Sauceda,2645224,7,False,90,0,0,1,0,0,0,0,0,0,0,1,28,13.2,35.8,6.0,5.5,3,3,1,4,1,0.03,0.06,0.09,0.92,55,-179795,1176909,48390,228185,6
499,DEF,441164,Pedro,Porro Sauceda,2645234,0,False,0,0,0,0,0,0,0,0,0,0,0,0,0,0.0,0.0,0.0,0.0,0,0,0,0,0,0.00,0.00,0.00,0.00,55,-80703,1130296,48477,129180,6
499,DEF,441164,Pedro,Porro Sauceda,2645244,1,False,18,0,0,0,0,0,0,0,0,0,0,0,4,0.0,3.9,1.0,0.5,0,0,1,1,1,0.01,0.00,0.01,0.04,54,-237532,889495,5333,242865,6
500,DEF,221632,Cristian,Romero,2645196,0,False,0,0,0,0,0,0,0,0,0,0,0,0,0,0.0,0.0,0.0,0.0,0,0,0,0,0,0.00,0.00,0.00,0.00,50,0,25814,0,0,6
500,DEF,221632,Cristian,Romero,2645214,0,False,0,0,0,0,0,0,0,0,0,0,0,0,0,0.0,0.0,0.0,0.0,0,0,0,0,0,0.00,0.00,0.00,0.00,50,-10779,14805,0,10779,6
500,DEF,221632,Cristian,Romero,2645224,0,False,0,0,0,0,0,0,0,0,0,0,0,0,0,0.0,0.0,0.0,0.0,0,0,0,0,0,0.00,0.00,0.00,0.00,50,-3763,11327,0,3763,6
500,DEF,221632,Cristian,Romero,2645234,0,False,0,0,0,0,0,0,0,0,0,0,0,0,0,0.0,0.0,0.0,0.0,0,0,0,0,0,0.00,0.00,0.00,0.00,50,-1362,10093,0,1362,6
500,DEF,221632,Cristian,Romero,2645244,0,False,0,0,0,0,0,0,0,0,0,0,0,0,0,0.0,0.0,0.0,0.0,0,0,0,0,0,0.00,0.00,0.00,0.00,50,-610,9526,0,610,6
502,DEF,122798,Andrew,Robertson,2645196,3,False,90,0,0,0,3,0,0,0,0,0,0,0,13,31.8,19.2,2.0,5.3,9,3,2,11,1,0.00,0.06,0.06,3.87,45,0,350993,0,0,6
502,DEF,122798,Andrew,Robertson,2645214,2,False,67,0,0,0,1,0,0,0,0,0,0,0,7,11.2,16.8,25.0,5.3,2,1,1,3,1,0.06,0.02,0.08,0.48,45,-1127,379457,22171,23298,6
502,DEF,122798,Andrew,Robertson,2645224,1,False,29,0,0,0,0,0,0,0,0,0,0,0,3,6.0,0.3,0.0,0.6,1,1,0,1,0,0.00,0.00,0.00,0.43,45,-47646,328965,13705,61351,6
502,DEF,122798,Andrew,Robertson,2645234,7,False,90,0,0,1,0,0,0,0,0,0,0,1,30,10.8,31.5,8.0,5.0,2,3,0,2,1,0.07,0.09,0.16,1.11,44,-57673,278552,5647,63320,6
502,DEF,122798,Andrew,Robertson,2645244,4,False,90,0,1,0,3,0,0,0,0,0,0,0,15,29.8,56.1,6.0,9.2,1,7,2,3,1,0.00,0.26,0.26,1.16,44,-2558,283003,20149,22707,6
503,DEF,491279,Micky,van de Ven,2645196,0,False,0,0,0,0,0,0,0,0,0,0,0,0,0,0.0,0.0,0.0,0.0,0,0,0,0,0,0.00,0.00,0.00,0.00,50,0,522301,0,0,6
503,DEF,491279,Micky,van de Ven,2645214,0,False,90,0,0,0,2,0,0,0,1,0,0,0,5,15.2,2.1,0.0,1.7,7,4,1,8,1,0.00,0.02,0.02,0.72,50,-116329,422798,8374,124703,6
503,DEF,491279,Micky,van de Ven,2645224,9,False,90,0,0,1,0,0,0,0,0,0,0,3,30,21.4,1.2,14.0,3.7,6,4,3,9,1,0.57,0.00,0.57,0.92,50,-61459,380320,16557,78016,6
503,DEF,491279,Micky,van de Ven,2645234,6,False,90,0,0,1,0,0,0,0,0,0,0,0,27,15.0,3.1,0.0,1.8,6,4,0,6,1,0.00,0.02,0.02,1.11,50,10120,414668,33873,23753,6
503,DEF,491279,Micky,van de Ven,2645244,1,False,90,0,0,0,3,0,0,0,0,0,0,0,7,24.2,2.3,4.0,3.1,5,5,1,6,1,0.02,0.01,0.03,1.16,50,8883,429279,29652,20769,6
505,DEF,232859,Djed,Spence,2645196,0,False,0,0,0,0,0,0,0,0,0,0,0,0,0,0.0,0.0,0.0,0.0,0,0,0,0,0,0.00,0.00,0.00,0.00,45,0,93085,0,0,6
505,DEF,232859,Djed,Spence,2645214,0,False,0,0,0,0,0,0,0,0,0,0,0,0,0,0.0,0.0,0.0,0.0,0,0,0,0,0,0.00,0.00,0.00,0.00,45,-45782,46576,0,45782,6
505,DEF,232859,Djed,Spence,2645224,0,False,0,0,0,0,0,0,0,0,0,0,0,0,0,0.0,0.0,0.0,0.0,0,0,0,0,0,0.00,0.00,0.00,0.00,45,-14294,33138,0,14294,6
505,DEF,232859,Djed,Spence,2645234,0,False,0,0,0,0,0,0,0,0,0,0,0,0,0,0.0,0.0,0.0,0.0,0,0,0,0,0,0.00,0.00,0.00,0.00,45,-5357,28187,0,5357,6
505,DEF,232859,Djed,Spence,2645244,0,False,0,0,0,0,0,0,0,0,0,0,0,0,0,0.0,0.0,0.0,0.0,0,0,0,0,0,0.00,0.00,0.00,0.00,45,-2653,25713,0,2653,6
506,DEF,487053,Destiny,Udogie,2645196,1,False,4,0,0,0,0,0,0,0,0,0,0,0,3,0.0,0.7,0.0,0.0,0,2,0,0,0,0.00,0.02,0.02,0.44,45,0,43741,0,0,6
506,DEF,487053,Destiny,Udogie,2645214,1,False,22,0,0,0,1,0,0,0,0,0,0,0,2,5.2,11.5,2.0,1.9,0,1,1,1,0,0.00,0.19,0.19,0.24,45,-3007,47523,1685,4692,6
506,DEF,487053,Destiny,Udogie,2645224,5,False,60,0,0,1,0,0,0,0,1,0,0,0,16,4.6,1.3,2.0,0.8,3,1,0,3,1,0.00,0.02,0.02,0.49,45,-5660,43060,1127,6787,6
506,DEF,487053,Destiny,Udogie,2645234,0,False,0,0,0,0,0,0,0,0,0,0,0,0,0,0.0,0.0,0.0,0.0,0,0,0,0,0,0.00,0.00,0.00,0.00,45,-2914,41192,1478,4392,6
506,DEF,487053,Destiny,Udogie,2645244,0,False,0,0,0,0,0,0,0,0,0,0,0,0,0,0.0,0.0,0.0,0.0,0,0,0,0,0,0.00,0.00,0.00,0.00,44,-4010,37654,949,4959,6
507,DEF,548308,Ashley,Phillips,2645196,0,False,0,0,0,0,0,0,0,0,0,0,0,0,0,0.0,0.0,0.0,0.0,0,0,0,0,0,0.00,0.00,0.00,0.00,45,0,2583,0,0,6
507,DEF,548308,Ashley,Phillips,2645214,0,False,0,0,0,0,0,0,0,0,0,0,0,0,0,0.0,0.0,0.0,0.0,0,0,0,0,0,0.00,0.00,0.00,0.00,45,-658,1903,0,658,6
507,DEF,548308,Ashley,Phillips,2645224,0,False,0,0,0,0,0,0,0,0,0,0,0,0,0,0.0,0.0,0.0,0.0,0,0,0,0,0,0.00,0.00,0.00,0.00,45,-312,1605,0,312,6
507,DEF,548308,Ashley,Phillips,2645234,0,False,0,0,0,0,0,0,0,0,0,0,0,0,0,0.0,0.0,0.0,0.0,0,0,0,0,0,0.00,0.00,0.00,0.00,45,-139,1474,0,139,6
507,DEF,548308,Ashley,Phillips,2645244,0,False,0,0,0,0,0,0,0,0,0,0,0,0,0,0.0,0.0,0.0,0.0,0,0,0,0,0,0.00,0.00,0.00,0.00,45,-106,1372,0,106,6
508,DEF,115556,Ben,Davies,2645196,0,False,0,0,0,0,0,0,0,0,0,0,0,0,0,0.0,0.0,0.0,0.0,0,0,0,0,0,0.00,0.00,0.00,0.00,40,0,99420,0,0,6
508,DEF,115556,Ben,Davies,2645214,0,False,0,0,0,0,0,0,0,0,0,0,0,0,0,0.0,0.0,0.0,0.0,0,0,0,0,0,0.00,0.00,0.00,0.00,40,-6106,102932,2877,8983,6
508,DEF,115556,Ben,Davies,2645224,0,False,0,0,0,0,0,0,0,0,0,0,0,0,0,0.0,0.0,0.0,0.0,0,0,0,0,0,0.00,0.00,0.00,0.00,40,-7462,98874,4305,11767,6
508,DEF,115556,Ben,Davies,2645234,0,False,0,0,0,0,0,0,0,0,0,0,0,0,0,0.0,0.0,0.0,0.0,0,0,0,0,0,0.00,0.00,0.00,0.00,40,-6385,93661,2570,8955,6
508,DEF,115556,Ben,Davies,2645244,0,False,0,0,0,0,0,0,0,0,0,0,0,0,0,0.0,0.0,0.0,0.0,0,0,0,0,0,0.00,0.00,0.00,0.00,40,-5694,88779,2044,7738,6
509,DEF,640419,Jun'ai,Byfield,2645196,0,False,0,0,0,0,0,0,0,0,0,0,0,0,0,0.0,0.0,0.0,0.0,0,0,0,0,0,0.00,0.00,0.00,0.00,40,0,4794,0,0,6
509,DEF,640419,Jun'ai,Byfield,2645214,0,False,0,0,0,0,0,0,0,0,0,0,0,0,0,0.0,0.0,0.0,0.0,0,0,0,0,0,0.00,0.00,0.00,0.00,40,-239,5341,319,558,6
509,DEF,640419,Jun'ai,Byfield,2645224,0,False,0,0,0,0,0,0,0,0,0,0,0,0,0,0.0,0.0,0.0,0.0,0,0,0,0,0,0.00,0.00,0.00,0.00,40,71,6404,719,648,6
509,DEF,640419,Jun'ai,Byfield,2645234,0,False,0,0,0,0,0,0,0,0,0,0,0,0,0,0.0,0.0,0.0,0.0,0,0,0,0,0,0.00,0.00,0.00,0.00,40,56,6533,621,565,6
509,DEF,640419,Jun'ai,Byfield,2645244,0,False,0,0,0,0,0,0,0,0,0,0,0,0,0,0.0,0.0,0.0,0.0,0,0,0,0,0,0.00,0.00,0.00,0.00,40,-17,6772,556,573,6
510,DEF,499716,James,Rowswell,2645196,0,False,0,0,0,0,0,0,0,0,0,0,0,0,0,0.0,0.0,0.0,0.0,0,0,0,0,0,0.00,0.00,0.00,0.00,40,0,7021,0,0,6
510,DEF,499716,James,Rowswell,2645214,0,False,0,0,0,0,0,0,0,0,0,0,0,0,0,0.0,0.0,0.0,0.0,0,0,0,0,0,0.00,0.00,0.00,0.00,40,-360,7895,335,695,6
510,DEF,499716,James,Rowswell,2645224,0,False,0,0,0,0,0,0,0,0,0,0,0,0,0,0.0,0.0,0.0,0.0,0,0,0,0,0,0.00,0.00,0.00,0.00,40,-25,9320,898,923,6
510,DEF,499716,James,Rowswell,2645234,0,False,0,0,0,0,0,0,0,0,0,0,0,0,0,0.0,0.0,0.0,0.0,0,0,0,0,0,0.00,0.00,0.00,0.00,40,64,9696,824,760,6
510,DEF,499716,James,Rowswell,2645244,0,False,0,0,0,0,0,0,0,0,0,0,0,0,0,0.0,0.0,0.0,0.0,0,0,0,0,0,0.00,0.00,0.00,0.00,40,-78,9834,672,750,6
511,DEF,616221,João Victor,de Souza Menezes,2645196,0,False,0,0,0,0,0,0,0,0,0,0,0,0,0,0.0,0.0,0.0,0.0,0,0,0,0,0,0.00,0.00,0.00,0.00,40,0,27254,0,0,6
511,DEF,616221,João Victor,de Souza Menezes,2645214,0,False,0,0,0,0,0,0,0,0,0,0,0,0,0,0.0,0.0,0.0,0.0,0,0,0,0,0,0.00,0.00,0.00,0.00,40,-1501,29162,1193,2694,6
511,DEF,616221,João Victor,de Souza Menezes,2645224,0,False,0,0,0,0,0,0,0,0,0,0,0,0,0,0.0,0.0,0.0,0.0,0,0,0,0,0,0.00,0.00,0.00,0.00,40,-4780,25220,1362,6142,6
511,DEF,616221,João Victor,de Souza Menezes,2645234,0,False,0,0,0,0,0,0,0,0,0,0,0,0,0,0.0,0.0,0.0,0.0,0,0,0,0,0,0.00,0.00,0.00,0.00,40,-4759,20460,0,4759,6
511,DEF,616221,João Victor,de Souza Menezes,2645244,0,False,0,0,0,0,0,0,0,0,0,0,0,0,0,0.0,0.0,0.0,0.0,0,0,0,0,0,0.00,0.00,0.00,0.00,40,-2391,18271,0,2391,6
512,MID,460842,Mohammed,Kudus,2645196,0,False,0,0,0,0,0,0,0,0,0,0,0,0,0,0.0,0.0,0.0,0.0,0,0,0,0,0,0.00,0.00,0.00,0.00,65,0,8272,0,0,6
512,MID,460842,Mohammed,Kudus,2645214,1,False,22,0,0,0,1,0,0,0,0,0,0,0,4,1.2,3.3,11.0,1.6,0,2,0,2,0,0.04,0.01,0.05,0.24,65,-2137,6789,269,2406,6
512,MID,460842,Mohammed,Kudus,2645224,1,False,29,0,0,0,0,0,0,0,0,0,0,0,13,5.2,15.1,2.0,2.2,0,3,0,3,0,0.00,0.16,0.16,0.43,65,2526,12485,4599,2073,6
512,MID,460842,Mohammed,Kudus,2645234,1,False,27,0,0,0,0,0,0,0,0,0,0,0,8,6.0,12.8,6.0,2.5,0,1,1,2,0,0.00,0.05,0.05,0.44,65,545,14250,3198,2653,6
512,MID,460842,Mohammed,Kudus,2645244,4,False,45,0,1,0,2,0,0,0,0,0,0,0,24,24.8,17.5,7.0,4.9,0,5,2,7,0,0.07,0.20,0.27,0.35,65,-95,14877,2728,2823,6
513,MID,493362,Xavi,Simons,2645196,0,False,0,0,0,0,0,0,0,0,0,0,0,0,0,0.0,0.0,0.0,0.0,0,0,0,0,0,0.00,0.00,0.00,0.00,60,0,1345,0,0,6
513,MID,493362,Xavi,Simons,2645214,0,False,0,0,0,0,0,0,0,0,0,0,0,0,0,0.0,0.0,0.0,0.0,0,0,0,0,0,0.00,0.00,0.00,0.00,60,-279,1453,77,356,6
513,MID,493362,Xavi,Simons,2645224,0,False,0,0,0,0,0,0,0,0,0,0,0,0,0,0.0,0.0,0.0,0.0,0,0,0,0,0,0.00,0.00,0.00,0.00,60,-291,1296,78,369,6
513,MID,493362,Xavi,Simons,2645234,0,False,0,0,0,0,0,0,0,0,0,0,0,0,0,0.0,0.0,0.0,0.0,0,0,0,0,0,0.00,0.00,0.00,0.00,59,-108,1311,86,194,6
513,MID,493362,Xavi,Simons,2645244,0,False,0,0,0,0,0,0,0,0,0,0,0,0,0,0.0,0.0,0.0,0.0,0,0,0,0,0,0.00,0.00,0.00,0.00,59,-71,1301,51,122,6
514,MID,511499,Mathys,Tel,2645196,2,False,90,0,0,0,3,0,0,0,0,0,0,0,17,10.4,26.0,9.0,4.5,1,7,0,8,1,0.06,0.06,0.12,3.87,60,0,50995,0,0,6
514,MID,511499,Mathys,Tel,2645214,2,False,67,0,0,0,1,0,0,0,0,0,0,0,10,3.8,3.3,34.0,4.1,0,2,1,3,1,0.14,0.03,0.17,0.48,60,-6287,48495,4174,10461,6
514,MID,511499,Mathys,Tel,2645224,3,False,73,0,0,1,0,0,0,0,0,0,0,0,11,6.8,20.2,20.0,4.7,0,2,0,2,1,0.00,0.05,0.05,0.76,59,-17708,30912,2049,19757,6
514,MID,511499,Mathys,Tel,2645234,1,False,27,0,0,0,0,0,0,0,0,0,0,0,3,0.6,3.2,9.0,1.3,0,0,0,0,0,0.01,0.09,0.10,0.44,58,-6570,26160,1812,8382,6
514,MID,511499,Mathys,Tel,2645244,0,False,0,0,0,0,0,0,0,0,0,0,0,0,0,0.0,0.0,0.0,0.0,0,0,0,0,0,0.00,0.00,0.00,0.00,58,-5320,21179,897,6217,6
515,MID,172780,James,Maddison,2645196,1,False,22,0,0,0,0,0,0,0,0,0,0,0,6,4.4,8.3,8.0,2.1,1,1,0,2,0,0.00,0.01,0.01,0.85,65,0,119410,0,0,6
515,MID,172780,James,Maddison,2645214,0,False,0,0,0,0,0,0,0,0,0,0,0,0,0,0.0,0.0,0.0,0.0,0,0,0,0,0,0.00,0.00,0.00,0.00,65,-34300,96409,2686,36986,6
515,MID,172780,James,Maddison,2645224,0,False,0,0,0,0,0,0,0,0,0,0,0,0,0,0.0,0.0,0.0,0.0,0,0,0,0,0,0.00,0.00,0.00,0.00,64,-38883,57231,175,39058,6
515,MID,172780,James,Maddison,2645234,1,False,13,0,0,0,0,0,0,0,0,0,0,0,3,6.8,3.8,0.0,1.1,2,1,0,3,0,0.00,0.01,0.01,0.03,63,-13096,45874,447,13543,6
515,MID,172780,James,Maddison,2645244,1,False,24,0,0,0,2,0,0,0,0,0,0,0,9,10.6,2.4,11.0,2.4,0,2,4,6,0,0.06,0.02,0.08,0.15,63,-2925,43979,1741,4666,6
516,MID,202993,Rodrigo,Bentancur,2645196,1,False,45,0,0,0,1,0,0,0,0,0,0,0,8,2.0,14.7,0.0,1.7,0,2,3,5,0,0.00,0.01,0.01,2.18,55,0,17403,0,0,6
516,MID,202993,Rodrigo,Bentancur,2645214,2,False,90,0,0,0,2,0,0,0,0,0,0,0,17,15.4,7.1,0.0,2.3,3,6,2,11,1,0.00,0.02,0.02,0.72,55,-1429,18887,602,2031,6
516,MID,202993,Rodrigo,Bentancur,2645224,5,False,90,0,0,1,0,0,0,0,0,0,0,0,14,18.4,3.3,6.0,2.8,11,5,1,17,1,0.02,0.01,0.03,0.92,55,-1789,17786,831,2620,6
516,MID,202993,Rodrigo,Bentancur,2645234,3,False,62,0,0,1,0,0,0,0,0,0,0,0,15,22.6,7.9,0.0,3.1,5,2,3,10,1,0.00,0.04,0.04,0.67,55,-172,18318,1225,1397,6
516,MID,202993,Rodrigo,Bentancur,2645244,4,False,83,0,0,0,3,0,0,0,0,0,0,0,15,19.0,6.3,2.0,2.7,3,8,6,17,1,0.00,0.04,0.04,1.10,55,497,19246,2106,1609,6
517,MID,550839,Wilson,Odobert,2645196,0,False,0,0,0,0,0,0,0,0,0,0,0,0,0,0.0,0.0,0.0,0.0,0,0,0,0,0,0.00,0.00,0.00,0.00,55,0,100,0,0,6
517,MID,550839,Wilson,Odobert,2645214,0,False,0,0,0,0,0,0,0,0,0,0,0,0,0,0.0,0.0,0.0,0.0,0,0,0,0,0,0.00,0.00,0.00,0.00,55,-3,121,16,19,6
517,MID,550839,Wilson,Odobert,2645224,0,False,0,0,0,0,0,0,0,0,0,0,0,0,0,0.0,0.0,0.0,0.0,0,0,0,0,0,0.00,0.00,0.00,0.00,55,-11,117,27,38,6
517,MID,550839,Wilson,Odobert,2645234,0,False,0,0,0,0,0,0,0,0,0,0,0,0,0,0.0,0.0,0.0,0.0,0,0,0,0,0,0.00,0.00,0.00,0.00,55,18,143,36,18,6
517,MID,550839,Wilson,Odobert,2645244,0,False,0,0,0,0,0,0,0,0,0,0,0,0,0,0.0,0.0,0.0,0.0,0,0,0,0,0,0.00,0.00,0.00,0.00,55,3,159,23,20,6
518,MID,482442,Pape Matar,Sarr,2645196,0,False,0,0,0,0,0,0,0,0,0,0,0,0,0,0.0,0.0,0.0,0.0,0,0,0,0,0,0.00,0.00,0.00,0.00,50,0,25576,0,0,6
518,MID,482442,Pape Matar,Sarr,2645214,0,False,0,0,0,0,0,0,0,0,0,0,0,0,0,0.0,0.0,0.0,0.0,0,0,0,0,0,0.00,0.00,0.00,0.00,49,-10351,15118,113,10464,6
518,MID,482442,Pape Matar,Sarr,2645224,0,False,0,0,0,0,0,0,0,0,0,0,0,0,0,0.0,0.0,0.0,0.0,0,0,0,0,0,0.00,0.00,0.00,0.00,49,-1782,14992,4025,5807,6
518,MID,482442,Pape Matar,Sarr,2645234,0,False,0,0,0,0,0,0,0,0,0,0,0,0,0,0.0,0.0,0.0,0.0,0,0,0,0,0,0.00,0.00,0.00,0.00,49,-4648,10250,0,4648,6
518,MID,482442,Pape Matar,Sarr,2645244,0,False,0,0,0,0,0,0,0,0,0,0,0,0,0,0.0,0.0,0.0,0.0,0,0,0,0,0,0.00,0.00,0.00,0.00,49,-2148,8302,0,2148,6
519,MID,232787,Conor,Gallagher,2645196,0,False,45,0,0,0,2,0,0,0,1,0,0,0,1,0.0,5.5,1.0,0.5,0,2,1,3,1,0.02,0.06,0.08,1.70,55,0,26860,0,0,6
519,MID,232787,Conor,Gallagher,2645214,0,False,0,0,0,0,0,0,0,0,0,0,0,0,0,0.0,0.0,0.0,0.0,0,0,0,0,0,0.00,0.00,0.00,0.00,55,-3439,27438,1208,4647,6
519,MID,232787,Conor,Gallagher,2645224,3,False,83,0,0,1,0,0,0,0,0,0,0,0,23,10.2,4.4,2.0,1.7,1,6,4,11,1,0.00,0.06,0.06,0.88,54,-5563,22380,1024,6587,6
519,MID,232787,Conor,Gallagher,2645234,0,False,0,0,0,0,0,0,0,0,0,0,0,0,0,0.0,0.0,0.0,0.0,0,0,0,0,0,0.00,0.00,0.00,0.00,54,-1744,21226,812,2556,6
519,MID,232787,Conor,Gallagher,2645244,6,False,6,1,0,0,0,0,0,0,0,0,0,0,24,38.4,2.3,33.0,7.4,0,1,3,4,0,0.35,0.00,0.35,0.07,53,-1786,19752,812,2598,6
520,MID,570526,Lucas,Bergvall,2645196,1,False,45,0,0,0,2,0,0,0,0,0,0,0,2,0.0,2.0,2.0,0.0,0,7,1,8,1,0.00,0.01,0.01,1.70,55,0,18443,0,0,6
520,MID,570526,Lucas,Bergvall,2645214,0,False,0,0,0,0,0,0,0,0,0,0,0,0,0,0.0,0.0,0.0,0.0,0,0,0,0,0,0.00,0.00,0.00,0.00,55,-1564,20234,635,2199,6
520,MID,570526,Lucas,Bergvall,2645224,0,False,0,0,0,0,0,0,0,0,0,0,0,0,0,0.0,0.0,0.0,0.0,0,0,0,0,0,0.00,0.00,0.00,0.00,54,-3012,17646,482,3494,6
520,MID,570526,Lucas,Bergvall,2645234,1,False,27,0,0,0,0,0,0,0,0,0,0,0,8,8.0,7.9,7.0,2.3,1,2,1,4,0,0.06,0.25,0.31,0.44,54,-1664,16379,319,1983,6
520,MID,570526,Lucas,Bergvall,2645244,1,False,6,0,0,0,0,0,0,0,0,0,0,0,3,3.0,0.9,2.0,0.6,0,0,1,1,0,0.00,0.01,0.01,0.07,54,-913,15731,344,1257,6
521,MID,445044,Dejan,Kulusevski,2645196,0,False,0,0,0,0,0,0,0,0,0,0,0,0,0,0.0,0.0,0.0,0.0,0,0,0,0,0,0.00,0.00,0.00,0.00,65,0,949,0,0,6
521,MID,445044,Dejan,Kulusevski,2645214,0,False,0,0,0,0,0,0,0,0,0,0,0,0,0,0.0,0.0,0.0,0.0,0,0,0,0,0,0.00,0.00,0.00,0.00,65,-166,939,75,241,6
521,MID,445044,Dejan,Kulusevski,2645224,0,False,0,0,0,0,0,0,0,0,0,0,0,0,0,0.0,0.0,0.0,0.0,0,0,0,0,0,0.00,0.00,0.00,0.00,65,-90,912,87,177,6
521,MID,445044,Dejan,Kulusevski,2645234,0,False,0,0,0,0,0,0,0,0,0,0,0,0,0,0.0,0.0,0.0,0.0,0,0,0,0,0,0.00,0.00,0.00,0.00,65,-73,894,81,154,6
521,MID,445044,Dejan,Kulusevski,2645244,0,False,0,0,0,0,0,0,0,0,0,0,0,0,0,0.0,0.0,0.0,0.0,0,0,0,0,0,0.00,0.00,0.00,0.00,65,-30,892,63,93,6
522,MID,547701,Archie,Gray,2645196,2,False,85,0,0,0,3,0,0,0,0,0,0,0,15,6.2,3.3,0.0,1.0,2,2,1,5,1,0.00,0.01,0.01,3.43,50,0,19767,0,0,6
522,MID,547701,Archie,Gray,2645214,2,False,67,0,0,0,1,0,0,0,0,0,0,0,9,1.8,1.5,0.0,0.3,3,3,0,6,1,0.00,0.00,0.00,0.48,50,-833,22329,1711,2544,6
522,MID,547701,Archie,Gray,2645224,0,False,0,0,0,0,0,0,0,0,0,0,0,0,0,0.0,0.0,0.0,0.0,0,0,0,0,0,0.00,0.00,0.00,0.00,50,-1885,21616,2161,4046,6
522,MID,547701,Archie,Gray,2645234,3,False,84,0,0,1,0,0,0,0,0,0,0,0,13,9.6,6.7,10.0,2.6,4,5,2,11,1,0.09,0.03,0.12,1.08,50,-2439,19703,876,3315,6
522,MID,547701,Archie,Gray,2645244,2,False,71,0,0,0,3,0,0,0,0,0,0,0,14,10.8,3.1,17.0,3.1,1,2,2,5,0,0.14,0.01,0.15,1.12,49,-637,19727,1629,2266,6
523,MID,499721,Mikey,Moore,2645196,2,False,67,0,0,0,3,0,0,0,0,0,0,0,10,14.2,5.9,55.0,7.5,0,1,1,2,1,0.38,0.02,0.40,3.02,50,0,17505,0,0,6
523,MID,499721,Mikey,Moore,2645214,1,False,22,0,0,0,1,0,0,0,0,0,0,0,1,0.0,0.4,1.0,0.0,0,1,0,1,0,0.02,0.00,0.02,0.24,50,-107,19021,2419,2526,6
523,MID,499721,Mikey,Moore,2645224,0,False,0,0,0,0,0,0,0,0,0,0,0,0,0,0.0,0.0,0.0,0.0,0,0,0,0,0,0.00,0.00,0.00,0.00,50,-5650,13268,839,6489,6
523,MID,499721,Mikey,Moore,2645234,0,False,0,0,0,0,0,0,0,0,0,0,0,0,0,0.0,0.0,0.0,0.0,0,0,0,0,0,0.00,0.00,0.00,0.00,50,-5490,8137,0,5490,6
523,MID,499721,Mikey,Moore,2645244,0,False,0,0,0,0,0,0,0,0,0,0,0,0,0,0.0,0.0,0.0,0.0,0,0,0,0,0,0.00,0.00,0.00,0.00,50,-1980,6388,0,1980,6
524,MID,499726,Callum,Olusesi,2645196,0,False,0,0,0,0,0,0,0,0,0,0,0,0,0,0.0,0.0,0.0,0.0,0,0,0,0,0,0.00,0.00,0.00,0.00,45,0,79913,0,0,6
524,MID,499726,Callum,Olusesi,2645214,0,False,0,0,0,0,0,0,0,0,0,0,0,0,0,0.0,0.0,0.0,0.0,0,0,0,0,0,0.00,0.00,0.00,0.00,45,-7298,79923,2014,9312,6
524,MID,499726,Callum,Olusesi,2645224,0,False,0,0,0,0,0,0,0,0,0,0,0,0,0,0.0,0.0,0.0,0.0,0,0,0,0,0,0.00,0.00,0.00,0.00,45,-7853,72776,1613,9466,6
524,MID,499726,Callum,Olusesi,2645234,0,False,0,0,0,0,0,0,0,0,0,0,0,0,0,0.0,0.0,0.0,0.0,0,0,0,0,0,0.00,0.00,0.00,0.00,44,5676,93913,13763,8087,6
524,MID,499726,Callum,Olusesi,2645244,0,False,0,0,0,0,0,0,0,0,0,0,0,0,0,0.0,0.0,0.0,0.0,0,0,0,0,0,0.00,0.00,0.00,0.00,44,17246,117471,32226,14980,6
525,MID,551226,Mateus,Fernandes,2645196,1,False,45,0,0,0,1,0,0,0,0,0,0,0,16,7.2,27.2,2.0,3.6,0,1,1,2,0,0.00,0.06,0.06,2.18,60,0,178624,0,0,6
525,MID,551226,Mateus,Fernandes,2645214,2,False,90,0,0,0,2,0,0,0,0,0,0,0,18,14.0,46.3,1.0,6.1,0,5,3,8,1,0.01,0.17,0.18,0.72,60,-26800,160253,4529,31329,6
525,MID,551226,Mateus,Fernandes,2645224,0,False,7,0,0,0,0,0,0,0,1,0,0,0,-1,0.0,0.4,0.0,0.0,0,0,0,0,0,0.00,0.00,0.00,0.04,59,-38063,123903,4942,43005,6
525,MID,551226,Mateus,Fernandes,2645234,3,False,62,0,0,1,0,0,0,0,0,0,0,0,15,3.0,13.0,22.0,3.8,0,2,2,4,1,0.11,0.03,0.14,0.67,58,-27969,98672,1839,29808,6
525,MID,551226,Mateus,Fernandes,2645244,1,False,45,0,0,0,1,0,0,0,0,0,0,0,2,0.0,5.7,9.0,1.1,2,4,1,7,1,0.07,0.02,0.09,0.82,58,-11274,89133,2671,13945,6
526,FWD,154566,Dominic,Solanke-Mitchell,2645196,1,False,22,0,0,0,0,0,0,0,0,0,0,0,3,0.0,0.0,5.0,0.5,0,0,0,0,0,0.07,0.00,0.07,0.85,60,0,126667,0,0,6
526,FWD,154566,Dominic,Solanke-Mitchell,2645214,1,False,15,0,0,0,0,0,0,0,0,0,0,0,6,3.2,0.3,6.0,1.0,0,0,0,0,0,0.20,0.00,0.20,0.00,60,-12606,131276,8212,20818,6
526,FWD,154566,Dominic,Solanke-Mitchell,2645224,1,False,6,0,0,0,0,0,0,0,0,0,0,0,-1,0.0,0.3,4.0,0.4,1,0,0,1,0,0.17,0.00,0.17,0.04,59,-27806,106592,7532,35338,6
526,FWD,154566,Dominic,Solanke-Mitchell,2645234,2,False,62,0,0,1,0,0,0,0,0,0,0,0,4,0.0,4.3,6.0,0.8,0,2,0,2,1,0.00,0.01,0.01,0.67,59,-14059,96682,5756,19815,6
526,FWD,154566,Dominic,Solanke-Mitchell,2645244,2,False,65,0,0,0,1,0,0,0,0,0,0,0,9,5.2,12.6,16.0,3.4,1,3,2,6,1,0.12,0.00,0.12,1.01,58,-7033,92077,6047,13080,6
527,FWD,212319,Richarlison,de Andrade,2645196,2,False,67,0,0,0,3,0,0,0,0,0,0,0,6,0.0,2.2,0.0,0.2,1,0,0,1,1,0.00,0.00,0.00,3.02,60,0,283639,0,0,6
527,FWD,212319,Richarlison,de Andrade,2645214,0,False,0,0,0,0,0,0,0,0,0,0,0,0,0,0.0,0.0,0.0,0.0,0,0,0,0,0,0.00,0.00,0.00,0.00,60,-31748,275481,14723,46471,6
527,FWD,212319,Richarlison,de Andrade,2645224,0,False,0,0,0,0,0,0,0,0,0,0,0,0,0,0.0,0.0,0.0,0.0,0,0,0,0,0,0.00,0.00,0.00,0.00,59,-117513,153916,6716,124229,6
527,FWD,212319,Richarlison,de Andrade,2645234,0,False,0,0,0,0,0,0,0,0,0,0,0,0,0,0.0,0.0,0.0,0.0,0,0,0,0,0,0.00,0.00,0.00,0.00,59,-69368,94527,0,69368,6
527,FWD,212319,Richarlison,de Andrade,2645244,0,False,0,0,0,0,0,0,0,0,0,0,0,0,0,0.0,0.0,0.0,0.0,0,0,0,0,0,0.00,0.00,0.00,0.00,59,-22415,74547,0,22415,6
528,FWD,490145,Dane,Scarlett,2645196,0,False,0,0,0,0,0,0,0,0,0,0,0,0,0,0.0,0.0,0.0,0.0,0,0,0,0,0,0.00,0.00,0.00,0.00,45,0,149807,0,0,6
528,FWD,490145,Dane,Scarlett,2645214,0,False,0,0,0,0,0,0,0,0,0,0,0,0,0,0.0,0.0,0.0,0.0,0,0,0,0,0,0.00,0.00,0.00,0.00,45,-3996,172295,13184,17180,6
528,FWD,490145,Dane,Scarlett,2645224,0,False,0,0,0,0,0,0,0,0,0,0,0,0,0,0.0,0.0,0.0,0.0,0,0,0,0,0,0.00,0.00,0.00,0.00,45,-5408,178567,29341,34749,6
528,FWD,490145,Dane,Scarlett,2645234,0,False,0,0,0,0,0,0,0,0,0,0,0,0,0,0.0,0.0,0.0,0.0,0,0,0,0,0,0.00,0.00,0.00,0.00,45,-31099,142066,0,31099,6
528,FWD,490145,Dane,Scarlett,2645244,0,False,0,0,0,0,0,0,0,0,0,0,0,0,0,0.0,0.0,0.0,0.0,0,0,0,0,0,0.00,0.00,0.00,0.00,45,-18539,125898,0,18539,6
578,MID,465920,Mykhailo,Mudryk,2645204,0,False,0,0,0,0,0,0,0,0,0,0,0,0,0,0.0,0.0,0.0,0.0,0,0,0,0,0,0.00,0.00,0.00,0.00,55,0,3847,0,0,6
578,MID,465920,Mykhailo,Mudryk,2645207,0,False,0,0,0,0,0,0,0,0,0,0,0,0,0,0.0,0.0,0.0,0.0,0,0,0,0,0,0.00,0.00,0.00,0.00,55,-742,4222,234,976,6
578,MID,465920,Mykhailo,Mudryk,2645224,1,False,16,0,0,0,0,0,0,0,0,0,0,0,3,0.0,0.1,2.0,0.1,0,0,0,0,0,0.00,0.00,0.00,0.16,54,1892,7171,3534,1642,6
578,MID,465920,Mykhailo,Mudryk,2645234,0,False,0,0,0,0,0,0,0,0,0,0,0,0,0,0.0,0.0,0.0,0.0,0,0,0,0,0,0.00,0.00,0.00,0.00,54,-670,6691,1620,2290,6
578,MID,465920,Mykhailo,Mudryk,2645244,0,False,0,0,0,0,0,0,0,0,0,0,0,0,0,0.0,0.0,0.0,0.0,0,0,0,0,0,0.00,0.00,0.00,0.00,54,-2108,4612,32,2140,6
601,MID,611917,Luca,Williams-Barnett,2645196,0,False,0,0,0,0,0,0,0,0,0,0,0,0,0,0.0,0.0,0.0,0.0,0,0,0,0,0,0.00,0.00,0.00,0.00,45,0,0,0,0,6
601,MID,611917,Luca,Williams-Barnett,2645214,0,False,0,0,0,0,0,0,0,0,0,0,0,0,0,0.0,0.0,0.0,0.0,0,0,0,0,0,0.00,0.00,0.00,0.00,45,2052,7704,2636,584,6
601,MID,611917,Luca,Williams-Barnett,2645224,0,False,0,0,0,0,0,0,0,0,0,0,0,0,0,0.0,0.0,0.0,0.0,0,0,0,0,0,0.00,0.00,0.00,0.00,45,2301,13933,4467,2166,6
601,MID,611917,Luca,Williams-Barnett,2645234,0,False,0,0,0,0,0,0,0,0,0,0,0,0,0,0.0,0.0,0.0,0.0,0,0,0,0,0,0.00,0.00,0.00,0.00,45,403,14941,2324,1921,6
601,MID,611917,Luca,Williams-Barnett,2645244,0,False,0,0,0,0,0,0,0,0,0,0,0,0,0,0.0,0.0,0.0,0.0,0,0,0,0,0,0.00,0.00,0.00,0.00,45,-957,13898,655,1612,6
501,DEF,135720,Kevin,Danso,2645196,0,False,0,0,0,0,0,0,0,0,0,0,0,0,0,0.0,0.0,0.0,0.0,0,0,0,0,0,0.00,0.00,0.00,0.00,50,0,15516,0,0,56
501,DEF,135720,Kevin,Danso,2645214,0,False,0,0,0,0,0,0,0,0,0,0,0,0,0,0.0,0.0,0.0,0.0,0,0,0,0,0,0.00,0.00,0.00,0.00,50,-1412,17484,1020,2432,56
501,DEF,135720,Kevin,Danso,2645216,2,False,90,0,0,0,1,0,0,0,0,0,0,0,9,20.8,10.9,0.0,3.2,7,3,1,8,1,0.00,0.08,0.08,1.21,50,-2005,16199,1307,3312,56
501,DEF,135720,Kevin,Danso,2645233,1,False,90,0,0,0,2,0,0,0,0,0,0,0,6,16.8,11.0,2.0,3.0,4,3,0,4,1,0.00,0.08,0.08,1.88,50,-179,16781,1568,1747,56
501,DEF,135720,Kevin,Danso,2645241,0,False,90,0,0,0,5,0,0,0,0,0,0,0,-8,17.6,11.0,19.0,4.8,8,5,0,8,1,0.07,0.01,0.08,2.82,50,-16,17126,1530,1546,56
529,GKP,498016,Robin,Roefs,2645199,1,False,90,0,0,0,2,0,0,0,0,0,1,0,7,15.2,0.0,0.0,1.5,1,8,0,0,1,0.00,0.00,0.00,1.80,50,0,397315,0,0,56
529,GKP,498016,Robin,Roefs,2645213,6,False,90,0,0,1,0,0,0,0,0,0,0,0,22,4.0,0.0,0.0,0.4,2,7,0,0,1,0.00,0.00,0.00,0.95,50,-25568,389022,4766,30334,56
529,GKP,498016,Robin,Roefs,2645216,2,False,90,0,0,0,1,0,0,0,0,0,1,0,11,12.6,0.0,0.0,1.3,1,13,0,0,1,0.00,0.00,0.00,1.21,50,-38987,342137,10237,49224,56
529,GKP,498016,Robin,Roefs,2645233,2,False,90,0,0,0,2,0,0,0,0,0,3,0,9,27.2,0.0,0.0,2.7,1,3,0,0,1,0.00,0.00,0.00,1.88,50,-47961,301456,2287,50248,56
529,GKP,498016,Robin,Roefs,2645241,0,False,90,0,0,0,5,0,0,0,0,0,1,0,-8,14.4,0.0,0.0,1.4,2,4,0,0,1,0.00,0.01,0.01,2.82,49,-33760,271819,2559,36319,56
530,GKP,232571,Anthony,Patterson,2645199,0,False,0,0,0,0,0,0,0,0,0,0,0,0,0,0.0,0.0,0.0,0.0,0,0,0,0,0,0.00,0.00,0.00,0.00,40,0,18557,0,0,56
530,GKP,232571,Anthony,Patterson,2645213,0,False,0,0,0,0,0,0,0,0,0,0,0,0,0,0.0,0.0,0.0,0.0,0,0,0,0,0,0.00,0.00,0.00,0.00,40,-2307,16075,0,2307,56
530,GKP,232571,Anthony,Patterson,2645216,0,False,0,0,0,0,0,0,0,0,0,0,0,0,0,0.0,0.0,0.0,0.0,0,0,0,0,0,0.00,0.00,0.00,0.00,40,-1616,14484,0,1616,56
530,GKP,232571,Anthony,Patterson,2645233,0,False,0,0,0,0,0,0,0,0,0,0,0,0,0,0.0,0.0,0.0,0.0,0,0,0,0,0,0.00,0.00,0.00,0.00,40,-986,13568,0,986,56
530,GKP,232571,Anthony,Patterson,2645241,0,False,0,0,0,0,0,0,0,0,0,0,0,0,0,0.0,0.0,0.0,0.0,0,0,0,0,0,0.00,0.00,0.00,0.00,40,-743,12868,0,743,56
531,GKP,515046,Melker,Ellborg,2645199,0,False,0,0,0,0,0,0,0,0,0,0,0,0,0,0.0,0.0,0.0,0.0,0,0,0,0,0,0.00,0.00,0.00,0.00,45,0,8630,0,0,56
531,GKP,515046,Melker,Ellborg,2645213,0,False,0,0,0,0,0,0,0,0,0,0,0,0,0,0.0,0.0,0.0,0.0,0,0,0,0,0,0.00,0.00,0.00,0.00,45,-645,8877,209,854,56
531,GKP,515046,Melker,Ellborg,2645216,0,False,0,0,0,0,0,0,0,0,0,0,0,0,0,0.0,0.0,0.0,0.0,0,0,0,0,0,0.00,0.00,0.00,0.00,45,-546,8803,405,951,56
531,GKP,515046,Melker,Ellborg,2645233,0,False,0,0,0,0,0,0,0,0,0,0,0,0,0,0.0,0.0,0.0,0.0,0,0,0,0,0,0.00,0.00,0.00,0.00,45,-491,8559,235,726,56
531,GKP,515046,Melker,Ellborg,2645241,0,False,0,0,0,0,0,0,0,0,0,0,0,0,0,0.0,0.0,0.0,0.0,0,0,0,0,0,0.00,0.00,0.00,0.00,45,-360,8450,190,550,56
532,DEF,223827,Daniel,Ballard,2645199,0,False,90,0,0,0,2,0,0,0,1,0,0,0,4,18.2,1.2,0.0,1.9,7,0,2,9,1,0.00,0.01,0.01,1.80,50,0,518741,0,0,56
532,DEF,223827,Daniel,Ballard,2645213,8,False,90,0,0,1,0,0,0,0,0,0,0,0,27,23.6,1.2,7.0,3.2,9,1,1,10,1,0.03,0.00,0.03,0.95,50,-36906,495946,12798,49704,56
532,DEF,223827,Daniel,Ballard,2645216,4,False,90,0,0,0,1,0,0,0,0,0,0,0,12,25.0,10.3,8.0,4.3,8,5,2,10,1,0.06,0.14,0.20,1.21,50,-79167,398900,15628,94795,56
532,DEF,223827,Daniel,Ballard,2645233,0,False,90,0,0,0,2,0,0,0,1,0,0,0,0,9.0,10.8,9.0,2.9,5,3,1,6,1,0.08,0.01,0.09,1.88,49,-96106,317274,7170,103276,56
532,DEF,223827,Daniel,Ballard,2645241,2,False,90,0,0,0,5,0,0,0,0,0,0,0,-12,28.4,0.3,11.0,4.0,10,3,4,14,1,0.14,0.00,0.14,2.82,49,-46490,279291,6303,52793,56
533,DEF,200834,Nordi,Mukiele,2645199,0,False,0,0,0,0,0,0,0,0,0,0,0,0,0,0.0,0.0,0.0,0.0,0,0,0,0,0,0.00,0.00,0.00,0.00,55,0,257772,0,0,56
533,DEF,200834,Nordi,Mukiele,2645213,9,False,90,0,0,1,0,0,0,0,0,0,0,1,28,42.6,8.0,2.0,5.3,17,4,2,19,1,0.00,0.01,0.01,0.95,55,-32999,244003,5588,38587,56
533,DEF,200834,Nordi,Mukiele,2645216,4,False,90,0,0,0,1,0,0,0,0,0,0,0,16,32.4,5.0,0.0,3.7,10,6,4,14,1,0.00,0.02,0.02,1.21,55,-3387,247977,21418,24805,56
533,DEF,200834,Nordi,Mukiele,2645233,0,False,90,0,0,0,2,0,0,0,1,0,0,0,-5,10.4,4.9,46.0,6.1,3,3,3,6,1,0.70,0.02,0.72,1.88,55,-21852,227847,6912,28764,56
533,DEF,200834,Nordi,Mukiele,2645241,0,False,90,0,0,0,5,0,0,0,0,0,0,0,5,30.2,30.5,11.0,7.2,5,3,4,9,1,0.05,0.23,0.28,2.82,54,-23536,207085,5413,28949,56
534,DEF,487676,Trai,Hume,2645199,2,False,79,0,0,0,1,0,0,0,0,0,0,0,14,9.4,39.4,13.0,6.2,1,6,3,4,1,0.04,0.27,0.31,1.69,45,0,641436,0,0,56
534,DEF,487676,Trai,Hume,2645213,6,False,90,0,0,1,0,0,0,0,0,0,0,0,24,18.6,19.1,2.0,4.0,2,4,4,6,1,0.00,0.01,0.01,0.95,45,-23752,631620,13619,37371,56
534,DEF,487676,Trai,Hume,2645216,1,False,26,0,0,0,0,0,0,0,0,0,0,0,8,3.8,0.1,0.0,0.4,0,2,2,2,0,0.00,0.00,0.00,0.45,45,-68992,528010,17561,86553,56
534,DEF,487676,Trai,Hume,2645233,0,False,0,0,0,0,0,0,0,0,0,0,0,0,0,0.0,0.0,0.0,0.0,0,0,0,0,0,0.00,0.00,0.00,0.00,44,-149674,392084,3636,153310,56
534,DEF,487676,Trai,Hume,2645241,1,False,11,0,0,0,1,0,0,0,0,0,0,0,-2,0.4,0.4,8.0,0.9,0,0,1,1,0,0.10,0.01,0.11,1.48,44,-88631,317533,1810,90441,56
535,DEF,201895,Omar,Alderete,2645199,1,False,23,0,0,0,1,0,0,0,0,0,0,0,2,0.0,0.6,0.0,0.0,0,2,0,0,0,0.00,0.01,0.01,0.10,50,0,41929,0,0,56
535,DEF,201895,Omar,Alderete,2645213,0,False,0,0,0,0,0,0,0,0,0,0,0,0,0,0.0,0.0,0.0,0.0,0,0,0,0,0,0.00,0.00,0.00,0.00,50,-2667,43620,2597,5264,56
535,DEF,201895,Omar,Alderete,2645216,0,False,0,0,0,0,0,0,0,0,0,0,0,0,0,0.0,0.0,0.0,0.0,0,0,0,0,0,0.00,0.00,0.00,0.00,50,-8564,35107,1476,10040,56
535,DEF,201895,Omar,Alderete,2645233,0,False,0,0,0,0,0,0,0,0,0,0,0,0,0,0.0,0.0,0.0,0.0,0,0,0,0,0,0.00,0.00,0.00,0.00,49,-6355,29356,401,6756,56
535,DEF,201895,Omar,Alderete,2645241,0,False,0,0,0,0,0,0,0,0,0,0,0,0,0,0.0,0.0,0.0,0.0,0,0,0,0,0,0.00,0.00,0.00,0.00,49,-3936,25847,280,4216,56
536,DEF,434399,Reinildo,Mandava,2645199,1,False,90,0,0,0,2,0,0,0,0,0,0,0,9,23.0,27.5,4.0,5.5,5,5,3,8,1,0.00,0.29,0.29,1.80,45,0,43515,0,0,56
536,DEF,434399,Reinildo,Mandava,2645213,6,False,90,0,0,1,0,0,0,0,0,0,0,0,26,16.4,6.0,2.0,2.4,6,3,1,7,1,0.00,0.01,0.01,0.95,45,-2603,44204,975,3578,56
536,DEF,434399,Reinildo,Mandava,2645216,2,False,90,0,0,0,1,0,0,0,0,0,0,0,14,14.4,1.5,0.0,1.6,4,7,3,7,1,0.00,0.01,0.01,1.21,45,-2351,41923,1972,4323,56
536,DEF,434399,Reinildo,Mandava,2645233,-2,False,90,0,0,0,2,0,0,0,0,1,0,0,-12,0.0,1.4,0.0,0.0,6,3,1,7,1,0.00,0.01,0.01,1.09,45,-4352,37836,780,5132,56
536,DEF,434399,Reinildo,Mandava,2645241,0,False,0,0,0,0,0,0,0,0,0,0,0,0,0,0.0,0.0,0.0,0.0,0,0,0,0,0,0.00,0.00,0.00,0.00,45,-9631,28357,136,9767,56
537,DEF,519634,Jenson,Seelt,2645199,0,False,0,0,0,0,0,0,0,0,0,0,0,0,0,0.0,0.0,0.0,0.0,0,0,0,0,0,0.00,0.00,0.00,0.00,45,0,941,0,0,56
537,DEF,519634,Jenson,Seelt,2645213,0,False,0,0,0,0,0,0,0,0,0,0,0,0,0,0.0,0.0,0.0,0.0,0,0,0,0,0,0.00,0.00,0.00,0.00,45,-69,1055,58,127,56
537,DEF,519634,Jenson,Seelt,2645216,0,False,0,0,0,0,0,0,0,0,0,0,0,0,0,0.0,0.0,0.0,0.0,0,0,0,0,0,0.00,0.00,0.00,0.00,45,-357,701,3,360,56
537,DEF,519634,Jenson,Seelt,2645233,0,False,0,0,0,0,0,0,0,0,0,0,0,0,0,0.0,0.0,0.0,0.0,0,0,0,0,0,0.00,0.00,0.00,0.00,45,-100,612,0,100,56
537,DEF,519634,Jenson,Seelt,2645241,0,False,0,0,0,0,0,0,0,0,0,0,0,0,0,0.0,0.0,0.0,0.0,0,0,0,0,0,0.00,0.00,0.00,0.00,45,-55,566,0,55,56
538,DEF,477547,Leo Fuhr,Hjelde,2645199,0,False,0,0,0,0,0,0,0,0,0,0,0,0,0,0.0,0.0,0.0,0.0,0,0,0,0,0,0.00,0.00,0.00,0.00,40,0,6220,0,0,56
538,DEF,477547,Leo Fuhr,Hjelde,2645213,0,False,0,0,0,0,0,0,0,0,0,0,0,0,0,0.0,0.0,0.0,0.0,0,0,0,0,0,0.00,0.00,0.00,0.00,40,-990,5174,0,990,56
538,DEF,477547,Leo Fuhr,Hjelde,2645216,0,False,0,0,0,0,0,0,0,0,0,0,0,0,0,0.0,0.0,0.0,0.0,0,0,0,0,0,0.00,0.00,0.00,0.00,40,-680,4484,0,680,56
538,DEF,477547,Leo Fuhr,Hjelde,2645233,0,False,0,0,0,0,0,0,0,0,0,0,0,0,0,0.0,0.0,0.0,0.0,0,0,0,0,0,0.00,0.00,0.00,0.00,40,-403,4107,0,403,56
538,DEF,477547,Leo Fuhr,Hjelde,2645241,0,False,0,0,0,0,0,0,0,0,0,0,0,0,0,0.0,0.0,0.0,0.0,0,0,0,0,0,0.00,0.00,0.00,0.00,40,-298,3843,0,298,56
539,DEF,167512,Luke,O'Nien,2645199,1,False,66,0,0,0,1,0,0,0,1,0,0,0,1,11.4,1.4,4.0,1.7,4,4,1,5,1,0.01,0.01,0.02,1.69,40,0,332959,0,0,56
539,DEF,167512,Luke,O'Nien,2645213,0,False,0,0,0,0,0,0,0,0,0,0,0,0,0,0.0,0.0,0.0,0.0,0,0,0,0,0,0.00,0.00,0.00,0.00,40,-12937,338160,4602,17539,56
539,DEF,167512,Luke,O'Nien,2645216,0,False,0,0,0,0,0,0,0,0,0,0,0,0,0,0.0,0.0,0.0,0.0,0,0,0,0,0,0.00,0.00,0.00,0.00,40,-27829,310001,5301,33130,56
539,DEF,167512,Luke,O'Nien,2645233,0,False,0,0,0,0,0,0,0,0,0,0,0,0,0,0.0,0.0,0.0,0.0,0,0,0,0,0,0.00,0.00,0.00,0.00,40,-31354,279659,2683,34037,56
539,DEF,167512,Luke,O'Nien,2645241,0,False,0,0,0,0,0,0,0,0,0,0,0,0,0,0.0,0.0,0.0,0.0,0,0,0,0,0,0.00,0.00,0.00,0.00,40,-23037,258432,2157,25194,56
540,DEF,105717,Arthur,Masuaku,2645199,0,False,0,0,0,0,0,0,0,0,0,0,0,0,0,0.0,0.0,0.0,0.0,0,0,0,0,0,0.00,0.00,0.00,0.00,40,0,25578,0,0,56
540,DEF,105717,Arthur,Masuaku,2645213,0,False,0,0,0,0,0,0,0,0,0,0,0,0,0,0.0,0.0,0.0,0.0,0,0,0,0,0,0.00,0.00,0.00,0.00,40,-4868,20421,0,4868,56
540,DEF,105717,Arthur,Masuaku,2645216,0,False,0,0,0,0,0,0,0,0,0,0,0,0,0,0.0,0.0,0.0,0.0,0,0,0,0,0,0.00,0.00,0.00,0.00,40,-3070,17428,0,3070,56
540,DEF,105717,Arthur,Masuaku,2645233,0,False,0,0,0,0,0,0,0,0,0,0,0,0,0,0.0,0.0,0.0,0.0,0,0,0,0,0,0.00,0.00,0.00,0.00,40,-1719,15823,0,1719,56
540,DEF,105717,Arthur,Masuaku,2645241,0,False,0,0,0,0,0,0,0,0,0,0,0,0,0,0.0,0.0,0.0,0.0,0,0,0,0,0,0.00,0.00,0.00,0.00,40,-1276,14606,0,1276,56
541,DEF,93605,Thomas,Meunier,2645199,1,False,90,0,0,0,2,0,0,0,0,0,0,0,5,13.8,5.3,11.0,3.0,2,3,2,4,1,0.08,0.08,0.16,1.80,45,0,26928,0,0,56
541,DEF,93605,Thomas,Meunier,2645213,6,False,90,0,0,1,0,0,0,0,0,0,0,0,27,22.6,20.0,9.0,5.2,8,5,0,8,1,0.02,0.05,0.07,0.95,45,-708,29834,1010,1718,56
541,DEF,93605,Thomas,Meunier,2645216,2,False,63,0,0,0,1,0,0,0,0,0,0,0,0,5.2,1.5,6.0,1.3,2,0,0,2,1,0.11,0.00,0.11,0.76,45,301,30963,2639,2338,56
541,DEF,93605,Thomas,Meunier,2645233,2,False,75,0,0,0,1,0,0,0,0,0,0,0,5,5.8,1.8,15.0,2.3,2,4,0,2,1,0.13,0.00,0.13,1.09,45,-1785,29243,781,2566,56
541,DEF,93605,Thomas,Meunier,2645241,3,False,78,0,1,0,4,0,0,0,0,0,0,0,5,22.8,12.8,2.0,3.8,2,3,2,4,1,0.00,0.45,0.45,1.34,45,-1159,28358,971,2130,56
542,MID,484420,Enzo,Le Fée,2645199,2,False,79,0,0,0,1,0,0,0,0,0,0,0,13,4.6,9.9,0.0,1.5,0,1,1,2,1,0.00,0.03,0.03,1.69,60,0,942702,0,0,56
542,MID,484420,Enzo,Le Fée,2645213,3,False,89,0,0,1,0,0,0,0,0,0,0,0,13,3.4,21.2,30.0,5.5,1,4,1,6,1,0.37,0.17,0.54,0.86,60,-103724,853085,11386,115110,56
542,MID,484420,Enzo,Le Fée,2645216,8,False,90,1,0,0,1,0,0,0,0,0,0,1,25,40.0,3.7,24.0,6.8,0,2,4,6,1,0.84,0.03,0.87,1.21,59,-256530,564317,7320,263850,56
542,MID,484420,Enzo,Le Fée,2645233,0,False,90,0,0,0,2,0,0,1,0,0,0,0,6,6.8,29.7,26.0,6.3,0,4,0,4,1,0.85,0.59,1.44,1.88,58,-137433,448859,9125,146558,56
542,MID,484420,Enzo,Le Fée,2645241,5,False,90,0,1,0,5,0,0,0,0,0,0,0,33,33.8,72.8,2.0,10.9,2,0,1,3,1,0.00,0.52,0.52,2.82,58,-95316,367322,5741,101057,56
543,MID,547027,Habib,Diarra,2645199,1,False,10,0,0,0,1,0,0,0,0,0,0,0,3,0.4,0.6,2.0,0.3,0,0,0,0,0,0.03,0.00,0.03,0.10,55,0,6286,0,0,56
543,MID,547027,Habib,Diarra,2645213,4,False,18,0,1,0,0,0,0,0,0,0,0,0,15,15.2,10.3,0.0,2.6,0,0,0,0,0,0.00,0.16,0.16,0.02,55,-842,6801,335,1177,56
543,MID,547027,Habib,Diarra,2645216,0,False,0,0,0,0,0,0,0,0,0,0,0,0,0,0.0,0.0,0.0,0.0,0,0,0,0,0,0.00,0.00,0.00,0.00,55,-2142,4664,164,2306,56
543,MID,547027,Habib,Diarra,2645233,0,False,0,0,0,0,0,0,0,0,0,0,0,0,0,0.0,0.0,0.0,0.0,0,0,0,0,0,0.00,0.00,0.00,0.00,54,-1501,3263,27,1528,56
543,MID,547027,Habib,Diarra,2645241,0,False,0,0,0,0,0,0,0,0,0,0,0,0,0,0.0,0.0,0.0,0.0,0,0,0,0,0,0.00,0.00,0.00,0.00,54,-660,2684,12,672,56
544,MID,84450,Granit,Xhaka,2645199,9,False,90,0,1,0,2,0,0,0,0,0,0,2,31,18.8,31.4,0.0,5.0,2,8,3,13,1,0.00,0.09,0.09,1.80,55,0,392611,0,0,56
544,MID,84450,Granit,Xhaka,2645213,6,False,90,0,0,1,0,0,0,0,0,0,0,3,29,20.4,57.9,0.0,7.8,1,6,0,7,1,0.00,0.36,0.36,0.95,55,24566,464299,42781,18215,56
544,MID,84450,Granit,Xhaka,2645216,3,False,90,0,0,0,1,0,0,0,1,0,0,0,12,15.2,20.5,3.0,3.9,4,9,2,15,1,0.06,0.12,0.18,1.21,55,-1951,475519,45125,47076,56
544,MID,84450,Granit,Xhaka,2645233,1,False,90,0,0,0,2,0,0,0,1,0,0,0,19,14.6,44.0,0.0,5.9,2,8,1,11,1,0.00,0.37,0.37,1.88,55,-37779,442948,23504,61283,56
544,MID,84450,Granit,Xhaka,2645241,2,False,90,0,0,0,5,0,0,0,0,0,0,0,25,24.6,37.3,0.0,6.2,3,2,3,8,1,0.00,0.38,0.38,2.82,55,-45393,405611,13122,58515,56
545,MID,577669,Noah,Sadiki,2645199,2,False,90,0,0,0,2,0,0,0,0,0,0,0,18,14.6,32.1,25.0,7.2,0,2,0,2,1,0.06,0.03,0.09,1.80,50,0,32634,0,0,56
545,MID,577669,Noah,Sadiki,2645213,3,False,90,0,0,1,0,0,0,0,0,0,0,0,21,18.4,7.8,6.0,3.2,6,2,3,11,1,0.02,0.02,0.04,0.95,50,-2332,32341,1165,3497,56
545,MID,577669,Noah,Sadiki,2645216,1,False,73,0,0,0,1,0,0,0,1,0,0,0,16,8.8,15.0,48.0,7.2,0,3,0,3,1,0.28,0.18,0.46,0.82,50,-3063,29609,1887,4950,56
545,MID,577669,Noah,Sadiki,2645233,2,False,90,0,0,0,2,0,0,0,0,0,0,0,11,11.0,1.3,1.0,1.3,4,3,3,10,1,0.04,0.00,0.04,1.88,49,-3819,26156,1090,4909,56
545,MID,577669,Noah,Sadiki,2645241,2,False,67,0,0,0,4,0,0,0,0,0,0,0,9,0.0,3.3,1.0,0.3,1,2,0,3,1,0.04,0.01,0.05,1.02,49,-2498,24166,1171,3669,56
546,MID,535818,Simon,Adingra,2645199,0,False,0,0,0,0,0,0,0,0,0,0,0,0,0,0.0,0.0,0.0,0.0,0,0,0,0,0,0.00,0.00,0.00,0.00,50,0,9551,0,0,56
546,MID,535818,Simon,Adingra,2645213,0,False,0,0,0,0,0,0,0,0,0,0,0,0,0,0.0,0.0,0.0,0.0,0,0,0,0,0,0.00,0.00,0.00,0.00,50,-3506,6042,53,3559,56
546,MID,535818,Simon,Adingra,2645216,0,False,0,0,0,0,0,0,0,0,0,0,0,0,0,0.0,0.0,0.0,0.0,0,0,0,0,0,0.00,0.00,0.00,0.00,49,-1749,4340,187,1936,56
546,MID,535818,Simon,Adingra,2645233,0,False,0,0,0,0,0,0,0,0,0,0,0,0,0,0.0,0.0,0.0,0.0,0,0,0,0,0,0.00,0.00,0.00,0.00,49,-1088,3324,0,1088,56
546,MID,535818,Simon,Adingra,2645241,0,False,0,0,0,0,0,0,0,0,0,0,0,0,0,0.0,0.0,0.0,0.0,0,0,0,0,0,0.00,0.00,0.00,0.00,49,-645,2712,0,645,56
547,MID,461199,Romaine,Mundle,2645199,0,False,0,0,0,0,0,0,0,0,0,0,0,0,0,0.0,0.0,0.0,0.0,0,0,0,0,0,0.00,0.00,0.00,0.00,50,0,801,0,0,56
547,MID,461199,Romaine,Mundle,2645213,1,False,1,0,0,0,0,0,0,0,0,0,0,0,2,8.0,0.1,17.0,2.5,1,0,0,1,0,0.17,0.00,0.17,0.09,50,-110,822,40,150,56
547,MID,461199,Romaine,Mundle,2645216,0,False,0,0,0,0,0,0,0,0,0,0,0,0,0,0.0,0.0,0.0,0.0,0,0,0,0,0,0.00,0.00,0.00,0.00,50,-51,810,83,134,56
547,MID,461199,Romaine,Mundle,2645233,0,False,0,0,0,0,0,0,0,0,0,0,0,0,0,0.0,0.0,0.0,0.0,0,0,0,0,0,0.00,0.00,0.00,0.00,49,-146,691,53,199,56
547,MID,461199,Romaine,Mundle,2645241,0,False,0,0,0,0,0,0,0,0,0,0,0,0,0,0.0,0.0,0.0,0.0,0,0,0,0,0,0.00,0.00,0.00,0.00,49,-120,586,15,135,56
548,MID,554197,Chris,Rigg,2645199,1,False,10,0,0,0,1,0,0,0,0,0,0,0,3,0.0,0.3,0.0,0.0,0,1,0,1,0,0.00,0.00,0.00,0.10,50,0,6214,0,0,56
548,MID,554197,Chris,Rigg,2645213,1,False,7,0,0,0,0,0,0,0,0,0,0,0,3,0.0,0.0,0.0,0.0,0,0,0,0,0,0.00,0.00,0.00,0.34,50,-521,6409,99,620,56
548,MID,554197,Chris,Rigg,2645216,0,False,0,0,0,0,0,0,0,0,0,0,0,0,0,0.0,0.0,0.0,0.0,0,0,0,0,0,0.00,0.00,0.00,0.00,50,-719,5751,143,862,56
548,MID,554197,Chris,Rigg,2645233,0,False,0,0,0,0,0,0,0,0,0,0,0,0,0,0.0,0.0,0.0,0.0,0,0,0,0,0,0.00,0.00,0.00,0.00,49,-504,5378,130,634,56
548,MID,554197,Chris,Rigg,2645241,0,False,0,0,0,0,0,0,0,0,0,0,0,0,0,0.0,0.0,0.0,0.0,0,0,0,0,0,0.00,0.00,0.00,0.00,49,-439,4992,65,504,56
549,MID,549912,Chemsdine,Talbi,2645199,1,False,31,0,0,0,1,0,0,0,0,0,0,0,1,0.0,0.9,0.0,0.0,0,2,0,2,0,0.00,0.00,0.00,0.14,55,0,20822,0,0,56
549,MID,549912,Chemsdine,Talbi,2645213,0,False,0,0,0,0,0,0,0,0,0,0,0,0,0,0.0,0.0,0.0,0.0,0,0,0,0,0,0.00,0.00,0.00,0.00,55,-2560,20684,284,2844,56
549,MID,549912,Chemsdine,Talbi,2645216,0,False,0,0,0,0,0,0,0,0,0,0,0,0,0,0.0,0.0,0.0,0.0,0,0,0,0,0,0.00,0.00,0.00,0.00,54,-3700,17189,427,4127,56
549,MID,549912,Chemsdine,Talbi,2645233,0,False,0,0,0,0,0,0,0,0,0,0,0,0,0,0.0,0.0,0.0,0.0,0,0,0,0,0,0.00,0.00,0.00,0.00,54,-2338,15167,214,2552,56
549,MID,549912,Chemsdine,Talbi,2645241,0,False,0,0,0,0,0,0,0,0,0,0,0,0,0,0.0,0.0,0.0,0.0,0,0,0,0,0,0.00,0.00,0.00,0.00,53,-1389,14043,308,1697,56
550,MID,699989,Djiamgone Jocelin Ta,Bi,2645199,0,False,0,0,0,0,0,0,0,0,0,0,0,0,0,0.0,0.0,0.0,0.0,0,0,0,0,0,0.00,0.00,0.00,0.00,50,0,501,0,0,56
550,MID,699989,Djiamgone Jocelin Ta,Bi,2645213,0,False,0,0,0,0,0,0,0,0,0,0,0,0,0,0.0,0.0,0.0,0.0,0,0,0,0,0,0.00,0.00,0.00,0.00,50,-50,569,51,101,56
550,MID,699989,Djiamgone Jocelin Ta,Bi,2645216,0,False,0,0,0,0,0,0,0,0,0,0,0,0,0,0.0,0.0,0.0,0.0,0,0,0,0,0,0.00,0.00,0.00,0.00,50,-21,602,80,101,56
550,MID,699989,Djiamgone Jocelin Ta,Bi,2645233,0,False,0,0,0,0,0,0,0,0,0,0,0,0,0,0.0,0.0,0.0,0.0,0,0,0,0,0,0.00,0.00,0.00,0.00,50,-12,630,79,91,56
550,MID,699989,Djiamgone Jocelin Ta,Bi,2645241,0,False,0,0,0,0,0,0,0,0,0,0,0,0,0,0.0,0.0,0.0,0.0,0,0,0,0,0,0.00,0.00,0.00,0.00,50,-24,627,64,88,56
551,MID,536661,Nilson,Angulo,2645199,5,False,58,1,0,0,1,0,0,0,1,0,0,0,23,32.8,3.3,16.0,5.2,1,5,1,7,1,0.15,0.01,0.16,1.66,50,0,5260,0,0,56
551,MID,536661,Nilson,Angulo,2645213,3,False,64,0,0,1,0,0,0,0,0,0,0,0,13,7.2,16.7,0.0,2.4,0,4,1,5,1,0.00,0.04,0.04,0.58,50,3964,13112,5343,1379,56
551,MID,536661,Nilson,Angulo,2645216,2,False,63,0,0,0,1,0,0,0,0,0,0,0,11,8.6,5.7,16.0,3.0,1,3,1,5,1,0.00,0.07,0.07,0.76,50,1656,15646,4768,3112,56
551,MID,536661,Nilson,Angulo,2645233,2,False,69,0,0,0,1,0,0,0,0,0,0,0,7,2.2,0.9,2.0,0.5,0,1,2,3,1,0.00,0.00,0.00,0.81,50,-1700,14020,1450,3150,56
551,MID,536661,Nilson,Angulo,2645241,4,False,59,0,1,0,4,0,0,0,0,0,0,0,13,21.4,11.7,13.0,4.6,3,1,0,4,1,0.45,0.01,0.46,0.75,50,-1429,12830,718,2147,56
552,FWD,441264,Brian,Brobbey,2645199,2,False,66,0,0,0,1,0,0,0,0,0,0,0,1,0.0,1.5,9.0,1.1,0,0,0,0,1,0.30,0.00,0.30,1.69,60,0,1279847,0,0,56
552,FWD,441264,Brian,Brobbey,2645213,2,False,63,0,0,1,0,0,0,0,0,0,0,0,5,0.0,2.8,6.0,0.7,1,3,0,4,1,0.03,0.00,0.03,0.58,60,-81358,1261093,38269,119627,56
552,FWD,441264,Brian,Brobbey,2645216,2,False,90,0,0,0,1,0,0,0,0,0,0,0,11,4.4,37.1,29.0,7.1,0,3,0,3,1,0.26,0.06,0.32,1.21,59,-321733,912046,27284,349017,56
552,FWD,441264,Brian,Brobbey,2645233,1,False,90,0,0,0,2,0,0,0,1,0,0,0,4,0.0,11.5,14.0,2.4,0,4,0,4,1,0.00,0.01,0.01,1.88,58,-246486,701070,13895,260381,56
552,FWD,441264,Brian,Brobbey,2645241,17,False,90,3,0,0,5,0,0,0,0,0,0,3,92,104.0,16.1,84.0,20.4,0,0,0,0,1,2.35,0.04,2.39,2.82,58,-145137,577036,12010,157147,56
553,FWD,437505,Wilson,Isidor,2645199,1,False,23,0,0,0,1,0,0,0,0,0,0,0,3,0.0,0.2,0.0,0.0,0,0,0,0,0,0.00,0.00,0.00,0.10,55,0,90196,0,0,56
553,FWD,437505,Wilson,Isidor,2645213,8,False,26,1,0,0,0,0,0,0,0,0,0,3,29,29.2,0.1,25.0,5.4,0,0,0,0,0,1.39,0.00,1.39,0.37,55,-10451,85703,2470,12921,56
553,FWD,437505,Wilson,Isidor,2645216,4,False,26,0,1,0,0,0,0,0,0,0,0,0,15,0.2,0.3,10.0,1.1,0,2,0,2,0,0.10,0.01,0.11,0.45,55,21273,116229,35830,14557,56
553,FWD,437505,Wilson,Isidor,2645233,1,False,20,0,0,0,1,0,0,0,0,0,0,0,1,1.2,0.1,0.0,0.1,0,0,1,1,0,0.00,0.00,0.00,1.07,55,25312,163059,47557,22245,56
553,FWD,437505,Wilson,Isidor,2645241,1,False,22,0,0,0,1,0,0,0,0,0,0,0,3,0.2,0.3,0.0,0.1,0,1,1,2,0,0.00,0.00,0.00,1.79,55,-18986,143906,6445,25431,56
612,DEF,638411,Dayann,Méthalie,2645213,0,False,0,0,0,0,0,0,0,0,0,0,0,0,0,0.0,0.0,0.0,0.0,0,0,0,0,0,0.00,0.00,0.00,0.00,45,68,156,95,27,56
612,DEF,638411,Dayann,Méthalie,2645216,0,False,0,0,0,0,0,0,0,0,0,0,0,0,0,0.0,0.0,0.0,0.0,0,0,0,0,0,0.00,0.00,0.00,0.00,45,262,632,362,100,56
612,DEF,638411,Dayann,Méthalie,2645233,0,False,0,0,0,0,0,0,0,0,0,0,0,0,0,0.0,0.0,0.0,0.0,0,0,0,0,0,0.00,0.00,0.00,0.00,45,-16,710,187,203,56
612,DEF,638411,Dayann,Méthalie,2645241,-1,False,90,0,0,0,5,0,0,0,1,0,0,0,-8,8.0,2.0,2.0,1.2,2,4,1,3,1,0.03,0.01,0.04,2.82,45,49,834,145,96,56
613,MID,696104,Jules,Ahoka,2645213,0,False,0,0,0,0,0,0,0,0,0,0,0,0,0,0.0,0.0,0.0,0.0,0,0,0,0,0,0.00,0.00,0.00,0.00,45,2077,6052,2475,398,56
613,MID,696104,Jules,Ahoka,2645216,0,False,0,0,0,0,0,0,0,0,0,0,0,0,0,0.0,0.0,0.0,0.0,0,0,0,0,0,0.00,0.00,0.00,0.00,45,8884,27345,13182,4298,56
613,MID,696104,Jules,Ahoka,2645233,0,False,0,0,0,0,0,0,0,0,0,0,0,0,0,0.0,0.0,0.0,0.0,0,0,0,0,0,0.00,0.00,0.00,0.00,45,2550,29307,6933,4383,56
613,MID,696104,Jules,Ahoka,2645241,0,False,0,0,0,0,0,0,0,0,0,0,0,0,0,0.0,0.0,0.0,0.0,0,0,0,0,0,0.00,0.00,0.00,0.00,45,-1414,26173,2205,3619,56
646,MID,549940,Malick,Fofana,2645216,1,False,16,0,0,0,0,0,0,0,0,0,0,0,3,0.0,0.5,0.0,0.1,0,0,0,0,0,0.00,0.00,0.00,0.39,55,1832,2246,2071,239,56
646,MID,549940,Malick,Fofana,2645233,1,False,14,0,0,0,1,0,0,0,0,0,0,0,2,0.0,0.8,6.0,0.6,0,0,0,0,0,0.00,0.00,0.00,0.79,55,636,3125,1193,557,56
646,MID,549940,Malick,Fofana,2645241,1,False,30,0,0,0,1,0,0,0,0,0,0,0,6,12.4,0.8,38.0,5.1,0,2,1,3,0,0.39,0.01,0.40,2.07,55,-160,3082,472,632,56
651,FWD,661313,Juan,Angulo,2645216,0,False,0,0,0,0,0,0,0,0,0,0,0,0,0,0.0,0.0,0.0,0.0,0,0,0,0,0,0.00,0.00,0.00,0.00,45,14103,27023,15939,1836,56
651,FWD,661313,Juan,Angulo,2645233,0,False,0,0,0,0,0,0,0,0,0,0,0,0,0,0.0,0.0,0.0,0.0,0,0,0,0,0,0.00,0.00,0.00,0.00,45,22849,53783,32385,9536,56
651,FWD,661313,Juan,Angulo,2645241,0,False,0,0,0,0,0,0,0,0,0,0,0,0,0,0.0,0.0,0.0,0.0,0,0,0,0,0,0.00,0.00,0.00,0.00,45,21901,87358,33544,11643,56
